postcode,record_count,min_tair_stored,max_tair_stored,unique_day_count,unique_hour_count,represented_hours_with_weight_5,min_air_temp_c,max_air_temp_c
0800,1752,1906.333374,3213.666748,73,24,8760,19.06333374,32.13666748
0810,1752,2018.291626,3166.75,73,24,8760,20.18291626,31.6675
0812,1752,1881.1842041,3226.2104492,73,24,8760,18.811842041,32.262104492
0820,1752,1887.621582,3223.6757812,73,24,8760,18.87621582,32.236757812
0822,1752,1681.1312256,3493.9057617,73,24,8760,16.811312256,34.939057616999996
0828,1752,1758.291626,3292.291748,73,24,8760,17.58291626,32.92291748
0829,1752,1725.3863525,3348.25,73,24,8760,17.253863525,33.4825
0830,1752,1781.6401367,3293.3598633,73,24,8760,17.816401367,32.933598633
0832,1752,1713.833374,3355.833252,73,24,8760,17.13833374,33.55833252
0834,1752,1696.4848633,3403.3029785,73,24,8760,16.964848633,34.033029785
0835,1752,1704.125,3401.7875977,73,24,8760,17.04125,34.017875976999996
0836,1752,1686.697876,3498.6833496,73,24,8760,16.86697876,34.986833496
0837,1752,1667.3226318,3580.2177734,73,24,8760,16.673226318,35.802177734000004
0838,1752,1670.75,3503.5227051,73,24,8760,16.7075,35.035227051
0839,1752,1703.0,3402.0,73,24,8760,17.03,34.02
0840,1752,1788.5186768,3284.1796875,73,24,8760,17.885186768,32.841796875
0841,1752,1673.298584,3552.173584,73,24,8760,16.732985839999998,35.52173584
0845,1752,1674.0264893,3616.6193848,73,24,8760,16.740264893000003,36.166193848
0846,1752,1639.3630371,3678.3356934,73,24,8760,16.393630371,36.783356934
0847,1752,1518.1049805,3583.0100098,73,24,8760,15.181049805,35.830100097999996
0850,1752,1416.7919922,3708.4360352,73,24,8760,14.167919922000001,37.084360352
0852,1752,1311.6402588,3644.0373535,73,24,8760,13.116402588000001,36.440373535
0853,1752,1420.2702637,3698.2431641,73,24,8760,14.202702637,36.982431641
0854,1752,1307.333374,3637.8666992,73,24,8760,13.07333374,36.378666992
0860,1752,1225.1351318,3637.810791,73,24,8760,12.251351318,36.37810791
0862,1752,1262.3509521,3672.2641602,73,24,8760,12.623509521,36.722641601999996
0870,1752,452.6842041,3563.4912109,73,24,8760,4.526842041,35.634912109
0872,1752,792.5204468,3681.6723633,73,24,8760,7.925204468,36.816723633
0873,1752,450.6303101,3586.333252,73,24,8760,4.506303100999999,35.86333252
0874,1752,455.2816772,3531.7043457,73,24,8760,4.552816772,35.317043457
0875,1752,452.0740662,3531.0,73,24,8760,4.520740662,35.31
0880,1752,2094.2390137,3197.043457,73,24,8760,20.942390137000004,31.970434570000002
0885,1752,1831.0,3235.0,73,24,8760,18.31,32.35
0886,1752,1784.75,3727.5,73,24,8760,17.8475,37.275
2000,1752,814.5,2559.5,73,24,8760,8.145,25.595
2007,1752,776.0,2603.0,73,24,8760,7.76,26.03
2008,1752,762.0,2619.0,73,24,8760,7.62,26.19
2009,1752,778.5,2602.0,73,24,8760,7.785,26.02
2010,1752,809.0,2568.0,73,24,8760,8.09,25.68
2011,1752,850.333313,2546.333252,73,24,8760,8.50333313,25.463332519999998
2015,1752,768.666687,2616.0,73,24,8760,7.68666687,26.16
2016,1752,776.0,2603.0,73,24,8760,7.76,26.03
2017,1752,784.0,2595.666748,73,24,8760,7.84,25.95666748
2018,1752,802.5,2581.0,73,24,8760,8.025,25.81
2019,1752,851.5,2546.166748,73,24,8760,8.515,25.461667480000003
2020,1752,798.3846436,2587.5385742,73,24,8760,7.983846436,25.875385742
2021,1752,838.4000244,2547.1999512,73,24,8760,8.384000244,25.471999512000004
2022,1752,909.5,2490.5,73,24,8760,9.095,24.905
2023,1752,925.0,2488.666748,73,24,8760,9.25,24.88666748
2024,1752,1012.0,2444.0,73,24,8760,10.12,24.44
2025,1752,872.0,2525.0,73,24,8760,8.72,25.25
2026,1752,1011.25,2447.5,73,24,8760,10.1125,24.475
2027,1752,904.0,2511.5,73,24,8760,9.04,25.115
2028,1752,885.0,2522.0,73,24,8760,8.85,25.22
2029,1752,983.333313,2462.666748,73,24,8760,9.83333313,24.626667480000002
2030,1752,1024.0,2440.666748,73,24,8760,10.24,24.40666748
2031,1752,909.2857056,2499.8571777,73,24,8760,9.092857056,24.998571777000002
2032,1752,850.5,2539.5,73,24,8760,8.505,25.395
2033,1752,814.75,2564.75,73,24,8760,8.1475,25.6475
2034,1752,969.0,2467.0,73,24,8760,9.69,24.67
2035,1752,888.7999878,2520.3999023,73,24,8760,8.887999878,25.203999023
2036,1752,963.5999756,2473.0666504,73,24,8760,9.635999756,24.730666504000002
2037,1752,761.0,2620.0,73,24,8760,7.61,26.2
2038,1752,744.0,2645.5,73,24,8760,7.44,26.455
2039,1752,753.0,2631.0,73,24,8760,7.53,26.31
2040,1752,731.5,2662.333252,73,24,8760,7.315,26.623332519999998
2041,1752,757.25,2626.25,73,24,8760,7.5725,26.2625
2042,1752,752.5,2634.0,73,24,8760,7.525,26.34
2043,1752,762.0,2622.0,73,24,8760,7.62,26.22
2044,1752,755.666687,2630.0,73,24,8760,7.55666687,26.3
2045,1752,718.333313,2681.333252,73,24,8760,7.183333129999999,26.81333252
2046,1752,709.666687,2695.666748,73,24,8760,7.09666687,26.95666748
2047,1752,723.0,2677.666748,73,24,8760,7.23,26.77666748
2048,1752,742.0,2649.0,73,24,8760,7.42,26.49
2049,1752,732.5,2660.0,73,24,8760,7.325,26.6
2050,1752,750.0,2636.0,73,24,8760,7.5,26.36
2060,1752,790.0,2586.0,73,24,8760,7.9,25.86
2061,1752,838.0,2550.0,73,24,8760,8.38,25.5
2062,1752,792.0,2577.0,73,24,8760,7.92,25.77
2063,1752,782.0,2591.0,73,24,8760,7.82,25.91
2064,1752,746.0,2614.666748,73,24,8760,7.46,26.14666748
2065,1752,761.7999878,2614.1999512,73,24,8760,7.617999878000001,26.141999512
2066,1752,727.7000122,2663.3999023,73,24,8760,7.277000122,26.633999023
2067,1752,730.7999878,2644.0,73,24,8760,7.307999878,26.44
2068,1752,764.0,2603.333252,73,24,8760,7.64,26.03333252
2069,1752,743.666687,2628.777832,73,24,8760,7.43666687,26.28777832
2070,1752,714.4285889,2671.4284668,73,24,8760,7.144285889,26.714284668
2071,1752,714.875,2662.625,73,24,8760,7.14875,26.62625
2072,1752,702.5,2670.25,73,24,8760,7.025,26.7025
2073,1752,693.0999756,2682.3999023,73,24,8760,6.930999756,26.823999023000002
2074,1752,688.5908813,2674.3181152,73,24,8760,6.8859088129999995,26.743181152000002
2075,1752,706.4117432,2658.5881348,73,24,8760,7.064117432000001,26.585881347999997
2076,1752,675.6428833,2668.4284668,73,24,8760,6.756428833,26.684284668
2077,1752,666.956543,2691.956543,73,24,8760,6.6695654300000005,26.91956543
2079,1752,677.4545288,2681.5454102,73,24,8760,6.7745452880000006,26.815454102
2080,1752,679.7272949,2678.0908203,73,24,8760,6.797272949,26.780908203
2081,1752,701.6976929,2649.7441406,73,24,8760,7.016976929,26.497441405999997
2082,1752,678.888916,2680.4443359,73,24,8760,6.78888916,26.804443359
2083,1752,737.3255615,2612.6977539,73,24,8760,7.373255615000001,26.126977539
2084,1752,774.9158936,2583.9064941,73,24,8760,7.749158936,25.839064941
2085,1752,734.9411621,2621.3530273,73,24,8760,7.349411621000001,26.213530273
2086,1752,757.75,2598.625,73,24,8760,7.5775,25.98625
2087,1752,756.2000122,2610.1999512,73,24,8760,7.562000122,26.101999512000003
2088,1752,875.1428833,2515.4284668,73,24,8760,8.751428833,25.154284668
2089,1752,818.0,2552.0,73,24,8760,8.18,25.52
2090,1752,825.5,2548.0,73,24,8760,8.255,25.48
2092,1752,821.0,2557.75,73,24,8760,8.21,25.5775
2093,1752,886.4285889,2517.1428223,73,24,8760,8.864285889,25.171428223
2094,1752,903.0,2511.0,73,24,8760,9.03,25.11
2095,1752,1012.0,2444.5,73,24,8760,10.12,24.445
2096,1752,946.5,2487.25,73,24,8760,9.465,24.8725
2097,1752,966.4285889,2477.1428223,73,24,8760,9.664285889,24.771428222999997
2099,1752,852.277771,2537.222168,73,24,8760,8.52277771,25.37222168
2100,1752,823.0,2545.6154785,73,24,8760,8.23,25.456154785
2101,1752,832.333313,2541.4443359,73,24,8760,8.32333313,25.414443359000003
2102,1752,913.75,2504.25,73,24,8760,9.1375,25.0425
2103,1752,958.5714111,2482.2856445,73,24,8760,9.585714111,24.822856445000003
2104,1752,909.75,2500.75,73,24,8760,9.0975,25.0075
2105,1752,892.0,2499.0,73,24,8760,8.92,24.99
2106,1752,1010.0,2453.333252,73,24,8760,10.1,24.53333252
2107,1752,1004.111084,2449.333252,73,24,8760,10.04111084,24.49333252
2108,1752,954.333313,2475.0,73,24,8760,9.54333313,24.75
2110,1752,720.166687,2678.833252,73,24,8760,7.20166687,26.788332519999997
2111,1752,703.2000122,2699.8000488,73,24,8760,7.0320001219999995,26.998000488
2112,1752,689.777771,2704.5556641,73,24,8760,6.897777710000001,27.045556640999997
2113,1752,697.6363525,2700.7272949,73,24,8760,6.976363525,27.007272948999997
2114,1752,678.5714111,2725.0,73,24,8760,6.785714111,27.25
2115,1752,669.7999878,2739.1999512,73,24,8760,6.697999878000001,27.391999512
2116,1752,661.0,2762.0,73,24,8760,6.61,27.62
2117,1752,659.5,2751.125,73,24,8760,6.595,27.51125
2118,1752,655.1428833,2734.7143555,73,24,8760,6.551428833,27.347143555
2119,1752,660.2857056,2707.2856445,73,24,8760,6.602857056,27.072856445000003
2120,1752,661.25,2701.6875,73,24,8760,6.6125,27.016875
2121,1752,669.9091187,2711.3635254,73,24,8760,6.6990911870000005,27.113635254000002
2122,1752,680.5,2708.0,73,24,8760,6.805,27.08
2125,1752,648.111084,2725.4443359,73,24,8760,6.48111084,27.254443359000003
2126,1752,645.8571167,2701.5715332,73,24,8760,6.458571167,27.015715332
2127,1752,678.125,2739.625,73,24,8760,6.78125,27.39625
2128,1752,669.0,2753.666748,73,24,8760,6.69,27.536667480000002
2130,1752,719.0,2677.0,73,24,8760,7.19,26.77
2131,1752,713.5,2684.5,73,24,8760,7.135,26.845
2132,1752,705.5,2698.0,73,24,8760,7.055,26.98
2133,1752,701.333313,2703.666748,73,24,8760,7.0133331299999995,27.036667480000002
2134,1752,698.666687,2707.333252,73,24,8760,6.9866668700000005,27.073332519999997
2135,1752,689.0,2717.1428223,73,24,8760,6.89,27.171428223
2136,1752,685.5,2717.5,73,24,8760,6.855,27.175
2137,1752,693.25,2716.875,73,24,8760,6.9325,27.16875
2138,1752,686.0,2728.5,73,24,8760,6.86,27.285
2140,1752,683.333313,2726.333252,73,24,8760,6.83333313,27.26333252
2141,1752,672.3076782,2735.8461914,73,24,8760,6.723076782000001,27.358461914
2142,1752,656.7999878,2766.3999023,73,24,8760,6.567999878,27.663999023000002
2143,1752,666.2000122,2733.6000977,73,24,8760,6.662000121999999,27.336000976999998
2144,1752,661.75,2755.0,73,24,8760,6.6175,27.55
2145,1752,626.7930908,2791.6896973,73,24,8760,6.267930907999999,27.916896972999997
2146,1752,626.2000122,2806.0,73,24,8760,6.262000122,28.06
2147,1752,615.9411621,2808.2353516,73,24,8760,6.159411621,28.082353515999998
2148,1752,602.7297363,2816.7026367,73,24,8760,6.027297363,28.167026367
2150,1752,650.2000122,2777.3999023,73,24,8760,6.502000121999999,27.773999023000002
2151,1752,647.0908813,2770.8181152,73,24,8760,6.470908812999999,27.708181152
2152,1752,640.4000244,2781.6000977,73,24,8760,6.404000244,27.816000976999998
2153,1752,626.416687,2780.166748,73,24,8760,6.26416687,27.801667480000003
2154,1752,632.1904907,2749.5239258,73,24,8760,6.321904907,27.495239258
2155,1752,603.8204956,2823.0512695,73,24,8760,6.0382049559999995,28.230512695
2156,1752,611.9000244,2799.6166992,73,24,8760,6.119000244,27.996166992
2157,1752,618.5200195,2750.0800781,73,24,8760,6.185200195,27.500800781
2158,1752,637.166687,2714.7619629,73,24,8760,6.37166687,27.147619629
2159,1752,646.3203125,2705.7421875,73,24,8760,6.463203125,27.057421875
2160,1752,643.111084,2775.888916,73,24,8760,6.43111084,27.75888916
2161,1752,643.9091187,2777.9091797,73,24,8760,6.439091187,27.779091797
2162,1752,656.166687,2754.833252,73,24,8760,6.56166687,27.54833252
2163,1752,648.25,2774.875,73,24,8760,6.4825,27.74875
2164,1752,617.4285889,2807.1428223,73,24,8760,6.174285889,28.071428222999998
2165,1752,631.916687,2798.416748,73,24,8760,6.31916687,27.98416748
2166,1752,632.5333252,2795.7333984,73,24,8760,6.325333252,27.957333984
2167,1752,624.7142944,2789.1428223,73,24,8760,6.247142944,27.891428223
2168,1752,608.9230957,2807.3076172,73,24,8760,6.089230957,28.073076172
2170,1752,629.7407227,2790.666748,73,24,8760,6.297407227,27.90666748
2171,1752,594.9545288,2813.7272949,73,24,8760,5.949545288,28.137272949
2172,1752,658.5,2759.0,73,24,8760,6.585,27.59
2173,1752,650.6021118,2689.6125488,73,24,8760,6.506021118,26.896125488
2174,1752,608.666687,2800.833252,73,24,8760,6.08666687,28.00833252
2175,1752,589.1904907,2813.0,73,24,8760,5.891904907000001,28.13
2176,1752,607.7368164,2808.842041,73,24,8760,6.077368163999999,28.088420409999998
2177,1752,608.2000122,2804.8000488,73,24,8760,6.082000121999999,28.048000488
2178,1752,575.3148193,2838.9443359,73,24,8760,5.7531481929999995,28.389443359
2179,1752,582.7567749,2810.6486816,73,24,8760,5.827567749,28.106486816
2190,1752,679.5,2717.625,73,24,8760,6.795,27.17625
2191,1752,695.0,2710.333252,73,24,8760,6.95,27.10333252
2192,1752,700.666687,2696.333252,73,24,8760,7.00666687,26.963332519999998
2193,1752,714.333313,2687.0,73,24,8760,7.143333129999999,26.87
2194,1752,707.333313,2694.666748,73,24,8760,7.07333313,26.946667480000002
2195,1752,693.25,2705.25,73,24,8760,6.9325,27.0525
2196,1752,688.0,2718.0,73,24,8760,6.88,27.18
2197,1752,657.0,2750.666748,73,24,8760,6.57,27.50666748
2198,1752,654.0,2761.0,73,24,8760,6.54,27.61
2199,1752,664.0,2738.75,73,24,8760,6.64,27.3875
2200,1752,665.666687,2746.0,73,24,8760,6.6566668700000005,27.46
2203,1752,724.5,2668.5,73,24,8760,7.245,26.685
2204,1752,739.333313,2651.833252,73,24,8760,7.393333129999999,26.518332519999998
2205,1752,753.666687,2630.333252,73,24,8760,7.53666687,26.303332519999998
2206,1752,728.833313,2664.166748,73,24,8760,7.28833313,26.641667480000002
2207,1752,728.0,2659.4284668,73,24,8760,7.28,26.594284668
2208,1752,710.7999878,2682.8000488,73,24,8760,7.107999878,26.828000487999997
2209,1752,700.7999878,2694.1999512,73,24,8760,7.007999878000001,26.941999512000002
2210,1752,690.333313,2713.4443359,73,24,8760,6.90333313,27.134443359000002
2211,1752,679.666687,2727.5556641,73,24,8760,6.79666687,27.275556640999998
2212,1752,670.2000122,2740.0,73,24,8760,6.702000121999999,27.4
2213,1752,667.583313,2743.166748,73,24,8760,6.67583313,27.43166748
2214,1752,656.0,2763.333252,73,24,8760,6.56,27.63333252
2216,1752,759.0,2622.166748,73,24,8760,7.59,26.22166748
2217,1752,769.2000122,2610.8000488,73,24,8760,7.692000122,26.108000488
2218,1752,742.5,2636.75,73,24,8760,7.425,26.3675
2219,1752,789.666687,2590.0,73,24,8760,7.896666870000001,25.9
2220,1752,721.75,2657.5,73,24,8760,7.2175,26.575
2221,1752,739.5999756,2639.8000488,73,24,8760,7.395999756,26.398000487999997
2222,1752,714.0,2665.5,73,24,8760,7.14,26.655
2223,1752,708.25,2680.375,73,24,8760,7.0825,26.80375
2224,1752,754.25,2621.25,73,24,8760,7.5425,26.2125
2225,1752,723.0,2662.0,73,24,8760,7.23,26.62
2226,1752,713.666687,2668.166748,73,24,8760,7.13666687,26.68166748
2227,1752,774.666687,2595.333252,73,24,8760,7.74666687,25.95333252
2228,1752,783.333313,2589.0,73,24,8760,7.83333313,25.89
2229,1752,831.0,2548.777832,73,24,8760,8.31,25.487778320000004
2230,1752,902.9000244,2503.8999023,73,24,8760,9.029000244,25.038999023000002
2231,1752,925.4091187,2494.9091797,73,24,8760,9.254091187,24.949091797
2232,1752,828.9673462,2534.0393066,73,24,8760,8.289673462,25.340393066
2233,1752,702.9755859,2622.3901367,73,24,8760,7.029755859000001,26.223901367
2234,1752,682.0789185,2688.5527344,73,24,8760,6.820789185,26.885527344000003
2250,1752,645.0856323,2687.6096191,73,24,8760,6.450856323,26.876096191000002
2251,1752,879.0444336,2526.4443359,73,24,8760,8.790444336,25.264443359
2256,1752,771.9705811,2585.4558105,73,24,8760,7.719705811,25.854558105000002
2257,1752,915.0606079,2505.0908203,73,24,8760,9.150606079000001,25.050908203
2258,1752,675.9262085,2665.4753418,73,24,8760,6.7592620850000005,26.654753418
2259,1752,663.3942871,2686.2990723,73,24,8760,6.633942871,26.862990723
2260,1752,894.6087036,2520.4782715,73,24,8760,8.946087036,25.204782715
2261,1752,838.3508911,2560.6843262,73,24,8760,8.383508911,25.606843262
2262,1752,770.4545288,2614.5454102,73,24,8760,7.704545288,26.145454102
2263,1752,819.291687,2583.625,73,24,8760,8.19291687,25.83625
2264,1752,662.9224243,2723.5861816,73,24,8760,6.6292242429999995,27.235861816
2265,1752,639.6642456,2728.8977051,73,24,8760,6.3966424559999995,27.288977051000003
2267,1752,731.0,2656.333252,73,24,8760,7.31,26.56333252
2278,1752,657.8292847,2760.1706543,73,24,8760,6.578292847,27.601706543
2280,1752,855.6896362,2571.6896973,73,24,8760,8.556896362,25.716896972999997
2281,1752,907.2424316,2530.2121582,73,24,8760,9.072424316000001,25.302121581999998
2282,1752,726.75,2674.583252,73,24,8760,7.2675,26.74583252
2283,1752,683.4127197,2716.8730469,73,24,8760,6.834127197,27.168730469000003
2284,1752,681.2857056,2733.5356445,73,24,8760,6.812857056,27.335356445000002
2285,1752,688.387085,2729.9355469,73,24,8760,6.883870849999999,27.299355469
2286,1752,656.9642944,2763.5,73,24,8760,6.569642944,27.635
2287,1752,684.2973022,2748.189209,73,24,8760,6.842973022,27.481892090000002
2289,1752,802.166687,2613.416748,73,24,8760,8.02166687,26.134167480000002
2290,1752,865.4000244,2570.2856445,73,24,8760,8.654000244,25.702856445000002
2291,1752,948.333313,2527.666748,73,24,8760,9.48333313,25.27666748
2292,1752,785.333313,2636.333252,73,24,8760,7.853333129999999,26.36333252
2294,1752,819.0,2613.5,73,24,8760,8.19,26.135
2295,1752,934.2307739,2551.7692871,73,24,8760,9.342307739,25.517692870999998
2296,1752,805.0,2622.0,73,24,8760,8.05,26.22
2297,1752,783.0,2641.0,73,24,8760,7.83,26.41
2298,1752,742.75,2674.25,73,24,8760,7.4275,26.7425
2300,1752,1001.0,2507.6000977,73,24,8760,10.01,25.076000977
2302,1752,844.0,2592.0,73,24,8760,8.44,25.92
2303,1752,863.333313,2580.333252,73,24,8760,8.63333313,25.803332519999998
2304,1752,744.0270386,2690.621582,73,24,8760,7.440270386,26.906215820000003
2305,1752,753.111084,2654.666748,73,24,8760,7.53111084,26.54666748
2306,1752,780.5,2622.0,73,24,8760,7.805,26.22
2307,1752,696.875,2736.875,73,24,8760,6.96875,27.36875
2308,1752,718.5,2702.5,73,24,8760,7.185,27.025
2311,1752,560.2766724,2783.1130371,73,24,8760,5.602766724,27.831130371
2312,1752,730.7825928,2728.3913574,73,24,8760,7.307825928,27.283913574
2315,1752,984.5,2522.5292969,73,24,8760,9.845,25.225292969
2316,1752,942.9333496,2550.5600586,73,24,8760,9.429333496,25.505600586
2317,1752,859.333313,2603.5556641,73,24,8760,8.59333313,26.035556641
2318,1752,771.5457764,2692.5075684,73,24,8760,7.715457764,26.925075684
2319,1752,842.9000244,2616.6333008,73,24,8760,8.429000244000001,26.166333008000002
2320,1752,607.5767212,2881.25,73,24,8760,6.075767212,28.8125
2321,1752,653.3499756,2848.9472656,73,24,8760,6.533499756,28.489472655999997
2322,1752,671.4107056,2790.8273926,73,24,8760,6.7141070560000005,27.908273926000003
2323,1752,638.9514771,2796.6845703,73,24,8760,6.389514771,27.966845703
2324,1752,739.8936768,2736.4714355,73,24,8760,7.3989367679999996,27.364714355
2325,1752,556.6332397,2807.3205566,73,24,8760,5.566332397,28.073205566000002
2326,1752,610.9382935,2882.4938965,73,24,8760,6.109382935,28.824938965
2327,1752,622.5625,2858.9375,73,24,8760,6.225625,28.589375
2328,1752,385.2970276,2885.3237305,73,24,8760,3.8529702759999997,28.853237304999997
2329,1752,365.8195496,2957.2502441,73,24,8760,3.6581954960000003,29.572502441
2330,1752,471.8052673,2872.6657715,73,24,8760,4.718052673,28.726657715
2331,1752,538.1079102,2943.597168,73,24,8760,5.381079102,29.435971679999998
2333,1752,416.2046204,2975.8552246,73,24,8760,4.162046204,29.758552246
2334,1752,586.5238037,2918.1904297,73,24,8760,5.865238037,29.181904297000003
2335,1752,576.8539429,2930.262207,73,24,8760,5.768539429,29.30262207
2336,1752,462.2849121,2831.552002,73,24,8760,4.622849121,28.315520019999997
2337,1752,445.6455994,2730.515625,73,24,8760,4.456455994,27.30515625
2338,1752,433.7474976,2709.8530273,73,24,8760,4.337474975999999,27.098530273
2339,1752,406.902771,2906.7717285,73,24,8760,4.069027709999999,29.067717285
2340,1752,372.669342,2895.5771484,73,24,8760,3.7266934199999997,28.955771484000003
2341,1752,378.7038574,3067.3691406,73,24,8760,3.787038574,30.673691406
2342,1752,361.9768372,3109.6933594,73,24,8760,3.619768372,31.096933594000003
2343,1752,391.1791687,3032.0869141,73,24,8760,3.911791687,30.320869141
2344,1752,360.9823608,3066.0852051,73,24,8760,3.6098236079999997,30.660852051000003
2345,1752,339.7229614,3081.4492188,73,24,8760,3.3972296139999996,30.814492188
2346,1752,333.7273254,3047.6137695,73,24,8760,3.337273254,30.476137695000002
2347,1752,352.7530518,3000.5083008,73,24,8760,3.527530518,30.005083008
2350,1752,238.3099823,2513.0666504,73,24,8760,2.3830998230000002,25.130666504
2352,1752,354.4965515,2867.4736328,73,24,8760,3.544965515,28.674736327999998
2353,1752,318.7449951,2784.3798828,73,24,8760,3.1874499509999996,27.843798828
2354,1752,339.9250488,2475.5695801,73,24,8760,3.3992504880000003,24.755695801
2355,1752,294.2570496,2752.9489746,73,24,8760,2.942570496,27.529489746
2356,1752,470.0770569,3386.8439941,73,24,8760,4.700770569,33.868439941
2357,1752,462.4269409,3082.5637207,73,24,8760,4.624269409,30.825637207
2358,1752,264.6256409,2677.1025391,73,24,8760,2.6462564090000003,26.771025391
2359,1752,309.5735168,2915.1362305,73,24,8760,3.095735168,29.151362305
2360,1752,326.6139526,2939.6181641,73,24,8760,3.266139526,29.396181641
2361,1752,385.9230042,3059.673584,73,24,8760,3.8592300419999996,30.59673584
2365,1752,166.1037445,2487.0976562,73,24,8760,1.661037445,24.870976562
2369,1752,256.1518555,2789.8395996,73,24,8760,2.561518555,27.898395995999998
2370,1752,212.4341431,2582.8364258,73,24,8760,2.124341431,25.828364258
2371,1752,212.1323547,2648.2341309,73,24,8760,2.1213235470000003,26.482341309
2372,1752,290.0314026,2711.3928223,73,24,8760,2.9003140259999998,27.113928223
2379,1752,419.2896729,3210.9355469,73,24,8760,4.192896729,32.109355469
2380,1752,376.4136047,3241.1645508,73,24,8760,3.764136047,32.411645508
2381,1752,389.6217041,3155.15625,73,24,8760,3.896217041,31.5515625
2382,1752,397.2904968,3252.753418,73,24,8760,3.9729049680000004,32.527534179999996
2386,1752,481.75354,3434.7050781,73,24,8760,4.8175354,34.347050781
2387,1752,494.3441467,3436.9790039,73,24,8760,4.943441467,34.369790039
2388,1752,468.8214722,3360.7700195,73,24,8760,4.688214722000001,33.607700195
2390,1752,440.9286194,3257.9770508,73,24,8760,4.409286194,32.579770508
2395,1752,428.162323,3053.6350098,73,24,8760,4.28162323,30.536350098
2396,1752,471.6405334,3286.473877,73,24,8760,4.716405334,32.86473877
2397,1752,485.0371399,3361.6928711,73,24,8760,4.850371399,33.616928711
2398,1752,487.568573,3340.7531738,73,24,8760,4.87568573,33.407531737999996
2399,1752,486.6749268,3299.5869141,73,24,8760,4.8667492679999995,32.995869141
2400,1752,510.3914795,3361.9050293,73,24,8760,5.103914795,33.619050293
2401,1752,457.1487732,3236.3803711,73,24,8760,4.571487732,32.363803711
2402,1752,448.6582947,3179.4116211,73,24,8760,4.486582947,31.794116211000002
2403,1752,396.7789917,3090.5927734,73,24,8760,3.967789917,30.905927734000002
2404,1752,404.790863,3162.0708008,73,24,8760,4.04790863,31.620708008
2405,1752,536.774353,3386.8796387,73,24,8760,5.36774353,33.868796387
2406,1752,530.7863159,3420.6835938,73,24,8760,5.307863159,34.206835938
2408,1752,496.8667603,3252.7609863,73,24,8760,4.968667603,32.527609862999995
2409,1752,534.9900513,3348.7407227,73,24,8760,5.349900513,33.487407227
2410,1752,479.6286621,3229.3608398,73,24,8760,4.796286621,32.293608398
2411,1752,503.1296692,3276.9501953,73,24,8760,5.031296692000001,32.769501953
2415,1752,623.7617188,2737.2561035,73,24,8760,6.237617188000001,27.372561035
2420,1752,610.3082886,2788.2038574,73,24,8760,6.103082885999999,27.882038574
2421,1752,614.340271,2895.2199707,73,24,8760,6.14340271,28.952199707
2422,1752,556.7333984,2692.7895508,73,24,8760,5.567333984,26.927895508000002
2423,1752,761.0927124,2683.7041016,73,24,8760,7.610927124,26.837041015999997
2424,1752,542.2454834,2746.8564453,73,24,8760,5.422454834,27.468564453
2425,1752,698.7658081,2759.4567871,73,24,8760,6.987658080999999,27.594567871
2426,1752,700.2000122,2742.9467773,73,24,8760,7.002000121999999,27.429467773000002
2427,1752,878.0750122,2608.8999023,73,24,8760,8.780750121999999,26.088999023
2428,1752,850.3607788,2627.4746094,73,24,8760,8.503607788,26.274746094
2429,1752,610.4246826,2701.9777832,73,24,8760,6.104246826,27.019777832
2430,1752,717.7553101,2718.0046387,73,24,8760,7.177553101,27.180046387
2431,1752,811.9782715,2632.4130859,73,24,8760,8.119782715,26.324130859
2439,1752,655.6657715,2714.8757324,73,24,8760,6.556657715,27.148757323999998
2440,1752,506.8999023,2729.5717773,73,24,8760,5.068999023,27.295717773
2441,1752,584.2429199,2755.088623,73,24,8760,5.842429199,27.55088623
2443,1752,764.7028809,2662.1660156,73,24,8760,7.647028809,26.621660155999997
2444,1752,737.4520264,2680.6347656,73,24,8760,7.374520264,26.806347656
2445,1752,793.9605103,2643.2895508,73,24,8760,7.939605103,26.432895508
2446,1752,549.7075806,2681.3547363,73,24,8760,5.497075806000001,26.813547362999998
2447,1752,559.0393066,2776.8535156,73,24,8760,5.590393066000001,27.768535156
2448,1752,689.4462891,2707.6364746,73,24,8760,6.894462891,27.076364746
2449,1752,495.9390259,2756.9790039,73,24,8760,4.959390259,27.569790039
2450,1752,589.852417,2716.7009277,73,24,8760,5.898524169999999,27.167009277000002
2452,1752,788.4615479,2684.3076172,73,24,8760,7.884615479000001,26.843076172
2453,1752,322.1135254,2442.0268555,73,24,8760,3.221135254,24.420268554999996
2454,1752,500.3011169,2734.2385254,73,24,8760,5.0030111690000005,27.342385254
2455,1752,714.7391357,2711.6955566,73,24,8760,7.147391357,27.116955566
2456,1752,748.5941772,2729.9516602,73,24,8760,7.485941772,27.299516601999997
2460,1752,534.4752197,2872.7382812,73,24,8760,5.344752197,28.727382812000002
2462,1752,711.0782471,2846.3447266,73,24,8760,7.110782471,28.463447266
2463,1752,744.7085571,2852.8395996,73,24,8760,7.447085571,28.528395996
2464,1752,902.2476196,2750.5715332,73,24,8760,9.022476196,27.505715332
2465,1752,738.2000122,2879.2800293,73,24,8760,7.382000121999999,28.792800293
2466,1752,1018.7692261,2707.7692871,73,24,8760,10.187692261,27.077692871
2469,1752,550.1173706,2920.0856934,73,24,8760,5.501173705999999,29.200856933999997
2470,1752,630.4694824,2959.8666992,73,24,8760,6.304694823999999,29.598666992
2471,1752,724.0294189,2924.1628418,73,24,8760,7.240294189,29.241628418
2472,1752,833.3469849,2828.7607422,73,24,8760,8.333469849,28.287607422
2473,1752,942.7575684,2769.4848633,73,24,8760,9.427575683999999,27.694848633000003
2474,1752,586.9094238,2860.6489258,73,24,8760,5.869094238,28.606489258
2475,1752,430.967926,2865.182373,73,24,8760,4.309679259999999,28.65182373
2476,1752,428.0929565,2812.8881836,73,24,8760,4.280929565,28.128881836
2477,1752,837.3956299,2825.4130859,73,24,8760,8.373956299,28.254130859
2478,1752,949.6813354,2780.5878906,73,24,8760,9.496813354,27.805878905999997
2479,1752,872.5487671,2820.2988281,73,24,8760,8.725487671,28.202988281
2480,1752,727.9046021,2879.3955078,73,24,8760,7.279046021,28.793955078
2481,1752,1008.5307617,2769.0539551,73,24,8760,10.085307617,27.690539551
2482,1752,806.6338501,2797.3278809,73,24,8760,8.066338501,27.973278809
2483,1752,936.1722412,2804.8500977,73,24,8760,9.361722412,28.048500977
2484,1752,753.5524902,2850.7397461,73,24,8760,7.535524902,28.507397461
2485,1752,1019.333313,2804.833252,73,24,8760,10.19333313,28.04833252
2486,1752,898.7961426,2837.5437012,73,24,8760,8.987961426,28.375437012000003
2487,1752,1026.0882568,2798.5734863,73,24,8760,10.260882568,27.985734862999998
2488,1752,1060.0,2772.25,73,24,8760,10.6,27.7225
2489,1752,1125.2667236,2744.1333008,73,24,8760,11.252667236,27.441333008
2490,1752,851.4285889,2886.1428223,73,24,8760,8.514285889,28.861428222999997
2500,1752,879.7407227,2464.777832,73,24,8760,8.797407227,24.64777832
2502,1752,922.4000244,2459.6999512,73,24,8760,9.224000244,24.596999512000004
2505,1752,973.75,2434.083252,73,24,8760,9.7375,24.34083252
2506,1752,804.0,2541.166748,73,24,8760,8.04,25.411667480000002
2508,1752,802.7255859,2497.9023438,73,24,8760,8.027255859,24.979023438
2515,1752,992.75,2415.666748,73,24,8760,9.9275,24.15666748
2516,1752,908.75,2439.0,73,24,8760,9.0875,24.39
2517,1752,875.875,2465.875,73,24,8760,8.75875,24.65875
2518,1752,910.583313,2463.416748,73,24,8760,9.10583313,24.634167480000002
2519,1752,876.7999878,2479.3999023,73,24,8760,8.767999878000001,24.793999023
2525,1752,797.666687,2541.4443359,73,24,8760,7.97666687,25.414443359000003
2526,1752,683.5407104,2505.2148438,73,24,8760,6.835407104,25.052148438
2527,1752,730.0103149,2562.9174805,73,24,8760,7.300103149,25.629174804999998
2528,1752,915.6363525,2464.2727051,73,24,8760,9.156363525,24.642727051
2529,1752,877.888916,2481.5556641,73,24,8760,8.77888916,24.815556640999997
2530,1752,723.2674561,2596.1279297,73,24,8760,7.232674561,25.961279297
2533,1752,813.0283203,2482.0095215,73,24,8760,8.130283203,24.820095215000002
2534,1752,858.7999878,2455.2265625,73,24,8760,8.587999878,24.552265625
2535,1752,714.4552612,2501.8820801,73,24,8760,7.144552612,25.018820801
2536,1752,475.1517334,2570.7504883,73,24,8760,4.751517334,25.707504883000002
2537,1752,361.9871826,2533.3203125,73,24,8760,3.619871826,25.333203125
2538,1752,562.4769287,2572.0334473,73,24,8760,5.624769287,25.720334472999998
2539,1752,577.8678589,2554.4052734,73,24,8760,5.778678589,25.544052734
2540,1752,644.4685669,2570.4770508,73,24,8760,6.444685669,25.704770508000003
2541,1752,703.5116577,2639.3256836,73,24,8760,7.035116577,26.393256836
2545,1752,358.6135254,2551.5412598,73,24,8760,3.586135254,25.515412597999998
2546,1752,427.74646,2468.8400879,73,24,8760,4.2774646,24.688400879
2548,1752,539.369751,2423.8320312,73,24,8760,5.393697509999999,24.238320312
2549,1752,484.914032,2455.5610352,73,24,8760,4.84914032,24.555610352
2550,1752,375.3251038,2479.3808594,73,24,8760,3.753251038,24.793808594
2551,1752,560.7371216,2378.8947754,73,24,8760,5.607371216000001,23.788947754000002
2555,1752,556.3928833,2863.7143555,73,24,8760,5.563928833,28.637143554999998
2556,1752,553.9755859,2841.2438965,73,24,8760,5.5397558590000004,28.412438965
2557,1752,575.5151367,2811.2121582,73,24,8760,5.755151367,28.112121582
2558,1752,598.25,2781.125,73,24,8760,5.9825,27.81125
2559,1752,595.75,2767.25,73,24,8760,5.9575,27.6725
2560,1752,663.7207642,2587.4033203,73,24,8760,6.637207642,25.874033203
2563,1752,593.111084,2775.888916,73,24,8760,5.93111084,27.75888916
2564,1752,628.555542,2777.5556641,73,24,8760,6.28555542,27.775556640999998
2565,1752,609.9000244,2788.3000488,73,24,8760,6.099000244,27.883000487999997
2566,1752,609.3793335,2776.7241211,73,24,8760,6.093793335,27.767241211
2567,1752,577.6969604,2786.9091797,73,24,8760,5.776969604,27.869091797
2568,1752,588.6875,2752.59375,73,24,8760,5.886875,27.5259375
2569,1752,597.8518677,2723.8518066,73,24,8760,5.978518676999999,27.238518066
2570,1752,518.2191772,2773.0021973,73,24,8760,5.1821917719999995,27.730021973
2571,1752,563.5742798,2669.1044922,73,24,8760,5.635742798,26.691044922
2572,1752,504.7663574,2671.0654297,73,24,8760,5.047663574,26.710654297
2573,1752,553.4375,2694.875,73,24,8760,5.534375,26.94875
2574,1752,581.8200073,2542.7456055,73,24,8760,5.818200073000001,25.427456054999997
2575,1752,437.4846802,2538.7592773,73,24,8760,4.374846802,25.387592773
2576,1752,457.0872192,2398.0466309,73,24,8760,4.5708721919999995,23.980466308999997
2577,1752,462.6452332,2501.0068359,73,24,8760,4.626452332,25.010068359
2578,1752,417.6666565,2509.9375,73,24,8760,4.176666565,25.099375
2579,1752,345.5396118,2565.9138184,73,24,8760,3.455396118,25.659138184
2580,1752,232.3072357,2590.6210938,73,24,8760,2.323072357,25.906210938
2581,1752,180.874054,2770.4489746,73,24,8760,1.80874054,27.704489746
2582,1752,185.9680481,2912.6796875,73,24,8760,1.859680481,29.126796875
2583,1752,199.600235,2737.4294434,73,24,8760,1.99600235,27.374294434
2584,1752,203.6750946,2973.9602051,73,24,8760,2.0367509459999997,29.739602051000002
2585,1752,214.7992401,3013.5644531,73,24,8760,2.1479924009999998,30.135644530999997
2586,1752,215.7268372,2956.6479492,73,24,8760,2.157268372,29.566479492
2587,1752,233.0887146,3061.1916504,73,24,8760,2.3308871460000002,30.611916504
2588,1752,246.2967987,3062.3105469,73,24,8760,2.4629679870000003,30.623105469000002
2590,1752,274.3441467,3121.8657227,73,24,8760,2.7434414670000002,31.218657226999998
2594,1752,258.2052002,3125.7119141,73,24,8760,2.5820520019999997,31.257119140999997
2600,1752,163.9285736,2832.5356445,73,24,8760,1.639285736,28.325356445
2601,1752,160.615387,2827.0,73,24,8760,1.60615387,28.27
2602,1752,163.3636322,2825.8181152,73,24,8760,1.633636322,28.258181152000002
2603,1752,151.7272797,2800.8181152,73,24,8760,1.517272797,28.008181152000002
2604,1752,162.6000061,2826.6000977,73,24,8760,1.626000061,28.266000976999997
2605,1752,158.4285736,2828.7143555,73,24,8760,1.584285736,28.287143554999997
2606,1752,151.3999939,2807.6999512,73,24,8760,1.513999939,28.076999512
2607,1752,142.4444427,2779.888916,73,24,8760,1.424444427,27.798889159999998
2609,1752,152.5038757,2780.0776367,73,24,8760,1.5250387570000001,27.800776366999997
2611,1752,80.0217361,2575.9431152,73,24,8760,0.800217361,25.759431152
2612,1752,162.75,2824.25,73,24,8760,1.6275,28.2425
2614,1752,158.6000061,2828.8999023,73,24,8760,1.586000061,28.288999023000002
2615,1752,171.9736786,2872.5527344,73,24,8760,1.719736786,28.725527344000003
2617,1752,164.9166718,2840.333252,73,24,8760,1.6491667179999998,28.40333252
2618,1752,166.0276489,2841.8339844,73,24,8760,1.6602764890000001,28.418339844000002
2619,1752,142.25,2752.083252,73,24,8760,1.4225,27.52083252
2620,1752,81.8428955,2559.2133789,73,24,8760,0.818428955,25.592133789
2621,1752,102.2473602,2538.1958008,73,24,8760,1.022473602,25.381958008
2622,1752,234.9623871,2505.2558594,73,24,8760,2.349623871,25.052558594
2623,1752,77.3939362,2480.6606445,73,24,8760,0.773939362,24.806606445000003
2624,1752,-175.5420227,1851.4580078,73,24,8760,-1.7554202269999999,18.514580077999998
2625,1752,-35.0,2074.0,73,24,8760,-0.35,20.74
2626,1752,84.3878632,2544.5620117,73,24,8760,0.843878632,25.445620116999997
2627,1752,56.0948792,2257.6264648,73,24,8760,0.560948792,22.576264648000002
2628,1752,138.3339081,2437.1733398,73,24,8760,1.383339081,24.371733398
2629,1752,-11.8557549,2272.760498,73,24,8760,-0.11855754900000001,22.727604980000002
2630,1752,73.967659,2412.607666,73,24,8760,0.73967659,24.12607666
2631,1752,94.381073,2293.6206055,73,24,8760,0.94381073,22.936206055
2632,1752,247.0301666,2349.2319336,73,24,8760,2.470301666,23.492319336
2633,1752,224.5805969,2357.331543,73,24,8760,2.245805969,23.573315429999997
2640,1752,353.3998108,3076.3063965,73,24,8760,3.533998108,30.763063965
2641,1752,373.342865,3100.0285645,73,24,8760,3.73342865,31.000285644999998
2642,1752,259.5311584,2842.5251465,73,24,8760,2.5953115839999996,28.425251465000002
2643,1752,392.8930969,3190.949707,73,24,8760,3.928930969,31.90949707
2644,1752,338.8449402,3048.3847656,73,24,8760,3.388449402,30.483847656
2645,1752,445.1511841,3257.4865723,73,24,8760,4.451511841,32.574865722999995
2646,1752,422.0669861,3211.526123,73,24,8760,4.220669861,32.11526123
2647,1752,420.632019,3189.845459,73,24,8760,4.2063201900000005,31.89845459
2648,1752,523.0073853,3333.7368164,73,24,8760,5.230073853,33.337368164
2649,1752,124.0766144,2570.4758301,73,24,8760,1.240766144,25.704758301000002
2650,1752,360.035614,3174.0742188,73,24,8760,3.60035614,31.740742188
2651,1752,364.8857117,3228.2285156,73,24,8760,3.648857117,32.282285156
2652,1752,412.8491821,3262.8613281,73,24,8760,4.128491821,32.628613281
2653,1752,217.7210083,2786.543457,73,24,8760,2.177210083,27.86543457
2655,1752,400.4729309,3217.1835938,73,24,8760,4.004729309,32.171835938
2656,1752,423.1542969,3241.4482422,73,24,8760,4.231542969,32.414482422
2658,1752,399.3034668,3179.2180176,73,24,8760,3.9930346680000004,31.792180176000002
2659,1752,394.7694397,3169.605957,73,24,8760,3.9476943970000002,31.696059570000003
2660,1752,384.4765015,3159.0021973,73,24,8760,3.8447650149999997,31.590021973
2661,1752,382.1428528,3200.4284668,73,24,8760,3.821428528,32.004284668
2663,1752,321.782959,3184.083252,73,24,8760,3.21782959,31.84083252
2665,1752,404.0428467,3282.7963867,73,24,8760,4.040428467,32.827963867
2666,1752,317.2670593,3219.1086426,73,24,8760,3.1726705930000003,32.191086426
2668,1752,337.7814331,3281.9528809,73,24,8760,3.377814331,32.819528809
2669,1752,407.9358826,3298.7998047,73,24,8760,4.079358826,32.987998047
2671,1752,363.2601318,3290.5466309,73,24,8760,3.6326013180000003,32.905466309
2672,1752,426.0648193,3359.7680664,73,24,8760,4.260648193,33.597680664
2675,1752,466.79776,3393.2807617,73,24,8760,4.6679775999999995,33.932807617
2678,1752,373.0,3218.666748,73,24,8760,3.73,32.186667480000004
2680,1752,452.4248657,3302.5100098,73,24,8760,4.524248657,33.025100097999996
2681,1752,441.9599915,3291.6630859,73,24,8760,4.419599915,32.916630859
2700,1752,451.8946228,3281.7163086,73,24,8760,4.518946228,32.817163086
2701,1752,377.9692993,3243.0649414,73,24,8760,3.779692993,32.430649414
2702,1752,405.7432556,3276.8693848,73,24,8760,4.057432556,32.768693848
2703,1752,458.6000061,3303.0544434,73,24,8760,4.586000061,33.030544434
2705,1752,453.960144,3297.7519531,73,24,8760,4.53960144,32.977519531
2706,1752,459.1867981,3289.1318359,73,24,8760,4.591867981,32.891318359
2707,1752,459.9436646,3276.1835938,73,24,8760,4.599436646,32.761835938
2710,1752,446.3808899,3239.6328125,73,24,8760,4.463808899,32.396328125
2711,1752,474.477356,3337.2529297,73,24,8760,4.74477356,33.372529297
2712,1752,437.9721375,3197.2507324,73,24,8760,4.379721375,31.972507324
2713,1752,445.2151489,3202.6884766,73,24,8760,4.452151488999999,32.026884765999995
2714,1752,439.9559021,3178.7182617,73,24,8760,4.399559021,31.787182617
2715,1752,512.0380859,3321.3959961,73,24,8760,5.120380859000001,33.213959961
2716,1752,454.0992432,3253.1728516,73,24,8760,4.5409924319999995,32.531728516
2717,1752,522.6916504,3279.7749023,73,24,8760,5.226916503999999,32.797749023
2720,1752,163.3215027,2758.0241699,73,24,8760,1.6332150269999999,27.580241699
2721,1752,312.5230103,3273.239502,73,24,8760,3.1252301030000003,32.73239502
2722,1752,267.4268494,3110.4458008,73,24,8760,2.6742684939999997,31.104458008
2725,1752,285.125946,3193.0495605,73,24,8760,2.85125946,31.930495605
2726,1752,243.8249969,3125.5063477,73,24,8760,2.438249969,31.255063477
2727,1752,225.9324646,3024.1130371,73,24,8760,2.259324646,30.241130371
2729,1752,281.9978638,3075.2832031,73,24,8760,2.8199786380000003,30.752832030999997
2730,1752,203.721817,2767.3044434,73,24,8760,2.03721817,27.673044433999998
2731,1752,436.1537781,3175.0141602,73,24,8760,4.361537781,31.750141602
2732,1752,452.6008606,3230.5522461,73,24,8760,4.5260086059999995,32.305522461
2733,1752,462.1690674,3267.3034668,73,24,8760,4.621690674,32.673034668
2734,1752,474.6929932,3253.0693359,73,24,8760,4.746929932,32.530693359000004
2735,1752,482.6380615,3242.8620605,73,24,8760,4.826380615,32.428620605
2736,1752,491.055542,3254.8425293,73,24,8760,4.91055542,32.548425293
2737,1752,516.1452637,3281.1723633,73,24,8760,5.161452637,32.811723633
2738,1752,521.4487305,3272.0898438,73,24,8760,5.2144873050000005,32.720898438
2739,1752,524.1836548,3285.8571777,73,24,8760,5.241836548,32.858571777
2745,1752,527.1445923,2887.4157715,73,24,8760,5.271445923,28.874157715000003
2747,1752,544.9454346,2905.2182617,73,24,8760,5.449454346,29.052182617
2748,1752,544.8723145,2887.1489258,73,24,8760,5.448723145,28.871489258
2749,1752,520.111084,2935.5556641,73,24,8760,5.20111084,29.355556641
2750,1752,522.8648682,2926.0810547,73,24,8760,5.228648682,29.260810547000002
2752,1752,504.8823547,2849.8039551,73,24,8760,5.0488235470000005,28.498039551
2753,1752,510.068573,2908.1486816,73,24,8760,5.10068573,29.081486816
2754,1752,513.333313,2931.6970215,73,24,8760,5.13333313,29.316970215
2756,1752,495.37677,2845.6577148,73,24,8760,4.9537677,28.456577148
2757,1752,505.0,2917.222168,73,24,8760,5.05,29.172221679999996
2758,1752,462.9545593,2790.5559082,73,24,8760,4.6295455930000005,27.905559082
2759,1752,566.6470337,2863.5881348,73,24,8760,5.666470337,28.635881347999998
2760,1752,558.9000244,2889.0500488,73,24,8760,5.589000244,28.890500487999997
2761,1752,578.4666748,2857.3999023,73,24,8760,5.784666747999999,28.573999023000002
2762,1752,583.3846436,2858.0769043,73,24,8760,5.833846436,28.580769043
2763,1752,591.916687,2845.25,73,24,8760,5.919166870000001,28.4525
2765,1752,571.1679688,2872.8168945,73,24,8760,5.711679688,28.728168945000004
2766,1752,584.5925903,2839.4443359,73,24,8760,5.8459259029999995,28.394443359
2767,1752,590.0908813,2844.0,73,24,8760,5.900908813,28.44
2768,1752,606.75,2808.0,73,24,8760,6.0675,28.08
2769,1752,595.5,2828.5,73,24,8760,5.955,28.285
2770,1752,569.458313,2866.5,73,24,8760,5.69458313,28.665
2773,1752,501.222229,2873.666748,73,24,8760,5.01222229,28.73666748
2774,1752,494.5,2866.3500977,73,24,8760,4.945,28.663500976999998
2775,1752,562.6591187,2808.3481445,73,24,8760,5.626591187,28.083481445000004
2776,1752,460.2307739,2780.0,73,24,8760,4.602307739,27.8
2777,1752,484.1818237,2843.0,73,24,8760,4.841818237,28.43
2778,1752,432.3888855,2681.388916,73,24,8760,4.323888855,26.81388916
2779,1752,415.1538391,2628.4614258,73,24,8760,4.151538391,26.284614258
2780,1752,327.8205261,2415.7949219,73,24,8760,3.278205261,24.157949219000002
2782,1752,364.7600098,2481.4799805,73,24,8760,3.647600098,24.814799804999996
2783,1752,396.2857056,2564.0,73,24,8760,3.962857056,25.64
2784,1752,394.3999939,2580.3999023,73,24,8760,3.9439999390000002,25.803999023000003
2785,1752,342.1395264,2604.8527832,73,24,8760,3.421395264,26.048527832
2786,1752,324.2747192,2436.6154785,73,24,8760,3.242747192,24.366154785
2787,1752,323.8482971,2567.7854004,73,24,8760,3.2384829710000003,25.677854004
2790,1752,303.7267456,2517.8232422,73,24,8760,3.0372674560000004,25.178232422
2791,1752,203.2712708,2762.0,73,24,8760,2.032712708,27.62
2792,1752,226.248642,2891.0512695,73,24,8760,2.26248642,28.910512695
2793,1752,238.0215454,2955.6384277,73,24,8760,2.380215454,29.556384277000003
2794,1752,263.282959,3103.7312012,73,24,8760,2.63282959,31.037312012
2795,1752,211.7406158,2662.1303711,73,24,8760,2.117406158,26.621303711
2797,1752,210.9256744,2813.7229004,73,24,8760,2.109256744,28.137229004
2798,1752,183.2546082,2641.0554199,73,24,8760,1.8325460820000001,26.410554199
2799,1752,185.375,2651.9445801,73,24,8760,1.85375,26.519445801000003
2800,1752,212.3174286,2793.9421387,73,24,8760,2.123174286,27.939421387000003
2803,1752,238.0206451,3036.4365234,73,24,8760,2.380206451,30.364365234
2804,1752,271.2879944,3124.3198242,73,24,8760,2.712879944,31.243198242
2805,1752,282.1821289,3157.8522949,73,24,8760,2.8218212890000003,31.578522949
2806,1752,293.4511719,3198.5957031,73,24,8760,2.934511719,31.985957030999998
2807,1752,251.20401,3075.9196777,73,24,8760,2.5120401,30.759196777000003
2808,1752,243.7530823,3004.4033203,73,24,8760,2.437530823,30.044033202999998
2809,1752,254.0,3081.6289062,73,24,8760,2.54,30.816289062
2810,1752,294.152832,3200.6328125,73,24,8760,2.9415283199999998,32.006328125
2817,1752,452.7280273,3170.6401367,73,24,8760,4.527280273,31.706401366999998
2818,1752,307.7033997,3193.7648926,73,24,8760,3.0770339969999996,31.937648926
2820,1752,279.9530945,3090.5671387,73,24,8760,2.7995309450000003,30.905671387
2821,1752,372.2590637,3314.1860352,73,24,8760,3.722590637,33.141860352
2822,1752,383.5845032,3238.1352539,73,24,8760,3.835845032,32.381352539
2823,1752,405.3770142,3356.6726074,73,24,8760,4.053770142,33.566726074
2824,1752,438.2340393,3419.0314941,73,24,8760,4.382340393,34.190314941000004
2825,1752,451.9644165,3421.489502,73,24,8760,4.519644165,34.21489502
2826,1752,424.246521,3389.3168945,73,24,8760,4.24246521,33.893168945
2827,1752,420.6619568,3276.7868652,73,24,8760,4.206619568,32.767868652000004
2828,1752,448.6136475,3305.7580566,73,24,8760,4.486136475,33.057580566
2829,1752,451.9816589,3423.1547852,73,24,8760,4.519816589,34.231547852
2830,1752,349.6253662,3221.0026855,73,24,8760,3.4962536619999995,32.210026855
2831,1752,467.7666016,3452.4416504,73,24,8760,4.677666016,34.524416504
2832,1752,468.7883301,3502.1557617,73,24,8760,4.687883301,35.021557617
2833,1752,503.9654846,3462.098877,73,24,8760,5.039654846,34.62098877
2834,1752,498.931366,3493.0725098,73,24,8760,4.9893136600000005,34.930725097999996
2835,1752,497.5985718,3466.4750977,73,24,8760,4.9759857180000004,34.664750977
2836,1752,575.0109253,3568.8005371,73,24,8760,5.750109253000001,35.688005371
2838,1752,496.3353271,3530.0112305,73,24,8760,4.963353271,35.300112305
2839,1752,485.4805298,3556.4592285,73,24,8760,4.854805298,35.564592284999996
2840,1752,572.1905518,3616.1123047,73,24,8760,5.721905518,36.161123047000004
2842,1752,406.5758667,3120.0871582,73,24,8760,4.065758667,31.200871582
2843,1752,381.3560181,2896.2236328,73,24,8760,3.8135601809999997,28.962236328
2844,1752,347.1976929,3070.5129395,73,24,8760,3.4719769289999998,30.705129395
2845,1752,265.5714417,2499.3427734,73,24,8760,2.655714417,24.993427734
2846,1752,313.9680786,2736.3310547,73,24,8760,3.139680786,27.363310547
2847,1752,242.6161652,2479.5656738,73,24,8760,2.4261616520000002,24.795656737999998
2848,1752,277.2891541,2728.8674316,73,24,8760,2.7728915410000003,27.288674316
2849,1752,321.1209412,2774.1247559,73,24,8760,3.211209412,27.741247558999998
2850,1752,263.9104919,2857.9807129,73,24,8760,2.639104919,28.579807129000002
2852,1752,300.2651672,3016.2844238,73,24,8760,3.0026516720000003,30.162844237999998
2864,1752,264.5462646,3082.8803711,73,24,8760,2.645462646,30.828803711
2865,1752,262.3586426,3017.2746582,73,24,8760,2.623586426,30.172746582
2866,1752,243.2192688,2961.2126465,73,24,8760,2.432192688,29.612126465000003
2867,1752,275.9404907,3036.7668457,73,24,8760,2.759404907,30.367668457
2868,1752,294.6071777,3114.5031738,73,24,8760,2.9460717770000002,31.145031737999997
2869,1752,342.8478394,3268.5324707,73,24,8760,3.428478394,32.685324707
2870,1752,308.4083252,3184.1237793,73,24,8760,3.0840832519999997,31.841237793
2871,1752,330.5593567,3288.027832,73,24,8760,3.3055935670000003,32.88027832
2873,1752,424.910675,3371.8664551,73,24,8760,4.24910675,33.718664551
2874,1752,386.1283264,3329.0354004,73,24,8760,3.861283264,33.290354004
2875,1752,369.3613586,3302.0703125,73,24,8760,3.693613586,33.020703125
2876,1752,344.4008484,3291.0942383,73,24,8760,3.444008484,32.910942383
2877,1752,427.1519165,3360.9094238,73,24,8760,4.271519165,33.609094238
2878,1752,516.5153198,3451.6330566,73,24,8760,5.1651531980000005,34.516330566
2879,1752,538.522522,3452.237793,73,24,8760,5.38522522,34.52237793
2880,1752,611.1708984,3528.666748,73,24,8760,6.111708984000001,35.28666748
2900,1752,127.4499969,2728.4899902,73,24,8760,1.274499969,27.284899902000003
2902,1752,151.8000031,2815.1999512,73,24,8760,1.518000031,28.151999512000003
2903,1752,153.1666718,2813.5,73,24,8760,1.5316667179999999,28.135
2904,1752,144.3636322,2783.9091797,73,24,8760,1.4436363220000001,27.839091797000002
2905,1752,143.6000061,2780.1000977,73,24,8760,1.436000061,27.801000976999998
2906,1752,141.9166718,2776.0,73,24,8760,1.4191667179999998,27.76
2911,1752,163.1999969,2825.3999023,73,24,8760,1.631999969,28.253999023000002
2912,1752,156.7352905,2795.3530273,73,24,8760,1.567352905,27.953530273000002
2913,1752,158.5500031,2811.4499512,73,24,8760,1.585500031,28.114499512000002
2914,1752,159.1875,2804.875,73,24,8760,1.591875,28.04875
3000,1752,724.0,2514.5,73,24,8760,7.24,25.145
3002,1752,717.0,2530.5,73,24,8760,7.17,25.305
3003,1752,723.5714111,2517.0,73,24,8760,7.235714111,25.17
3004,1752,743.0,2482.666748,73,24,8760,7.43,24.82666748
3006,1752,733.0,2498.5,73,24,8760,7.33,24.985
3008,1752,735.0,2495.0,73,24,8760,7.35,24.95
3011,1752,712.833313,2531.5,73,24,8760,7.12833313,25.315
3012,1752,710.9230957,2523.4614258,73,24,8760,7.109230956999999,25.234614258
3013,1752,725.2857056,2499.8571777,73,24,8760,7.252857056,24.998571777000002
3015,1752,772.222229,2437.666748,73,24,8760,7.7222222899999995,24.376667480000002
3016,1752,840.5,2398.833252,73,24,8760,8.405,23.98833252
3018,1752,794.5499878,2415.9499512,73,24,8760,7.945499878000001,24.159499512000004
3019,1752,700.666687,2549.5,73,24,8760,7.00666687,25.495
3020,1752,694.9615479,2559.1154785,73,24,8760,6.949615479,25.591154785
3021,1752,682.9047852,2579.4284668,73,24,8760,6.8290478519999995,25.794284668
3022,1752,690.5,2568.5,73,24,8760,6.905,25.685
3023,1752,678.666687,2571.564209,73,24,8760,6.78666687,25.715642090000003
3024,1752,665.076416,2554.486084,73,24,8760,6.65076416,25.544860840000002
3025,1752,739.3636475,2465.8181152,73,24,8760,7.393636474999999,24.658181152
3026,1752,700.3703613,2529.7407227,73,24,8760,7.003703613,25.297407226999997
3027,1752,702.25,2507.0,73,24,8760,7.0225,25.07
3028,1752,767.4705811,2429.5292969,73,24,8760,7.674705811,24.295292969000002
3029,1752,679.6583252,2553.3999023,73,24,8760,6.7965832520000005,25.533999023
3030,1752,723.8193359,2456.9916992,73,24,8760,7.238193359,24.569916992
3031,1752,710.0,2549.75,73,24,8760,7.1,25.4975
3032,1752,702.4000244,2565.5,73,24,8760,7.024000244,25.655
3033,1752,690.5,2585.8999023,73,24,8760,6.905,25.858999023000003
3034,1752,696.4000244,2583.0,73,24,8760,6.964000244,25.83
3036,1752,679.944458,2628.222168,73,24,8760,6.79944458,26.28222168
3037,1752,666.4500122,2596.25,73,24,8760,6.664500122,25.9625
3038,1752,676.75,2605.5625,73,24,8760,6.7675,26.055625
3039,1752,700.2000122,2576.6000977,73,24,8760,7.002000121999999,25.766000976999997
3040,1752,697.0,2583.125,73,24,8760,6.97,25.83125
3041,1752,689.875,2586.5,73,24,8760,6.89875,25.865
3042,1752,688.444458,2592.111084,73,24,8760,6.88444458,25.92111084
3043,1752,681.7999878,2602.8666992,73,24,8760,6.817999878,26.028666991999998
3044,1752,692.25,2592.75,73,24,8760,6.9225,25.9275
3045,1752,671.0800171,2614.4399414,73,24,8760,6.710800171,26.144399414
3046,1752,685.25,2598.583252,73,24,8760,6.8525,25.98583252
3047,1752,676.5,2597.6000977,73,24,8760,6.765,25.976000976999998
3048,1752,668.222229,2609.222168,73,24,8760,6.6822222899999995,26.092221679999998
3049,1752,675.7999878,2617.5,73,24,8760,6.757999878000001,26.175
3051,1752,715.5,2533.0,73,24,8760,7.155,25.33
3052,1752,707.5999756,2553.3999023,73,24,8760,7.075999756,25.533999023
3053,1752,713.5,2529.5,73,24,8760,7.135,25.295
3054,1752,706.5,2551.5,73,24,8760,7.065,25.515
3055,1752,700.333313,2579.666748,73,24,8760,7.00333313,25.79666748
3056,1752,700.7999878,2566.6000977,73,24,8760,7.007999878000001,25.666000977
3057,1752,701.666687,2570.333252,73,24,8760,7.01666687,25.70333252
3058,1752,694.7692261,2585.8461914,73,24,8760,6.947692260999999,25.858461914
3059,1752,658.8666382,2606.0334473,73,24,8760,6.588666382,26.060334472999998
3060,1752,687.333313,2608.333252,73,24,8760,6.87333313,26.08333252
3061,1752,672.416687,2606.666748,73,24,8760,6.72416687,26.06666748
3062,1752,662.2857056,2612.0,73,24,8760,6.622857056,26.12
3063,1752,635.8666382,2605.3776855,73,24,8760,6.358666382,26.053776855000002
3064,1752,625.5075684,2600.5454102,73,24,8760,6.2550756839999995,26.005454101999998
3065,1752,711.0,2538.5,73,24,8760,7.11,25.385
3066,1752,709.5,2554.5,73,24,8760,7.095,25.545
3067,1752,710.0,2562.0,73,24,8760,7.1,25.62
3068,1752,705.333313,2568.0,73,24,8760,7.0533331299999995,25.68
3070,1752,702.0,2575.166748,73,24,8760,7.02,25.751667480000002
3071,1752,698.4000244,2580.8000488,73,24,8760,6.984000244,25.808000487999998
3072,1752,695.0,2587.2727051,73,24,8760,6.95,25.872727051000002
3073,1752,687.8421021,2603.2631836,73,24,8760,6.878421021,26.032631836
3074,1752,681.1333618,2617.4665527,73,24,8760,6.811333618,26.174665527000002
3075,1752,676.125,2621.5,73,24,8760,6.76125,26.215
3076,1752,666.0,2622.0302734,73,24,8760,6.66,26.220302734
3078,1752,703.4000244,2585.6000977,73,24,8760,7.0340002440000005,25.856000976999997
3079,1752,700.75,2593.125,73,24,8760,7.0075,25.93125
3081,1752,693.5714111,2596.8571777,73,24,8760,6.935714110999999,25.968571777
3082,1752,673.9285889,2629.7856445,73,24,8760,6.7392858890000005,26.297856445
3083,1752,683.722229,2620.722168,73,24,8760,6.83722229,26.207221679999996
3084,1752,695.5714111,2622.0715332,73,24,8760,6.955714111,26.220715332
3085,1752,689.8571167,2622.8571777,73,24,8760,6.898571167,26.228571777000003
3087,1752,684.7999878,2624.6000977,73,24,8760,6.847999878,26.246000976999998
3088,1752,684.4000244,2645.8999023,73,24,8760,6.844000244,26.458999023
3089,1752,675.777771,2663.777832,73,24,8760,6.75777771,26.637778320000002
3090,1752,673.7000122,2639.3999023,73,24,8760,6.7370001219999995,26.393999023000003
3091,1752,658.0714111,2623.5,73,24,8760,6.580714111,26.235
3093,1752,693.5999756,2640.6000977,73,24,8760,6.935999756,26.406000976999998
3094,1752,689.2000122,2646.8000488,73,24,8760,6.892000122,26.468000487999998
3095,1752,683.8709717,2651.161377,73,24,8760,6.838709717,26.51161377
3096,1752,673.8181763,2669.1818848,73,24,8760,6.738181763,26.691818847999997
3097,1752,668.9249878,2648.0500488,73,24,8760,6.689249878000001,26.480500487999997
3099,1752,644.5288696,2662.3269043,73,24,8760,6.445288696,26.623269043
3101,1752,705.416687,2559.583252,73,24,8760,7.05416687,25.59583252
3102,1752,703.666687,2587.666748,73,24,8760,7.03666687,25.876667480000002
3103,1752,699.5,2557.5,73,24,8760,6.995,25.575
3104,1752,699.7999878,2581.6999512,73,24,8760,6.997999878000001,25.816999512000002
3105,1752,699.625,2617.375,73,24,8760,6.99625,26.17375
3106,1752,692.4000244,2633.5334473,73,24,8760,6.924000244,26.335334473
3107,1752,696.166687,2621.5,73,24,8760,6.96166687,26.215
3108,1752,694.444458,2593.666748,73,24,8760,6.944444580000001,25.93666748
3109,1752,689.2727051,2600.7272949,73,24,8760,6.8927270510000005,26.007272948999997
3111,1752,687.666687,2601.833252,73,24,8760,6.87666687,26.018332519999998
3113,1752,684.8928833,2651.7856445,73,24,8760,6.8489288329999995,26.517856445000003
3114,1752,680.625,2599.0,73,24,8760,6.80625,25.99
3115,1752,675.6190186,2646.5239258,73,24,8760,6.756190186,26.465239258
3116,1752,671.6956787,2654.7390137,73,24,8760,6.716956787,26.547390137
3121,1752,718.4285889,2530.5715332,73,24,8760,7.184285889,25.305715332
3122,1752,712.5,2542.833252,73,24,8760,7.125,25.428332519999998
3123,1752,708.5,2539.5,73,24,8760,7.085,25.395
3124,1752,704.7142944,2542.8571777,73,24,8760,7.047142944,25.428571777000002
3125,1752,699.444458,2547.222168,73,24,8760,6.994444580000001,25.472221679999997
3126,1752,701.5,2546.5,73,24,8760,7.015,25.465
3127,1752,695.7999878,2539.8000488,73,24,8760,6.957999878000001,25.398000487999997
3128,1752,694.7142944,2549.4284668,73,24,8760,6.947142943999999,25.494284668
3129,1752,695.833313,2576.333252,73,24,8760,6.95833313,25.76333252
3130,1752,692.0908813,2558.6364746,73,24,8760,6.920908813,25.586364746
3131,1752,686.5454712,2552.0908203,73,24,8760,6.865454711999999,25.520908202999998
3132,1752,682.4000244,2561.6000977,73,24,8760,6.8240002440000005,25.616000977
3133,1752,688.5,2562.75,73,24,8760,6.885,25.6275
3134,1752,680.0,2599.125,73,24,8760,6.8,25.99125
3135,1752,681.0,2584.8000488,73,24,8760,6.81,25.848000487999997
3136,1752,674.375,2601.416748,73,24,8760,6.74375,26.01416748
3137,1752,671.7692261,2591.8461914,73,24,8760,6.717692261,25.918461913999998
3138,1752,670.0,2617.3999023,73,24,8760,6.7,26.173999023
3139,1752,636.5316162,2578.4135742,73,24,8760,6.365316162,25.784135742
3140,1752,662.5666504,2630.0334473,73,24,8760,6.625666504,26.300334473
3141,1752,738.333313,2486.666748,73,24,8760,7.38333313,24.86666748
3142,1752,727.0,2497.75,73,24,8760,7.27,24.9775
3143,1752,735.0,2474.0,73,24,8760,7.35,24.74
3144,1752,721.75,2502.75,73,24,8760,7.2175,25.0275
3145,1752,715.111084,2512.4443359,73,24,8760,7.15111084,25.124443359
3146,1752,710.444458,2532.666748,73,24,8760,7.104444580000001,25.32666748
3147,1752,705.0,2540.75,73,24,8760,7.05,25.4075
3148,1752,704.0,2534.0,73,24,8760,7.04,25.34
3149,1752,696.5999756,2527.7333984,73,24,8760,6.9659997559999995,25.277333984000002
3150,1752,692.0,2530.9260254,73,24,8760,6.92,25.309260254
3151,1752,689.666687,2530.0,73,24,8760,6.896666870000001,25.3
3152,1752,690.0454712,2578.5908203,73,24,8760,6.900454711999999,25.785908202999998
3153,1752,680.833313,2591.25,73,24,8760,6.808333129999999,25.9125
3154,1752,659.5999756,2521.8000488,73,24,8760,6.595999756,25.218000487999998
3155,1752,674.6153564,2557.1538086,73,24,8760,6.746153564,25.571538086
3156,1752,678.9272461,2536.4182129,73,24,8760,6.789272461,25.364182129
3158,1752,651.4285889,2468.1428223,73,24,8760,6.514285889,24.681428222999998
3159,1752,641.8461304,2461.2307129,73,24,8760,6.418461304,24.612307129
3160,1752,662.0952148,2505.0476074,73,24,8760,6.620952148,25.050476074
3161,1752,745.5,2458.5,73,24,8760,7.455,24.585
3162,1752,747.333313,2452.833252,73,24,8760,7.473333129999999,24.52833252
3163,1752,720.5714111,2491.1428223,73,24,8760,7.205714111,24.911428222999998
3165,1752,724.333313,2473.888916,73,24,8760,7.24333313,24.73888916
3166,1752,705.333313,2516.4443359,73,24,8760,7.0533331299999995,25.164443359000003
3167,1752,710.375,2496.75,73,24,8760,7.10375,24.9675
3168,1752,700.222229,2514.888916,73,24,8760,7.00222229,25.14888916
3169,1752,711.8181763,2496.7272949,73,24,8760,7.118181763,24.967272948999998
3170,1752,696.666687,2525.666748,73,24,8760,6.96666687,25.25666748
3171,1752,702.8181763,2515.3635254,73,24,8760,7.028181763,25.153635254
3172,1752,723.1538696,2473.0769043,73,24,8760,7.231538696,24.730769043
3173,1752,715.7368164,2483.5263672,73,24,8760,7.157368163999999,24.835263672
3174,1752,701.1538696,2518.4614258,73,24,8760,7.011538696,25.184614258
3175,1752,706.4210815,2505.1972656,73,24,8760,7.064210815,25.051972655999997
3177,1752,692.8571167,2547.1428223,73,24,8760,6.928571167,25.471428222999997
3178,1752,690.5454712,2550.4091797,73,24,8760,6.905454711999999,25.504091797
3179,1752,694.4000244,2565.6000977,73,24,8760,6.944000244,25.656000976999998
3180,1752,690.75,2576.25,73,24,8760,6.9075,25.7625
3181,1752,753.666687,2457.333252,73,24,8760,7.53666687,24.573332519999997
3182,1752,819.5,2413.0,73,24,8760,8.195,24.13
3183,1752,773.0,2434.666748,73,24,8760,7.73,24.34666748
3184,1752,857.666687,2393.333252,73,24,8760,8.57666687,23.93333252
3185,1752,785.333313,2423.0,73,24,8760,7.853333129999999,24.23
3186,1752,863.7999878,2380.8000488,73,24,8760,8.637999878,23.808000487999998
3187,1752,792.7999878,2409.3999023,73,24,8760,7.9279998780000005,24.093999023000002
3188,1752,841.5,2376.0,73,24,8760,8.415,23.76
3189,1752,749.7999878,2435.1999512,73,24,8760,7.497999878000001,24.351999512000003
3190,1752,783.0,2400.0,73,24,8760,7.83,24.0
3191,1752,912.666687,2347.0,73,24,8760,9.126666870000001,23.47
3192,1752,780.9091187,2400.7272949,73,24,8760,7.809091187,24.007272948999997
3193,1752,895.25,2344.5,73,24,8760,8.9525,23.445
3194,1752,802.2857056,2392.5715332,73,24,8760,8.022857056,23.925715332
3195,1752,807.1199951,2390.8000488,73,24,8760,8.071199951,23.908000488
3196,1752,852.0,2356.666748,73,24,8760,8.52,23.56666748
3197,1752,820.666687,2365.0,73,24,8760,8.20666687,23.65
3198,1752,853.333313,2338.25,73,24,8760,8.533333129999999,23.3825
3199,1752,788.388916,2329.333252,73,24,8760,7.88388916,23.29333252
3200,1752,753.7999878,2381.1999512,73,24,8760,7.537999878000001,23.811999512000003
3201,1752,737.3499756,2418.3000488,73,24,8760,7.373499756,24.183000487999998
3202,1752,732.7142944,2456.8571777,73,24,8760,7.327142943999999,24.568571777000002
3204,1752,748.0,2447.125,73,24,8760,7.48,24.47125
3205,1752,760.333313,2457.333252,73,24,8760,7.603333129999999,24.573332519999997
3206,1752,793.25,2432.25,73,24,8760,7.9325,24.3225
3207,1752,780.4545288,2443.4545898,73,24,8760,7.804545288000001,24.434545898
3211,1752,656.5054932,2521.6813965,73,24,8760,6.565054932000001,25.216813965
3212,1752,688.4136353,2460.9057617,73,24,8760,6.884136353,24.609057616999998
3213,1752,634.1349487,2503.611084,73,24,8760,6.341349487,25.036110840000003
3214,1752,675.2857056,2448.1428223,73,24,8760,6.752857056,24.481428222999998
3215,1752,665.888916,2441.4443359,73,24,8760,6.65888916,24.414443359000003
3216,1752,654.166687,2431.583252,73,24,8760,6.54166687,24.31583252
3217,1752,663.0296021,2399.3408203,73,24,8760,6.630296021,23.993408202999998
3218,1752,647.3977051,2486.7954102,73,24,8760,6.473977051,24.867954102
3219,1752,685.1176758,2399.5881348,73,24,8760,6.851176758,23.995881347999998
3220,1752,673.5,2419.25,73,24,8760,6.735,24.1925
3221,1752,636.1465454,2445.75,73,24,8760,6.361465454,24.4575
3222,1752,715.1917725,2343.3562012,73,24,8760,7.151917725,23.433562012000003
3223,1752,798.2428589,2307.4714355,73,24,8760,7.9824285889999995,23.074714355
3224,1752,703.1166382,2374.1333008,73,24,8760,7.031166382,23.741333008
3225,1752,817.5,2277.9707031,73,24,8760,8.175,22.779707030999997
3226,1752,802.833313,2273.9443359,73,24,8760,8.02833313,22.739443359000003
3227,1752,752.5810547,2318.5539551,73,24,8760,7.525810547,23.185539551
3228,1752,754.2038574,2275.8835449,73,24,8760,7.542038573999999,22.758835449
3230,1752,726.1958618,2279.7937012,73,24,8760,7.2619586179999995,22.797937012000002
3231,1752,800.1694946,2189.6101074,73,24,8760,8.001694946,21.896101073999997
3232,1752,730.4230957,2103.1730957,73,24,8760,7.304230957,21.031730957
3233,1752,781.3544922,2088.2592773,73,24,8760,7.813544922,20.882592773000002
3234,1752,760.201416,2059.152832,73,24,8760,7.6020141599999995,20.591528320000002
3235,1752,635.958313,2202.28125,73,24,8760,6.35958313,22.0228125
3236,1752,628.7021484,2258.3618164,73,24,8760,6.287021484,22.583618164
3237,1752,664.9629517,2100.6401367,73,24,8760,6.649629516999999,21.006401367
3238,1752,715.6170044,2125.1105957,73,24,8760,7.1561700440000005,21.251105957
3239,1752,646.7874146,2291.4882812,73,24,8760,6.467874146000001,22.914882812000002
3240,1752,636.7890015,2402.1008301,73,24,8760,6.367890015,24.021008301000002
3241,1752,631.9348755,2404.2492676,73,24,8760,6.319348755,24.042492676000002
3242,1752,632.2595215,2392.2214355,73,24,8760,6.322595215,23.922214355
3243,1752,620.6303711,2276.564209,73,24,8760,6.206303711,22.76564209
3249,1752,624.5546875,2345.2219238,73,24,8760,6.245546875,23.452219237999998
3250,1752,625.7625122,2400.4624023,73,24,8760,6.257625121999999,24.004624023
3251,1752,620.0856323,2501.7397461,73,24,8760,6.200856323,25.017397461
3254,1752,625.3157959,2429.4211426,73,24,8760,6.253157959,24.294211426
3260,1752,615.0595093,2450.348877,73,24,8760,6.150595093,24.50348877
3264,1752,624.4152832,2402.7119141,73,24,8760,6.244152832,24.027119141
3265,1752,626.6885986,2399.0881348,73,24,8760,6.266885986,23.990881348
3266,1752,635.0812988,2342.5725098,73,24,8760,6.350812988,23.425725097999997
3267,1752,645.8842163,2349.673584,73,24,8760,6.458842163000001,23.49673584
3268,1752,681.4081421,2271.0749512,73,24,8760,6.814081421,22.710749512000003
3269,1752,758.5929565,2172.1005859,73,24,8760,7.585929565,21.721005859
3270,1752,838.4634399,2132.1706543,73,24,8760,8.384634399,21.321706543
3271,1752,581.3690186,2540.1594238,73,24,8760,5.813690186,25.401594237999998
3272,1752,595.9031372,2508.137207,73,24,8760,5.959031371999999,25.08137207
3273,1752,603.7723389,2510.0356445,73,24,8760,6.037723389,25.100356445000003
3274,1752,599.3843384,2494.6049805,73,24,8760,5.993843384000001,24.946049804999998
3275,1752,650.0588379,2344.7058105,73,24,8760,6.500588379,23.447058105
3276,1752,622.0776367,2419.8359375,73,24,8760,6.220776367,24.198359375
3277,1752,708.8418579,2272.4697266,73,24,8760,7.088418579000001,22.724697266
3278,1752,638.3051147,2383.3728027,73,24,8760,6.383051147,23.833728027000003
3279,1752,635.1746216,2387.277832,73,24,8760,6.3517462160000004,23.872778320000002
3280,1752,761.1818237,2220.1169434,73,24,8760,7.611818237,22.201169433999997
3281,1752,640.3312378,2380.3999023,73,24,8760,6.403312378000001,23.803999023000003
3282,1752,693.5499878,2281.6333008,73,24,8760,6.935499878000001,22.816333008
3283,1752,653.2199097,2349.4528809,73,24,8760,6.532199097,23.494528809
3284,1752,680.6727905,2302.8432617,73,24,8760,6.806727905,23.028432617
3285,1752,736.1764526,2233.1054688,73,24,8760,7.361764525999999,22.331054688
3286,1752,627.2462158,2417.5939941,73,24,8760,6.272462158,24.175939941000003
3287,1752,614.946106,2420.9970703,73,24,8760,6.14946106,24.209970703
3289,1752,591.0691528,2469.5461426,73,24,8760,5.910691528,24.695461426
3292,1752,789.4666748,2236.1022949,73,24,8760,7.894666748,22.361022949
3293,1752,560.0585938,2546.0544434,73,24,8760,5.600585938,25.460544434
3294,1752,550.0991211,2581.4030762,73,24,8760,5.5009912110000005,25.814030762
3300,1752,596.7453613,2518.1520996,73,24,8760,5.967453613,25.181520996
3301,1752,600.2371826,2528.1428223,73,24,8760,6.002371826,25.281428223
3302,1752,624.6071167,2505.0380859,73,24,8760,6.246071167,25.050380859
3303,1752,644.8538818,2440.2922363,73,24,8760,6.448538817999999,24.402922363
3304,1752,671.2987671,2393.5727539,73,24,8760,6.712987671,23.935727539
3305,1752,750.8189697,2199.7329102,73,24,8760,7.508189697000001,21.997329102
3309,1752,634.555542,2490.8376465,73,24,8760,6.345555419999999,24.908376465
3310,1752,628.204895,2551.6638184,73,24,8760,6.28204895,25.516638183999998
3311,1752,638.1630249,2608.4238281,73,24,8760,6.381630249,26.084238280999998
3312,1752,636.3678589,2621.5546875,73,24,8760,6.363678589,26.215546875
3314,1752,532.6160278,2638.6374512,73,24,8760,5.326160278,26.386374512000003
3315,1752,584.4761963,2625.4338379,73,24,8760,5.844761963,26.254338379
3317,1752,574.177063,2777.791748,73,24,8760,5.7417706299999995,27.77791748
3318,1752,595.2457886,2781.3774414,73,24,8760,5.9524578859999995,27.813774414
3319,1752,613.4888306,2820.3200684,73,24,8760,6.134888306000001,28.203200684
3321,1752,627.9393921,2518.3303223,73,24,8760,6.279393921,25.183303223
3322,1752,610.1150513,2540.7080078,73,24,8760,6.101150513,25.407080078
3323,1752,601.3463135,2541.4416504,73,24,8760,6.013463134999999,25.414416504000002
3324,1752,582.3753052,2543.1181641,73,24,8760,5.823753052,25.431181641
3325,1752,576.4093628,2541.9980469,73,24,8760,5.764093628,25.419980469000002
3328,1752,624.6166382,2521.2165527,73,24,8760,6.246166382,25.212165527000003
3329,1752,609.6633301,2531.6464844,73,24,8760,6.096633301000001,25.316464844000002
3330,1752,595.3809814,2551.9418945,73,24,8760,5.9538098139999995,25.519418945
3331,1752,623.8927002,2498.6091309,73,24,8760,6.2389270020000005,24.986091309
3332,1752,612.75,2505.7385254,73,24,8760,6.1275,25.057385254
3333,1752,580.81073,2476.2304688,73,24,8760,5.8081073000000005,24.762304688
3334,1752,547.434082,2456.2016602,73,24,8760,5.47434082,24.562016602
3335,1752,653.3636475,2606.2727051,73,24,8760,6.533636475,26.062727051000003
3336,1752,659.8421021,2597.2895508,73,24,8760,6.598421021,25.972895508
3337,1752,614.2272949,2590.2207031,73,24,8760,6.142272949,25.902207031
3338,1752,650.1696167,2602.6159668,73,24,8760,6.501696167,26.026159668000002
3340,1752,615.1519165,2568.6342773,73,24,8760,6.151519165,25.686342773
3341,1752,523.4458618,2464.9553223,73,24,8760,5.234458618,24.649553222999998
3342,1752,505.6756897,2414.0495605,73,24,8760,5.0567568970000005,24.140495605
3345,1752,462.2391357,2381.6520996,73,24,8760,4.622391357000001,23.816520995999998
3350,1752,490.8352966,2483.6352539,73,24,8760,4.908352966,24.836352539
3351,1752,539.6459961,2563.1328125,73,24,8760,5.396459961000001,25.631328125
3352,1752,504.3898621,2519.5517578,73,24,8760,5.043898621,25.195517578
3355,1752,488.3125,2526.5625,73,24,8760,4.883125,25.265625
3356,1752,508.1333313,2515.6000977,73,24,8760,5.081333313,25.156000976999998
3357,1752,493.2142944,2427.8571777,73,24,8760,4.932142944000001,24.278571777000003
3358,1752,501.8333435,2515.666748,73,24,8760,5.018333435,25.15666748
3360,1752,542.8235474,2542.3322754,73,24,8760,5.428235474000001,25.423322754
3361,1752,540.3703613,2565.0,73,24,8760,5.403703613,25.65
3363,1752,466.9503174,2554.7080078,73,24,8760,4.669503174,25.547080078
3364,1752,467.1869507,2610.1320801,73,24,8760,4.671869507,26.101320801
3370,1752,479.1913452,2718.0578613,73,24,8760,4.791913452,27.180578612999998
3371,1752,474.4394836,2761.7197266,73,24,8760,4.744394836000001,27.617197265999998
3373,1752,491.8134766,2588.7651367,73,24,8760,4.918134766,25.887651367
3374,1752,493.7225952,2772.090332,73,24,8760,4.937225952,27.72090332
3375,1752,493.3579102,2635.4946289,73,24,8760,4.9335791019999995,26.354946289
3377,1752,494.8170776,2707.0205078,73,24,8760,4.948170776,27.070205078
3378,1752,519.3494873,2632.8349609,73,24,8760,5.193494873,26.328349609
3379,1752,532.9389648,2611.2275391,73,24,8760,5.329389648,26.112275390999997
3380,1752,493.6063843,2837.7341309,73,24,8760,4.936063843,28.377341309
3381,1752,489.1003723,2714.5275879,73,24,8760,4.891003723,27.145275879
3384,1752,472.3822937,2837.6350098,73,24,8760,4.7238229369999996,28.376350098
3385,1752,484.4133911,2924.348877,73,24,8760,4.844133911,29.24348877
3387,1752,471.2386475,2938.6955566,73,24,8760,4.712386475,29.386955566
3388,1752,462.7062378,3017.0683594,73,24,8760,4.627062378,30.170683594000003
3390,1752,465.4050293,3027.7368164,73,24,8760,4.654050293,30.277368164
3391,1752,460.5218811,3135.8483887,73,24,8760,4.605218810999999,31.358483887000002
3392,1752,455.0709534,3072.1220703,73,24,8760,4.550709534,30.721220703
3393,1752,460.9386597,3107.5791016,73,24,8760,4.609386597,31.075791015999997
3395,1752,465.8165588,3150.6965332,73,24,8760,4.658165588,31.506965332
3396,1752,479.9311523,3170.0480957,73,24,8760,4.799311523,31.700480957
3400,1752,488.2000122,2983.3601074,73,24,8760,4.882000122,29.833601073999997
3401,1752,509.4894714,2892.6801758,73,24,8760,5.0948947140000005,28.926801758
3407,1752,557.5631104,2707.3994141,73,24,8760,5.575631104,27.073994141
3409,1752,540.4777222,2896.4997559,73,24,8760,5.404777222,28.964997558999997
3412,1752,557.9906616,2903.8850098,73,24,8760,5.579906616,29.038850097999998
3413,1752,586.5769653,2879.7634277,73,24,8760,5.865769653,28.797634277
3414,1752,484.5093079,3066.9770508,73,24,8760,4.845093079,30.669770508000003
3415,1752,551.6808472,2969.9147949,73,24,8760,5.516808472,29.699147948999997
3418,1752,522.437561,3022.3222656,73,24,8760,5.224375609999999,30.223222655999997
3419,1752,565.1586914,2966.9697266,73,24,8760,5.651586913999999,29.669697266
3420,1752,568.9570923,2970.2302246,73,24,8760,5.689570923,29.702302246
3423,1752,489.1619568,3111.2084961,73,24,8760,4.891619567999999,31.112084961
3424,1752,494.8181152,3146.0795898,73,24,8760,4.948181152,31.460795898
3427,1752,625.5294189,2585.4707031,73,24,8760,6.255294189,25.854707030999997
3428,1752,657.3939209,2628.1818848,73,24,8760,6.573939209,26.281818847999997
3429,1752,600.6704712,2578.9716797,73,24,8760,6.0067047119999994,25.789716797
3430,1752,588.6477051,2598.7272949,73,24,8760,5.886477051000001,25.987272948999998
3431,1752,528.0,2516.2570801,73,24,8760,5.28,25.162570801
3432,1752,553.7307739,2564.0385742,73,24,8760,5.537307739,25.640385742
3433,1752,531.3461304,2546.4230957,73,24,8760,5.313461304,25.464230956999998
3434,1752,481.3772583,2487.1557617,73,24,8760,4.8137725829999995,24.871557616999997
3435,1752,459.8320923,2551.8806152,73,24,8760,4.598320923,25.518806152000003
3437,1752,515.4619751,2464.8913574,73,24,8760,5.154619751,24.648913573999998
3438,1752,509.5384521,2481.7307129,73,24,8760,5.095384521,24.817307129
3440,1752,487.0,2463.3249512,73,24,8760,4.87,24.633249512000003
3441,1752,412.6176453,2334.2941895,73,24,8760,4.126176453,23.342941895
3442,1752,444.2737122,2451.572998,73,24,8760,4.442737122,24.51572998
3444,1752,456.5252991,2664.1269531,73,24,8760,4.5652529909999995,26.641269531
3446,1752,449.2873535,2619.4711914,73,24,8760,4.492873535,26.194711914
3447,1752,451.5799866,2666.6999512,73,24,8760,4.515799866,26.666999512000004
3448,1752,450.9058228,2736.3632812,73,24,8760,4.509058228,27.363632812000002
3450,1752,460.375,2787.25,73,24,8760,4.60375,27.8725
3451,1752,463.263855,2748.1303711,73,24,8760,4.632638549999999,27.481303711
3453,1752,432.7192993,2779.9765625,73,24,8760,4.327192993,27.799765625
3458,1752,445.2247314,2385.6882324,73,24,8760,4.452247314,23.856882323999997
3460,1752,436.116272,2489.6279297,73,24,8760,4.361162719999999,24.896279297
3461,1752,440.4380493,2525.3393555,73,24,8760,4.404380493,25.253393555
3462,1752,472.6142883,2815.0429688,73,24,8760,4.726142883,28.150429688
3463,1752,451.6011353,2886.2358398,73,24,8760,4.516011353,28.862358398
3464,1752,466.170929,2883.9743652,73,24,8760,4.66170929,28.839743652000003
3465,1752,466.0479431,2864.7614746,73,24,8760,4.660479431,28.647614746
3467,1752,470.759613,2837.875,73,24,8760,4.70759613,28.37875
3468,1752,464.6712341,2692.1962891,73,24,8760,4.646712341,26.921962891
3469,1752,462.427948,2690.4846191,73,24,8760,4.62427948,26.904846191
3472,1752,449.2289429,2922.6220703,73,24,8760,4.4922894289999995,29.226220703
3475,1752,445.1104431,2960.9802246,73,24,8760,4.451104431,29.609802246
3477,1752,450.394104,2965.7670898,73,24,8760,4.50394104,29.657670898000003
3478,1752,445.3500061,2839.9438477,73,24,8760,4.453500061,28.399438477
3480,1752,448.5238953,3094.5683594,73,24,8760,4.485238953,30.945683594000002
3482,1752,448.245636,3130.4758301,73,24,8760,4.48245636,31.304758301000003
3483,1752,453.4456787,3164.0788574,73,24,8760,4.534456787,31.640788574
3485,1752,468.4274292,3184.0876465,73,24,8760,4.6842742920000005,31.840876465
3487,1752,483.6730042,3191.6604004,73,24,8760,4.836730042,31.916604004
3488,1752,498.7207642,3192.0161133,73,24,8760,4.987207642,31.920161133
3489,1752,509.6504517,3214.7565918,73,24,8760,5.0965045170000005,32.147565918
3490,1752,534.6576538,3179.2558594,73,24,8760,5.346576538000001,31.792558594000003
3491,1752,511.5696716,3191.5722656,73,24,8760,5.1156967159999995,31.915722656
3494,1752,528.8387451,3262.4221191,73,24,8760,5.288387451,32.624221191000004
3496,1752,521.0772095,3239.5895996,73,24,8760,5.210772094999999,32.395895996
3498,1752,524.3485107,3268.5151367,73,24,8760,5.243485107000001,32.685151366999996
3500,1752,524.3466797,3276.666748,73,24,8760,5.243466797,32.76666748
3501,1752,528.2946167,3258.2009277,73,24,8760,5.282946167,32.582009277000004
3505,1752,522.8455811,3275.2021484,73,24,8760,5.228455811,32.752021484000004
3506,1752,541.8060913,3177.9042969,73,24,8760,5.418060913000001,31.779042969000002
3507,1752,535.6929932,3217.0532227,73,24,8760,5.356929932000001,32.170532226999995
3509,1752,539.196106,3208.7033691,73,24,8760,5.39196106,32.087033691
3512,1752,540.866333,3140.5454102,73,24,8760,5.40866333,31.405454102
3515,1752,442.0666809,2943.2978516,73,24,8760,4.420666809,29.432978516
3516,1752,437.9415283,3036.8771973,73,24,8760,4.379415283,30.368771972999998
3517,1752,434.1894226,3066.0319824,73,24,8760,4.341894226,30.660319824
3518,1752,434.4003601,3052.0148926,73,24,8760,4.344003601,30.520148926
3520,1752,434.7920837,3101.0395508,73,24,8760,4.347920837,31.010395508000002
3521,1752,497.8157959,2738.7456055,73,24,8760,4.978157959,27.387456054999998
3522,1752,469.2303772,2732.4501953,73,24,8760,4.692303772,27.324501953
3523,1752,464.8291931,2907.8686523,73,24,8760,4.648291931,29.078686523000002
3525,1752,439.881958,3109.2592773,73,24,8760,4.39881958,31.092592773
3527,1752,445.2601624,3157.1796875,73,24,8760,4.452601624,31.571796875
3529,1752,451.503418,3180.6096191,73,24,8760,4.51503418,31.806096191
3530,1752,458.1835022,3192.2021484,73,24,8760,4.581835022,31.922021484000002
3531,1752,468.8811035,3205.4421387,73,24,8760,4.688811035,32.054421387000005
3533,1752,493.3754578,3221.9772949,73,24,8760,4.933754578,32.219772948999996
3537,1752,440.167511,3165.9589844,73,24,8760,4.40167511,31.659589844000003
3540,1752,448.4770203,3184.3659668,73,24,8760,4.484770203,31.843659668
3542,1752,457.6836853,3193.1071777,73,24,8760,4.576836853,31.931071777000003
3544,1752,475.5997925,3217.2949219,73,24,8760,4.755997925,32.172949219
3546,1752,503.6301575,3244.9375,73,24,8760,5.0363015749999995,32.449375
3549,1752,514.9633179,3255.5075684,73,24,8760,5.149633179,32.555075684
3550,1752,436.0769348,2932.3076172,73,24,8760,4.360769348,29.323076172
3551,1752,444.6003418,2954.0112305,73,24,8760,4.446003418,29.540112304999997
3555,1752,434.3250122,2891.3999023,73,24,8760,4.343250122,28.913999023000002
3556,1752,435.9076233,3008.3413086,73,24,8760,4.359076233,30.083413086
3557,1752,443.2359619,3005.5617676,73,24,8760,4.432359619,30.055617676
3558,1752,439.6880493,3052.2390137,73,24,8760,4.396880493,30.522390137000002
3559,1752,446.2894592,3033.0964355,73,24,8760,4.4628945920000005,30.330964355000003
3561,1752,435.9829712,3091.8266602,73,24,8760,4.359829712,30.918266602
3562,1752,435.777771,3159.458252,73,24,8760,4.35777771,31.59458252
3563,1752,436.3500061,3116.3666992,73,24,8760,4.363500061,31.163666992
3564,1752,435.0015564,3142.3740234,73,24,8760,4.3500155640000004,31.423740234
3565,1752,435.0877075,3130.9824219,73,24,8760,4.3508770750000005,31.309824219000003
3566,1752,439.9448853,3181.795166,73,24,8760,4.399448853,31.81795166
3567,1752,442.0969849,3187.9394531,73,24,8760,4.420969849,31.879394531
3568,1752,445.569458,3199.3171387,73,24,8760,4.45569458,31.993171387000004
3570,1752,434.2809753,3064.9650879,73,24,8760,4.342809753,30.649650879
3571,1752,433.7930908,3103.5029297,73,24,8760,4.337930908000001,31.035029297
3572,1752,434.100708,3114.8562012,73,24,8760,4.34100708,31.148562012000003
3573,1752,435.552887,3141.7692871,73,24,8760,4.35552887,31.417692871
3575,1752,437.7388,3163.5788574,73,24,8760,4.377388,31.635788574
3576,1752,437.0548096,3159.5615234,73,24,8760,4.370548096,31.595615234
3579,1752,451.5280457,3203.8110352,73,24,8760,4.515280457,32.038110352
3580,1752,450.7377014,3217.5737305,73,24,8760,4.507377014,32.175737305
3581,1752,458.2973022,3214.8581543,73,24,8760,4.582973022,32.148581543
3583,1752,464.5666809,3221.5334473,73,24,8760,4.645666809,32.215334473
3584,1752,467.6464539,3221.7070312,73,24,8760,4.6764645389999995,32.217070312000004
3585,1752,478.6076355,3218.6728516,73,24,8760,4.7860763550000005,32.186728515999995
3586,1752,476.5700378,3230.2270508,73,24,8760,4.765700378,32.302270508
3588,1752,480.1212158,3227.4545898,73,24,8760,4.801212158,32.274545898
3589,1752,481.612915,3236.9677734,73,24,8760,4.81612915,32.369677734
3590,1752,481.6774292,3240.8063965,73,24,8760,4.816774292,32.408063965000004
3591,1752,483.7894592,3232.157959,73,24,8760,4.8378945920000005,32.32157959
3594,1752,487.0357056,3238.6784668,73,24,8760,4.870357056,32.386784668
3595,1752,486.3589783,3228.7692871,73,24,8760,4.863589783,32.287692871
3596,1752,490.75,3236.0571289,73,24,8760,4.9075,32.360571289
3597,1752,500.6925659,3257.0332031,73,24,8760,5.006925659,32.570332031
3599,1752,505.7730103,3268.3066406,73,24,8760,5.057730103,32.683066405999995
3607,1752,485.5750122,2956.3374023,73,24,8760,4.855750122,29.563374023
3608,1752,470.9337158,2972.8239746,73,24,8760,4.709337158,29.728239746
3610,1752,452.5413513,3026.6391602,73,24,8760,4.525413513,30.266391602
3612,1752,452.0191956,3012.4733887,73,24,8760,4.520191956,30.124733887
3614,1752,443.6428528,3054.7380371,73,24,8760,4.436428528,30.547380371
3616,1752,440.5287781,3065.9892578,73,24,8760,4.405287781,30.659892577999997
3617,1752,439.09375,3070.8125,73,24,8760,4.3909375,30.708125
3618,1752,437.3050842,3079.9152832,73,24,8760,4.3730508420000005,30.799152832
3620,1752,434.6889038,3097.2888184,73,24,8760,4.346889038,30.972888184
3621,1752,433.8888855,3111.2539062,73,24,8760,4.338888855,31.112539062
3622,1752,434.0123596,3112.1481934,73,24,8760,4.340123596000001,31.121481934
3623,1752,442.2945862,3064.8217773,73,24,8760,4.422945862000001,30.648217773000002
3624,1752,438.3780518,3074.8779297,73,24,8760,4.383780518,30.748779297000002
3629,1752,434.5816956,3093.3562012,73,24,8760,4.345816956,30.933562012000003
3630,1752,436.027771,3074.326416,73,24,8760,4.36027771,30.74326416
3631,1752,438.5918884,3067.5063477,73,24,8760,4.3859188840000005,30.675063477
3633,1752,431.8518372,3097.8518066,73,24,8760,4.318518372,30.978518066000003
3634,1752,430.6116638,3107.0646973,73,24,8760,4.306116638,31.070646973
3635,1752,431.5409851,3116.4916992,73,24,8760,4.315409851,31.164916992
3636,1752,430.3094482,3128.815918,73,24,8760,4.3030944820000006,31.288159179999997
3637,1752,434.2401733,3144.4541016,73,24,8760,4.342401733,31.444541016
3638,1752,433.6083984,3137.7058105,73,24,8760,4.336083984,31.377058105
3639,1752,433.9558105,3151.8112793,73,24,8760,4.339558105,31.518112793
3640,1752,432.6829224,3142.2438965,73,24,8760,4.326829224,31.422438965
3641,1752,435.9686279,3159.1608887,73,24,8760,4.359686279,31.591608887000003
3644,1752,433.7773132,3167.4118652,73,24,8760,4.337773132,31.674118652
3646,1752,423.8058777,3099.8647461,73,24,8760,4.238058777,30.998647461
3647,1752,424.9411621,3060.6469727,73,24,8760,4.249411621,30.606469727
3649,1752,427.5279541,3149.3354492,73,24,8760,4.275279541,31.493354491999998
3658,1752,513.909729,2608.1308594,73,24,8760,5.13909729,26.081308594000003
3659,1752,493.2584229,2698.6628418,73,24,8760,4.932584229000001,26.986628418
3660,1752,493.1885071,2770.6086426,73,24,8760,4.931885071,27.706086426000002
3662,1752,490.9562988,2895.2766113,73,24,8760,4.909562988,28.952766113
3663,1752,499.1000061,2925.1713867,73,24,8760,4.991000060999999,29.251713867
3664,1752,475.1315918,2832.3991699,73,24,8760,4.751315918,28.323991698999997
3665,1752,473.3829651,2930.3032227,73,24,8760,4.733829651,29.303032227
3666,1752,449.0656433,2869.2458496,73,24,8760,4.490656433,28.692458496
3669,1752,422.1828003,2923.7097168,73,24,8760,4.221828003,29.237097168000002
3670,1752,423.1275024,2950.4064941,73,24,8760,4.231275024,29.504064941000003
3672,1752,424.7836914,3047.6081543,73,24,8760,4.2478369140000005,30.476081543
3673,1752,412.4699402,2940.807373,73,24,8760,4.124699402,29.40807373
3675,1752,401.0061951,3042.1694336,73,24,8760,4.010061951,30.421694336
3677,1752,395.4489746,3127.1225586,73,24,8760,3.9544897459999997,31.271225586
3678,1752,370.3261108,2897.1330566,73,24,8760,3.703261108,28.971330566000002
3682,1752,388.9737549,3143.0932617,73,24,8760,3.8897375490000003,31.430932617
3683,1752,375.3148193,3080.5852051,73,24,8760,3.753148193,30.805852051000002
3685,1752,394.3208008,3178.2138672,73,24,8760,3.9432080079999996,31.782138672000002
3687,1752,398.0,3193.1943359,73,24,8760,3.98,31.931943359
3688,1752,371.8200989,3074.1586914,73,24,8760,3.718200989,30.741586914
3690,1752,377.5802612,3134.3703613,73,24,8760,3.775802612,31.343703613
3691,1752,337.09552,2941.972168,73,24,8760,3.3709552,29.41972168
3695,1752,339.0607605,2932.9116211,73,24,8760,3.390607605,29.329116211
3697,1752,279.9142761,2649.0070801,73,24,8760,2.799142761,26.490070801
3698,1752,287.6400146,2615.3798828,73,24,8760,2.876400146,26.153798828
3699,1752,37.9881439,2098.4941406,73,24,8760,0.379881439,20.984941405999997
3700,1752,341.8214417,2987.5393066,73,24,8760,3.4182144169999997,29.875393066
3701,1752,278.1442261,2704.2995605,73,24,8760,2.7814422610000005,27.042995605
3704,1752,287.9166565,2797.1191406,73,24,8760,2.879166565,27.971191406
3705,1752,290.117157,2925.4436035,73,24,8760,2.9011715700000003,29.254436034999998
3707,1752,198.0427399,2566.114502,73,24,8760,1.9804273989999999,25.66114502
3708,1752,291.7948608,3017.7050781,73,24,8760,2.9179486079999997,30.177050781
3709,1752,289.3925781,2900.6591797,73,24,8760,2.8939257809999996,29.006591797000002
3711,1752,546.828125,2631.109375,73,24,8760,5.46828125,26.31109375
3712,1752,359.5484924,2347.105957,73,24,8760,3.595484924,23.47105957
3713,1752,449.7585754,2550.9672852,73,24,8760,4.497585754,25.509672851999998
3714,1752,509.6991882,2733.4375,73,24,8760,5.096991882,27.334375
3715,1752,454.8312378,2764.7426758,73,24,8760,4.548312378,27.647426758
3717,1752,526.7637329,2641.2705078,73,24,8760,5.267637329,26.412705078
3718,1752,506.7816162,2731.1149902,73,24,8760,5.067816162,27.311149902
3719,1752,476.2627258,2758.1611328,73,24,8760,4.762627258,27.581611327999997
3720,1752,448.9214783,2754.8325195,73,24,8760,4.4892147829999995,27.548325195000004
3722,1752,440.1666565,2759.3110352,73,24,8760,4.401666565,27.593110352
3723,1752,352.0756836,2459.2158203,73,24,8760,3.520756836,24.592158203
3725,1752,417.2574158,3076.1418457,73,24,8760,4.172574158,30.761418457
3726,1752,410.9183655,3100.8366699,73,24,8760,4.109183655,31.008366699
3727,1752,413.7836609,3121.2856445,73,24,8760,4.137836609,31.212856445000003
3728,1752,415.6488037,3141.4047852,73,24,8760,4.156488037,31.414047852
3730,1752,417.7489929,3167.4958496,73,24,8760,4.177489929,31.674958496
3732,1752,388.5833435,2895.4562988,73,24,8760,3.8858334350000003,28.954562988
3733,1752,404.0877075,2915.2807617,73,24,8760,4.040877075,29.152807616999997
3735,1752,383.7028198,3009.0141602,73,24,8760,3.837028198,30.090141602
3737,1752,311.1082764,2617.9865723,73,24,8760,3.1110827640000003,26.179865723
3738,1752,375.7241516,2944.8964844,73,24,8760,3.757241516,29.448964844000002
3739,1752,369.0943298,2901.4904785,73,24,8760,3.690943298,29.014904785
3740,1752,275.0740051,2559.5776367,73,24,8760,2.750740051,25.595776367
3741,1752,164.4647064,2312.4938965,73,24,8760,1.6446470640000002,23.124938965000002
3744,1752,342.8636475,2735.5227051,73,24,8760,3.4286364750000002,27.355227051
3746,1752,374.2000122,3045.3000488,73,24,8760,3.742000122,30.453000487999997
3747,1752,338.0259399,2879.4316406,73,24,8760,3.3802593990000003,28.794316405999997
3749,1752,345.8930359,2924.8503418,73,24,8760,3.4589303589999996,29.248503418
3750,1752,644.5283203,2612.5849609,73,24,8760,6.445283203,26.125849609000003
3751,1752,630.2142944,2627.6428223,73,24,8760,6.302142944,26.276428222999996
3752,1752,660.7825928,2624.956543,73,24,8760,6.607825928,26.249565429999997
3753,1752,594.5438843,2604.2104492,73,24,8760,5.945438843,26.042104492
3754,1752,650.7636108,2642.309082,73,24,8760,6.507636108000001,26.423090820000002
3755,1752,635.3076782,2644.6923828,73,24,8760,6.3530767820000005,26.446923828
3756,1752,564.0841675,2599.0693359,73,24,8760,5.640841675000001,25.990693359
3757,1752,558.128479,2529.777832,73,24,8760,5.58128479,25.297778320000003
3758,1752,545.2666626,2596.3554688,73,24,8760,5.452666626,25.963554688
3759,1752,657.3499756,2652.3000488,73,24,8760,6.573499756,26.523000487999997
3760,1752,639.1538696,2616.9230957,73,24,8760,6.3915386960000005,26.169230957
3761,1752,631.1080933,2631.9189453,73,24,8760,6.3110809329999995,26.319189453
3762,1752,533.512207,2579.9511719,73,24,8760,5.33512207,25.799511719
3763,1752,564.4071045,2532.8937988,73,24,8760,5.644071045,25.328937987999996
3764,1752,522.4421387,2696.4260254,73,24,8760,5.224421387,26.964260254
3765,1752,653.416687,2541.083252,73,24,8760,6.53416687,25.41083252
3766,1752,623.888916,2461.4443359,73,24,8760,6.23888916,24.614443359000003
3767,1752,597.625,2369.25,73,24,8760,5.97625,23.6925
3770,1752,654.5,2672.2246094,73,24,8760,6.545,26.722246094000003
3775,1752,638.0056763,2653.4318848,73,24,8760,6.380056763,26.534318847999998
3777,1752,540.5877686,2475.295166,73,24,8760,5.405877686,24.752951659999997
3778,1752,505.4363708,2435.0681152,73,24,8760,5.054363708,24.350681152000003
3779,1752,391.5121155,2268.9326172,73,24,8760,3.915121155,22.689326172
3781,1752,643.9069824,2517.1396484,73,24,8760,6.439069824,25.171396484000002
3782,1752,651.1098633,2527.7143555,73,24,8760,6.5110986330000005,25.277143555
3783,1752,621.3432617,2491.0397949,73,24,8760,6.213432617,24.910397949
3785,1752,629.833313,2410.333252,73,24,8760,6.29833313,24.10333252
3786,1752,596.5,2329.25,73,24,8760,5.965,23.2925
3787,1752,585.4000244,2316.8000488,73,24,8760,5.854000244,23.168000487999997
3788,1752,598.2857056,2369.9284668,73,24,8760,5.982857056,23.699284668
3789,1752,618.0,2389.0,73,24,8760,6.18,23.89
3791,1752,625.416687,2426.833252,73,24,8760,6.254166870000001,24.268332519999998
3792,1752,629.0,2436.0,73,24,8760,6.29,24.36
3793,1752,645.0499878,2513.0500488,73,24,8760,6.4504998780000005,25.130500488
3795,1752,638.9000244,2515.9333496,73,24,8760,6.389000244,25.159333496
3796,1752,652.0,2572.5,73,24,8760,6.52,25.725
3797,1752,582.1831055,2455.8027344,73,24,8760,5.8218310550000005,24.558027344000003
3799,1752,487.0298157,2352.15625,73,24,8760,4.870298157,23.5215625
3802,1752,690.7857056,2544.7143555,73,24,8760,6.907857056,25.447143554999997
3803,1752,689.5,2550.0,73,24,8760,6.895,25.5
3804,1752,679.31427,2540.6286621,73,24,8760,6.7931427,25.406286621
3805,1752,684.6153564,2550.2307129,73,24,8760,6.846153564,25.502307129000002
3806,1752,676.6595459,2532.2978516,73,24,8760,6.766595459,25.322978516
3807,1752,673.7333374,2539.2666016,73,24,8760,6.737333373999999,25.392666016
3808,1752,657.5428467,2501.2285156,73,24,8760,6.575428467,25.012285155999997
3809,1752,673.0217285,2549.0,73,24,8760,6.730217285,25.49
3810,1752,664.1582642,2543.3022461,73,24,8760,6.6415826419999995,25.433022461
3812,1752,658.7244873,2562.5510254,73,24,8760,6.5872448729999995,25.625510254
3813,1752,646.1126709,2541.9577637,73,24,8760,6.461126709,25.419577637000003
3814,1752,649.9746704,2565.392334,73,24,8760,6.4997467040000005,25.653923340000002
3815,1752,644.8725586,2584.862793,73,24,8760,6.448725586,25.84862793
3816,1752,638.2960815,2594.3552246,73,24,8760,6.382960815000001,25.943552246
3818,1752,626.9199829,2539.6435547,73,24,8760,6.269199829000001,25.396435547
3820,1752,617.8701172,2537.5454102,73,24,8760,6.178701172,25.375454102
3821,1752,611.3046265,2502.2980957,73,24,8760,6.113046265,25.022980957
3822,1752,617.8474731,2542.0507812,73,24,8760,6.178474731,25.420507812
3823,1752,604.7440186,2478.0080566,73,24,8760,6.047440186,24.780080566000002
3824,1752,601.8009644,2490.5498047,73,24,8760,6.018009644,24.905498047000002
3825,1752,505.9307556,2400.7219238,73,24,8760,5.059307556,24.007219237999998
3831,1752,592.5280762,2513.9831543,73,24,8760,5.925280762,25.139831543
3832,1752,567.0980225,2448.3530273,73,24,8760,5.670980224999999,24.483530273
3833,1752,439.8265381,2246.4143066,73,24,8760,4.398265381,22.464143066000002
3835,1752,592.8551025,2395.0290527,73,24,8760,5.928551025000001,23.950290527000003
3840,1752,594.046814,2470.3186035,73,24,8760,5.94046814,24.703186034999998
3842,1752,601.9500122,2481.5,73,24,8760,6.019500121999999,24.815
3844,1752,588.9136353,2438.9033203,73,24,8760,5.8891363530000005,24.389033203
3847,1752,594.6160278,2465.9794922,73,24,8760,5.946160278,24.659794922
3850,1752,596.4799805,2517.0400391,73,24,8760,5.964799805,25.170400390999998
3851,1752,639.6592407,2419.5048828,73,24,8760,6.396592407000001,24.195048827999997
3852,1752,599.222229,2510.222168,73,24,8760,5.99222229,25.10222168
3854,1752,589.0115356,2571.4682617,73,24,8760,5.890115356,25.714682616999998
3856,1752,573.9533081,2527.5800781,73,24,8760,5.739533080999999,25.275800780999997
3857,1752,579.9705811,2578.4118652,73,24,8760,5.799705811,25.784118652000004
3858,1752,372.6412659,2340.3688965,73,24,8760,3.726412659,23.403688965
3859,1752,575.6855469,2600.2629395,73,24,8760,5.756855469,26.002629395
3860,1752,484.9691162,2449.0495605,73,24,8760,4.849691162,24.490495605
3862,1752,426.5851746,2434.439209,73,24,8760,4.265851746,24.34439209
3864,1752,580.9358521,2542.6311035,73,24,8760,5.809358521,25.426311034999998
3865,1752,590.6153564,2558.5385742,73,24,8760,5.906153564,25.585385742
3869,1752,599.8400269,2421.1201172,73,24,8760,5.998400269,24.211201172000003
3870,1752,592.2213745,2335.3984375,73,24,8760,5.9222137450000005,23.353984375
3871,1752,609.6576538,2398.1796875,73,24,8760,6.096576538000001,23.981796875
3873,1752,592.6373901,2410.5825195,73,24,8760,5.926373901,24.105825195
3874,1752,698.4029541,2327.9194336,73,24,8760,6.984029541,23.279194336
3875,1752,539.7198486,2464.2045898,73,24,8760,5.397198486,24.642045898000003
3878,1752,626.388916,2464.166748,73,24,8760,6.26388916,24.641667480000002
3880,1752,724.8771973,2353.6958008,73,24,8760,7.248771973,23.536958008000003
3882,1752,616.3088379,2503.7646484,73,24,8760,6.1630883789999995,25.037646484000003
3885,1752,408.8094788,2374.8908691,73,24,8760,4.088094788,23.748908691
3886,1752,693.9122925,2384.1755371,73,24,8760,6.939122925,23.841755370999998
3887,1752,627.2336426,2457.1745605,73,24,8760,6.272336426000001,24.571745605
3888,1752,450.4900513,2347.0219727,73,24,8760,4.504900513,23.470219727
3889,1752,569.255127,2377.4558105,73,24,8760,5.69255127,23.774558105
3890,1752,544.75,2379.2866211,73,24,8760,5.4475,23.792866211
3891,1752,613.9187622,2383.5605469,73,24,8760,6.139187622,23.835605469
3892,1752,723.1755371,2301.6367188,73,24,8760,7.231755371,23.016367188
3893,1752,513.3543091,2442.3847656,73,24,8760,5.133543091,24.423847656
3895,1752,483.3379211,2514.1379395,73,24,8760,4.8333792110000005,25.141379394999998
3896,1752,314.0583496,2339.401123,73,24,8760,3.1405834959999996,23.39401123
3898,1752,201.0366058,2297.3762207,73,24,8760,2.010366058,22.973762207
3900,1752,159.9522247,2290.9035645,73,24,8760,1.599522247,22.909035645
3902,1752,623.8518677,2488.8146973,73,24,8760,6.238518676999999,24.888146972999998
3903,1752,631.8139648,2468.8371582,73,24,8760,6.318139648,24.688371582
3904,1752,664.1851807,2404.1481934,73,24,8760,6.641851807,24.041481934
3909,1752,697.2056274,2383.560791,73,24,8760,6.972056274,23.83560791
3910,1752,700.2857056,2427.2856445,73,24,8760,7.002857056,24.272856445000002
3911,1752,700.1764526,2418.0,73,24,8760,7.001764526,24.18
3912,1752,696.7671509,2438.0959473,73,24,8760,6.9676715090000005,24.380959472999997
3913,1752,691.666687,2429.083252,73,24,8760,6.91666687,24.29083252
3915,1752,694.0307617,2404.322998,73,24,8760,6.940307616999999,24.04322998
3916,1752,758.3428345,2295.6286621,73,24,8760,7.583428345,22.956286621
3918,1752,695.2352905,2407.2353516,73,24,8760,6.952352905000001,24.072353516
3919,1752,710.4285889,2392.8571777,73,24,8760,7.104285889,23.928571777000002
3920,1752,742.6875,2352.0625,73,24,8760,7.426875,23.520625
3921,1752,698.3942871,2412.1257324,73,24,8760,6.983942871,24.121257324
3922,1752,799.8955078,2279.6567383,73,24,8760,7.998955078,22.796567383000003
3923,1752,773.625,2310.75,73,24,8760,7.73625,23.1075
3925,1752,848.7241211,2247.5517578,73,24,8760,8.487241211,22.475517577999998
3926,1752,698.4716797,2368.0942383,73,24,8760,6.984716797,23.680942383
3927,1752,746.5714111,2341.5715332,73,24,8760,7.465714111,23.415715332
3928,1752,699.9285889,2293.8571777,73,24,8760,6.999285889,22.938571777000003
3929,1752,796.5357056,2241.5178223,73,24,8760,7.965357056,22.415178222999998
3930,1752,825.375,2293.791748,73,24,8760,8.25375,22.93791748
3931,1752,812.0476074,2307.1904297,73,24,8760,8.120476073999999,23.071904297
3933,1752,697.1136475,2404.2045898,73,24,8760,6.971136475,24.042045898
3934,1752,827.7879028,2278.6364746,73,24,8760,8.277879028,22.786364746
3936,1752,786.0454712,2273.1135254,73,24,8760,7.860454711999999,22.731135254
3937,1752,708.2999878,2292.6499023,73,24,8760,7.082999878000001,22.926499023
3938,1752,867.7999878,2232.3999023,73,24,8760,8.677999878000001,22.323999023000002
3939,1752,780.8969116,2265.7114258,73,24,8760,7.808969115999999,22.657114258
3940,1752,854.5,2251.25,73,24,8760,8.545,22.5125
3941,1752,868.7600098,2234.5600586,73,24,8760,8.687600098,22.345600586
3942,1752,890.0,2224.0,73,24,8760,8.9,22.24
3943,1752,905.7142944,2215.0,73,24,8760,9.057142943999999,22.15
3944,1752,899.166687,2220.583252,73,24,8760,8.99166687,22.205832519999998
3945,1752,643.8653564,2441.9936523,73,24,8760,6.438653564,24.419936523
3946,1752,637.2553101,2423.5107422,73,24,8760,6.372553100999999,24.235107422000002
3950,1752,628.2268677,2414.3696289,73,24,8760,6.282268676999999,24.143696289
3951,1752,639.3668823,2432.9645996,73,24,8760,6.3936688230000005,24.329645996
3953,1752,633.0298462,2445.2424316,73,24,8760,6.330298461999999,24.452424316000002
3954,1752,646.916687,2466.5,73,24,8760,6.4691668700000005,24.665
3956,1752,720.631897,2353.1982422,73,24,8760,7.20631897,23.531982422000002
3957,1752,642.0615234,2438.6308594,73,24,8760,6.4206152340000004,24.386308594000003
3958,1752,656.1296387,2432.4536133,73,24,8760,6.561296387,24.324536133000002
3959,1752,703.7877197,2337.5612793,73,24,8760,7.037877197,23.375612793000002
3960,1752,745.4221802,2225.7526855,73,24,8760,7.454221801999999,22.257526855000002
3962,1752,645.8040771,2321.6621094,73,24,8760,6.458040770999999,23.216621094
3964,1752,732.0,2312.0,73,24,8760,7.32,23.12
3965,1752,714.8181763,2314.1818848,73,24,8760,7.148181763,23.141818848
3966,1752,653.8780518,2362.9350586,73,24,8760,6.538780517999999,23.629350586
3967,1752,693.3522949,2337.6135254,73,24,8760,6.933522948999999,23.376135254
3971,1752,657.4550781,2341.2155762,73,24,8760,6.574550781,23.412155762
3975,1752,691.2307739,2518.0769043,73,24,8760,6.912307739,25.180769043
3976,1752,687.9230957,2542.7692871,73,24,8760,6.879230957,25.427692870999998
3977,1752,696.1643677,2471.5615234,73,24,8760,6.961643677,24.715615234
3978,1752,677.5876465,2526.8041992,73,24,8760,6.775876465,25.268041991999997
3979,1752,651.1594238,2432.6086426,73,24,8760,6.511594238,24.326086426000003
3980,1752,726.5263062,2423.2104492,73,24,8760,7.265263062,24.232104491999998
3981,1752,664.4326782,2531.2932129,73,24,8760,6.644326782,25.312932129
3984,1752,670.0736084,2480.9782715,73,24,8760,6.700736084,24.809782715
3987,1752,646.9230957,2488.2692871,73,24,8760,6.469230957,24.882692871
3988,1752,631.8359375,2464.953125,73,24,8760,6.318359375,24.64953125
3990,1752,666.1481323,2429.8146973,73,24,8760,6.661481323,24.298146972999998
3991,1752,691.0,2414.229248,73,24,8760,6.91,24.142292480000002
3992,1752,682.9368286,2396.842041,73,24,8760,6.829368286,23.96842041
3995,1752,732.585022,2352.6450195,73,24,8760,7.3258502199999995,23.526450195000002
3996,1752,718.7748413,2359.1523438,73,24,8760,7.1877484130000004,23.591523438
4000,1752,807.75,2961.25,73,24,8760,8.0775,29.6125
4005,1752,820.5,2952.5,73,24,8760,8.205,29.525
4006,1752,815.5,2954.166748,73,24,8760,8.155,29.54166748
4007,1752,846.0,2931.0,73,24,8760,8.46,29.31
4008,1752,996.8510742,2855.3190918,73,24,8760,9.968510742,28.553190918
4009,1752,864.0,2925.1999512,73,24,8760,8.64,29.251999512
4010,1752,825.5,2951.0,73,24,8760,8.255,29.51
4011,1752,845.5999756,2930.8000488,73,24,8760,8.455999756,29.308000487999998
4012,1752,851.0,2928.125,73,24,8760,8.51,29.28125
4013,1752,880.666687,2909.0,73,24,8760,8.80666687,29.09
4014,1752,962.888916,2868.0,73,24,8760,9.62888916,28.68
4017,1752,1000.6190186,2846.8095703,73,24,8760,10.006190186,28.468095703
4018,1752,899.333313,2894.333252,73,24,8760,8.99333313,28.94333252
4019,1752,1113.75,2803.666748,73,24,8760,11.1375,28.036667480000002
4020,1752,1140.2307129,2796.7692871,73,24,8760,11.402307129,27.967692871
4021,1752,1031.5,2836.5,73,24,8760,10.315,28.365
4022,1752,1015.7999878,2845.1999512,73,24,8760,10.157999878,28.451999512
4025,1752,1278.6400146,2744.9199219,73,24,8760,12.786400146,27.449199219
4030,1752,824.666687,2946.333252,73,24,8760,8.24666687,29.463332519999998
4031,1752,829.7999878,2940.3999023,73,24,8760,8.297999878,29.403999023
4032,1752,840.4285889,2928.5715332,73,24,8760,8.404285889,29.285715332
4034,1752,895.9000244,2896.3999023,73,24,8760,8.959000244,28.963999023
4035,1752,819.8421021,2937.6843262,73,24,8760,8.198421021,29.376843262
4036,1752,902.5,2897.6428223,73,24,8760,9.025,28.976428223
4037,1752,797.555542,2947.111084,73,24,8760,7.975555419999999,29.47111084
4051,1752,800.166687,2940.222168,73,24,8760,8.001666870000001,29.402221679999997
4053,1752,811.6500244,2938.1000977,73,24,8760,8.116500244000001,29.381000977
4054,1752,790.2000122,2939.8000488,73,24,8760,7.902000122,29.398000487999997
4055,1752,781.1080933,2939.567627,73,24,8760,7.8110809329999995,29.39567627
4059,1752,803.0,2960.0,73,24,8760,8.03,29.6
4060,1752,792.0,2956.4284668,73,24,8760,7.92,29.564284668
4061,1752,773.4615479,2946.3076172,73,24,8760,7.734615479,29.463076172
4064,1752,796.0,2960.0,73,24,8760,7.96,29.6
4065,1752,786.333313,2951.0,73,24,8760,7.86333313,29.51
4066,1752,772.3684082,2936.7368164,73,24,8760,7.723684082,29.367368164
4067,1752,789.0,2975.666748,73,24,8760,7.89,29.75666748
4068,1752,777.9091187,2979.6364746,73,24,8760,7.779091187000001,29.796364746
4069,1752,739.0934448,2949.6447754,73,24,8760,7.390934448,29.496447754000002
4070,1752,722.0689697,2997.7932129,73,24,8760,7.220689697,29.977932129
4073,1752,756.4000244,2987.0,73,24,8760,7.564000244,29.87
4074,1752,745.2307739,2995.2307129,73,24,8760,7.452307739,29.952307129
4075,1752,767.2000122,2981.4665527,73,24,8760,7.672000121999999,29.814665527000002
4076,1752,739.4000244,2996.0,73,24,8760,7.394000244,29.96
4077,1752,753.1052856,2982.7368164,73,24,8760,7.531052856,29.827368164
4078,1752,740.75,2982.833252,73,24,8760,7.4075,29.82833252
4101,1752,797.5999756,2967.0,73,24,8760,7.975999756,29.67
4102,1752,804.0,2961.25,73,24,8760,8.04,29.6125
4103,1752,798.75,2963.25,73,24,8760,7.9875,29.6325
4104,1752,790.666687,2975.333252,73,24,8760,7.9066668700000005,29.75333252
4105,1752,787.0,2965.75,73,24,8760,7.87,29.6575
4106,1752,776.555542,2984.0,73,24,8760,7.765555419999999,29.84
4107,1752,788.25,2954.25,73,24,8760,7.8825,29.5425
4108,1752,780.777771,2976.4443359,73,24,8760,7.80777771,29.764443359
4109,1752,789.0,2953.625,73,24,8760,7.89,29.53625
4110,1752,763.1470337,2979.9411621,73,24,8760,7.631470337,29.799411621
4111,1752,796.0,2934.333252,73,24,8760,7.96,29.34333252
4112,1752,798.2000122,2953.3999023,73,24,8760,7.982000122,29.533999023
4113,1752,798.4666748,2954.333252,73,24,8760,7.9846667479999995,29.54333252
4114,1752,794.6428833,2965.8571777,73,24,8760,7.946428833,29.658571777000002
4115,1752,765.9230957,2969.7692871,73,24,8760,7.659230957,29.697692871
4116,1752,776.1428833,2955.3571777,73,24,8760,7.761428833,29.553571777000002
4117,1752,783.7142944,2965.2143555,73,24,8760,7.837142944,29.652143555
4118,1752,760.8695679,2974.5651855,73,24,8760,7.608695679,29.745651855000002
4119,1752,803.333313,2951.666748,73,24,8760,8.033333129999999,29.516667480000002
4120,1752,806.5,2959.0,73,24,8760,8.065,29.59
4121,1752,806.3636475,2937.1818848,73,24,8760,8.063636475,29.371818847999997
4122,1752,816.7000122,2939.3500977,73,24,8760,8.167000122,29.393500977
4123,1752,818.9047852,2940.0952148,73,24,8760,8.189047852,29.400952148000002
4124,1752,705.6262817,2972.7575684,73,24,8760,7.056262817,29.727575683999998
4125,1752,751.9189453,2981.810791,73,24,8760,7.519189453,29.81810791
4127,1752,814.9031982,2943.6452637,73,24,8760,8.149031982,29.436452637000002
4128,1752,818.25,2940.75,73,24,8760,8.1825,29.4075
4129,1752,817.125,2958.625,73,24,8760,8.17125,29.58625
4130,1752,853.7368164,2929.3684082,73,24,8760,8.537368164,29.293684082
4131,1752,798.6363525,2969.1818848,73,24,8760,7.986363525000001,29.691818847999997
4132,1752,777.8461304,2974.6154785,73,24,8760,7.778461304,29.746154784999998
4133,1752,772.6734619,2978.5305176,73,24,8760,7.726734619,29.785305176
4151,1752,816.666687,2948.833252,73,24,8760,8.16666687,29.48833252
4152,1752,838.8181763,2930.8181152,73,24,8760,8.388181763,29.308181152000003
4153,1752,865.2999878,2905.6999512,73,24,8760,8.652999878000001,29.056999512
4154,1752,955.0588379,2867.4118652,73,24,8760,9.550588378999999,28.674118652
4155,1752,895.1428833,2894.6428223,73,24,8760,8.951428833,28.946428222999998
4156,1752,844.0,2927.25,73,24,8760,8.44,29.2725
4157,1752,872.6904907,2909.4047852,73,24,8760,8.726904907,29.094047852
4158,1752,1046.666626,2827.0,73,24,8760,10.46666626,28.27
4159,1752,988.888916,2851.111084,73,24,8760,9.88888916,28.51111084
4160,1752,1091.4666748,2810.9333496,73,24,8760,10.914666748,28.109333495999998
4161,1752,931.3076782,2876.2307129,73,24,8760,9.313076782000001,28.762307129
4163,1752,1038.833374,2829.333252,73,24,8760,10.38833374,28.29333252
4164,1752,960.5454712,2862.4545898,73,24,8760,9.605454712,28.624545898
4165,1752,922.9223022,2877.6408691,73,24,8760,9.229223022,28.776408691
4169,1752,810.5,2962.0,73,24,8760,8.105,29.62
4170,1752,838.1538696,2935.2307129,73,24,8760,8.381538696,29.352307129
4171,1752,832.4000244,2942.3999023,73,24,8760,8.324000244,29.423999023
4172,1752,881.5999756,2909.6999512,73,24,8760,8.815999756,29.096999512000004
4173,1752,883.875,2908.875,73,24,8760,8.83875,29.08875
4174,1752,954.2857056,2869.2856445,73,24,8760,9.542857056,28.692856445000004
4178,1752,1158.2745361,2789.9018555,73,24,8760,11.582745361,27.899018554999998
4179,1752,1055.25,2820.375,73,24,8760,10.5525,28.20375
4183,1752,1164.0408936,2772.1079102,73,24,8760,11.640408935999998,27.721079101999997
4184,1752,1158.0294189,2783.3234863,73,24,8760,11.580294189000002,27.833234862999998
4205,1752,803.666687,2968.5,73,24,8760,8.03666687,29.685
4207,1752,815.163147,2933.2126465,73,24,8760,8.15163147,29.332126465
4208,1752,951.3795776,2868.2336426,73,24,8760,9.513795776,28.682336426000003
4209,1752,908.0666504,2883.4814453,73,24,8760,9.080666504,28.834814453
4210,1752,796.2000122,2893.1999512,73,24,8760,7.962000121999999,28.931999512
4211,1752,717.4301758,2766.8762207,73,24,8760,7.174301758,27.668762207
4212,1752,908.8857422,2881.6286621,73,24,8760,9.088857422,28.816286621
4213,1752,779.2120972,2814.3757324,73,24,8760,7.792120972,28.143757324
4214,1752,899.0606079,2877.4545898,73,24,8760,8.990606079,28.774545898
4215,1752,1022.833313,2818.611084,73,24,8760,10.22833313,28.18611084
4216,1752,1140.7825928,2784.9348145,73,24,8760,11.407825928,27.849348145
4217,1752,1037.6470947,2816.4707031,73,24,8760,10.376470947,28.164707031
4218,1752,1051.3529053,2803.8823242,73,24,8760,10.513529053,28.038823242
4220,1752,1023.0499878,2807.1499023,73,24,8760,10.230499878,28.071499023
4221,1752,1034.375,2798.5625,73,24,8760,10.34375,27.985625
4223,1752,862.0,2827.8913574,73,24,8760,8.62,28.278913573999997
4224,1752,1121.333374,2762.666748,73,24,8760,11.213333740000001,27.626667480000002
4225,1752,1144.4000244,2754.6000977,73,24,8760,11.444000244,27.546000977
4226,1752,892.2000122,2877.9333496,73,24,8760,8.922000122,28.779333496
4227,1752,900.333313,2856.333252,73,24,8760,9.00333313,28.56333252
4228,1752,815.4000244,2833.4125977,73,24,8760,8.154000244,28.334125977
4270,1752,752.7000122,2952.1572266,73,24,8760,7.527000122,29.521572266
4272,1752,729.0930176,2741.7209473,73,24,8760,7.290930176000001,27.417209473
4275,1752,695.1394043,2809.7363281,73,24,8760,6.9513940430000005,28.097363281
4280,1752,720.1486206,2993.0,73,24,8760,7.201486205999999,29.93
4285,1752,649.2360229,2942.1162109,73,24,8760,6.492360229,29.421162109
4287,1752,561.6968994,2880.2697754,73,24,8760,5.6169689940000005,28.802697754
4300,1752,707.2876587,2983.4384766,73,24,8760,7.072876587,29.834384766
4301,1752,700.0588379,3003.4118652,73,24,8760,7.000588379,30.034118652000004
4303,1752,700.75,3019.125,73,24,8760,7.0075,30.19125
4304,1752,686.375,3025.25,73,24,8760,6.86375,30.2525
4305,1752,656.458313,3030.527832,73,24,8760,6.56458313,30.305278320000003
4306,1752,665.375,2978.6762695,73,24,8760,6.65375,29.786762695000004
4307,1752,591.9805908,3050.1115723,73,24,8760,5.919805908,30.501115722999998
4309,1752,523.0460205,2974.7624512,73,24,8760,5.230460205000001,29.747624512
4310,1752,545.7935181,2929.5043945,73,24,8760,5.457935181,29.295043945000003
4311,1752,617.9355469,3025.1706543,73,24,8760,6.179355469,30.251706543
4312,1752,630.0967407,2937.1945801,73,24,8760,6.300967407000001,29.371945801000003
4313,1752,609.8762207,2975.4494629,73,24,8760,6.098762207,29.754494629
4314,1752,558.0325928,2907.0837402,73,24,8760,5.580325928,29.070837402000002
4340,1752,572.4769897,3035.2988281,73,24,8760,5.724769897,30.352988281
4341,1752,542.0264893,2979.6496582,73,24,8760,5.420264893,29.796496582
4342,1752,578.4951172,3084.9709473,73,24,8760,5.7849511719999995,30.849709472999997
4343,1752,513.369873,2945.3266602,73,24,8760,5.13369873,29.453266602
4344,1752,515.2753296,3007.8164062,73,24,8760,5.152753295999999,30.078164062
4346,1752,624.6071167,3010.8571777,73,24,8760,6.246071167,30.108571777
4347,1752,525.1549072,3041.4084473,73,24,8760,5.251549072,30.414084473
4350,1752,476.7724304,2878.833252,73,24,8760,4.767724304000001,28.788332519999997
4352,1752,449.7512207,2978.0273438,73,24,8760,4.497512207,29.780273438
4353,1752,462.3673401,2847.173584,73,24,8760,4.623673401,28.47173584
4354,1752,469.1195068,2893.3271484,73,24,8760,4.691195068,28.933271484000002
4355,1752,507.0462036,2870.0449219,73,24,8760,5.070462036,28.700449219000003
4356,1752,452.400177,3040.2348633,73,24,8760,4.52400177,30.402348633000003
4357,1752,477.5766907,3146.4462891,73,24,8760,4.7757669069999995,31.464462890999997
4358,1752,461.1608276,2951.2680664,73,24,8760,4.611608276,29.512680664
4359,1752,467.2376099,2876.3103027,73,24,8760,4.672376099,28.763103027000003
4360,1752,454.9069824,2930.4301758,73,24,8760,4.549069824,29.304301758
4361,1752,444.6648254,2934.7783203,73,24,8760,4.446648253999999,29.347783203
4362,1752,425.2882385,2858.2451172,73,24,8760,4.2528823849999995,28.582451172000003
4363,1752,459.7727356,2945.894043,73,24,8760,4.597727356,29.45894043
4364,1752,456.6755066,3101.4702148,73,24,8760,4.566755066,31.014702148
4365,1752,440.64151,3030.1950684,73,24,8760,4.4064151,30.301950683999998
4370,1752,397.7750854,2873.2172852,73,24,8760,3.9777508540000004,28.732172851999998
4371,1752,394.6443787,2695.939209,73,24,8760,3.946443787,26.95939209
4372,1752,401.4545593,2856.0908203,73,24,8760,4.014545593,28.560908203
4373,1752,381.4545593,2697.3273926,73,24,8760,3.814545593,26.973273926
4374,1752,327.1165161,2746.8432617,73,24,8760,3.2711651610000003,27.468432616999998
4375,1752,272.7857056,2611.9284668,73,24,8760,2.7278570559999995,26.119284668
4376,1752,272.0909119,2622.5454102,73,24,8760,2.720909119,26.225454102
4377,1752,292.5350342,2656.2802734,73,24,8760,2.9253503419999998,26.562802734
4378,1752,273.0652161,2645.8913574,73,24,8760,2.730652161,26.458913573999997
4380,1752,325.4172974,2818.1774902,73,24,8760,3.254172974,28.181774902
4381,1752,275.1014404,2692.8115234,73,24,8760,2.751014404,26.928115234000003
4382,1752,266.0506287,2692.692627,73,24,8760,2.660506287,26.92692627
4383,1752,229.3333282,2589.3217773,73,24,8760,2.2933332820000003,25.893217773
4384,1752,453.6059265,3159.5959473,73,24,8760,4.5360592650000005,31.595959472999997
4385,1752,451.4917603,3167.0515137,73,24,8760,4.514917603,31.670515137000002
4387,1752,472.8941956,3157.6257324,73,24,8760,4.728941956,31.576257323999997
4388,1752,530.7744141,3322.5373535,73,24,8760,5.307744141,33.225373534999996
4390,1752,533.0787354,3325.578125,73,24,8760,5.330787354,33.25578125
4400,1752,471.75,2968.125,73,24,8760,4.7175,29.68125
4401,1752,456.8133545,2990.5615234,73,24,8760,4.568133545,29.905615234000003
4402,1752,448.0692749,2873.1601562,73,24,8760,4.480692749,28.731601562
4403,1752,441.2294617,3049.1918945,73,24,8760,4.412294617,30.491918945000002
4404,1752,431.6178894,3081.361084,73,24,8760,4.316178894,30.813610840000003
4405,1752,427.421814,3120.6821289,73,24,8760,4.274218139999999,31.206821289
4406,1752,468.6624146,3248.8449707,73,24,8760,4.686624146,32.488449707
4407,1752,459.3737488,3173.7490234,73,24,8760,4.5937374879999995,31.737490234000003
4408,1752,404.1975708,3013.3339844,73,24,8760,4.041975708,30.133339844
4410,1752,407.9621582,3074.4963379,73,24,8760,4.079621582,30.744963379
4411,1752,410.653656,3184.4953613,73,24,8760,4.10653656,31.844953612999998
4412,1752,413.568512,3210.3208008,73,24,8760,4.13568512,32.103208008
4413,1752,432.6255798,3203.0061035,73,24,8760,4.326255798,32.030061034999996
4415,1752,422.2570496,3254.6496582,73,24,8760,4.222570496,32.546496582
4416,1752,440.0685425,3306.5449219,73,24,8760,4.400685425,33.065449219
4417,1752,472.9124756,3346.6530762,73,24,8760,4.729124756,33.466530762000005
4418,1752,426.2904968,3274.588623,73,24,8760,4.262904968,32.74588623
4419,1752,449.12677,3296.4887695,73,24,8760,4.4912677,32.964887695
4420,1752,501.6300354,3286.6865234,73,24,8760,5.016300354,32.866865234
4421,1752,445.759613,3247.2824707,73,24,8760,4.45759613,32.472824707
4422,1752,498.6781006,3326.670166,73,24,8760,4.986781006,33.266701659999995
4423,1752,479.0166016,3315.760498,73,24,8760,4.790166016,33.15760498
4424,1752,424.5461426,3262.9099121,73,24,8760,4.245461426,32.629099120999996
4425,1752,426.735199,3280.3105469,73,24,8760,4.26735199,32.803105469
4426,1752,426.152771,3281.3823242,73,24,8760,4.261527709999999,32.813823242
4427,1752,433.106842,3311.6552734,73,24,8760,4.331068419999999,33.116552734
4428,1752,433.137085,3300.574707,73,24,8760,4.33137085,33.005747070000005
4454,1752,475.3154602,3221.8415527,73,24,8760,4.753154602,32.218415527000005
4455,1752,455.1170349,3314.1560059,73,24,8760,4.551170349,33.141560059
4461,1752,447.9493713,3301.2109375,73,24,8760,4.479493713,33.012109375
4462,1752,451.2487183,3293.0810547,73,24,8760,4.512487183,32.930810547
4465,1752,476.5137024,3266.1437988,73,24,8760,4.765137024,32.661437987999996
4467,1752,478.1767578,3269.2453613,73,24,8760,4.781767578,32.692453613
4468,1752,502.5391541,3371.7434082,73,24,8760,5.025391541,33.717434082
4470,1752,552.4543457,3444.8459473,73,24,8760,5.524543457,34.448459473
4472,1752,683.6849365,3469.0336914,73,24,8760,6.836849365000001,34.690336914
4474,1752,669.272522,3553.7705078,73,24,8760,6.69272522,35.537705078
4477,1752,535.6824951,3206.9799805,73,24,8760,5.356824951,32.069799804999995
4478,1752,603.2522583,3325.4389648,73,24,8760,6.0325225829999995,33.254389648
4479,1752,587.0130005,3511.5793457,73,24,8760,5.870130005,35.115793457
4480,1752,741.2824707,3693.8659668,73,24,8760,7.4128247069999995,36.938659668
4481,1752,795.6165771,3800.4458008,73,24,8760,7.956165770999999,38.004458008
4482,1752,733.4266968,3910.7160645,73,24,8760,7.334266968,39.107160645
4486,1752,521.6900635,3469.2697754,73,24,8760,5.216900634999999,34.692697754
4487,1752,522.3478394,3396.2614746,73,24,8760,5.223478394,33.962614746
4488,1752,509.3212891,3463.9211426,73,24,8760,5.093212891,34.639211426
4489,1752,552.7134399,3520.3044434,73,24,8760,5.527134399,35.203044434
4490,1752,565.8730469,3571.1994629,73,24,8760,5.658730469,35.711994629
4491,1752,619.5635986,3630.4763184,73,24,8760,6.195635986,36.304763183999995
4492,1752,739.5854492,3739.515625,73,24,8760,7.395854492,37.39515625
4493,1752,646.2192383,3660.6494141,73,24,8760,6.4621923830000005,36.606494141
4494,1752,540.6414185,3360.65625,73,24,8760,5.406414185,33.6065625
4496,1752,544.8290405,3383.755127,73,24,8760,5.448290405,33.83755127
4497,1752,541.1085205,3405.6325684,73,24,8760,5.411085205000001,34.056325684
4498,1752,544.7729492,3379.1191406,73,24,8760,5.447729492,33.791191405999996
4500,1752,806.0697632,2942.848877,73,24,8760,8.060697632,29.428488769999998
4501,1752,849.7142944,2929.0,73,24,8760,8.497142944,29.29
4502,1752,839.625,2936.875,73,24,8760,8.39625,29.36875
4503,1752,855.8515015,2919.4753418,73,24,8760,8.558515015000001,29.194753418
4504,1752,832.4047852,2914.6428223,73,24,8760,8.324047852,29.146428222999997
4505,1752,891.1538696,2909.2114258,73,24,8760,8.911538696000001,29.092114258000002
4506,1752,830.2203369,2935.5761719,73,24,8760,8.302203369,29.355761719
4507,1752,1120.0343018,2808.130127,73,24,8760,11.200343018000002,28.081301269999997
4508,1752,965.0999756,2865.5500488,73,24,8760,9.650999756,28.655500487999998
4509,1752,930.541687,2882.333252,73,24,8760,9.30541687,28.823332519999997
4510,1752,882.5890503,2915.1049805,73,24,8760,8.825890503,29.151049805
4511,1752,1000.4615479,2858.5129395,73,24,8760,10.004615479,28.585129395
4512,1752,808.7156982,2930.5292969,73,24,8760,8.087156982,29.305292969000003
4514,1752,751.8915405,2866.420166,73,24,8760,7.518915405,28.66420166
4515,1752,645.9920654,2815.7893066,73,24,8760,6.459920654,28.157893066
4516,1752,864.163269,2929.418457,73,24,8760,8.64163269,29.294184570000002
4517,1752,883.9012451,2906.2468262,73,24,8760,8.839012451,29.062468262000003
4518,1752,860.2394409,2902.5351562,73,24,8760,8.602394409,29.025351562
4519,1752,896.5817261,2883.3510742,73,24,8760,8.965817261,28.833510741999998
4520,1752,742.223877,2894.7253418,73,24,8760,7.42223877,28.947253418
4521,1752,735.0279541,2836.9196777,73,24,8760,7.350279541,28.369196777000003
4550,1752,892.6323242,2892.5734863,73,24,8760,8.926323242,28.925734863
4551,1752,1045.5157471,2837.2421875,73,24,8760,10.455157471,28.372421875
4552,1752,770.2759399,2793.8388672,73,24,8760,7.7027593990000005,27.938388672000002
4553,1752,915.6212158,2884.9091797,73,24,8760,9.156212157999999,28.849091797
4554,1752,890.9736938,2888.1315918,73,24,8760,8.909736938,28.881315918
4555,1752,888.7800293,2889.8798828,73,24,8760,8.887800293,28.898798828
4556,1752,987.6760864,2851.6760254,73,24,8760,9.876760864,28.516760254
4557,1752,1113.0909424,2808.1818848,73,24,8760,11.130909423999999,28.081818847999998
4558,1752,1143.5625,2792.75,73,24,8760,11.435625,27.9275
4559,1752,922.2857056,2883.0715332,73,24,8760,9.222857056,28.830715332
4560,1752,888.4181519,2837.6955566,73,24,8760,8.884181519,28.376955566000003
4561,1752,937.8347778,2882.0522461,73,24,8760,9.378347778,28.820522461
4562,1752,900.4143066,2877.6999512,73,24,8760,9.004143066000001,28.776999512000003
4563,1752,883.1875,2881.4260254,73,24,8760,8.831875,28.814260254
4564,1752,1162.416626,2788.541748,73,24,8760,11.624166259999999,27.88541748
4565,1752,1053.9614258,2868.7041016,73,24,8760,10.539614257999999,28.687041016
4566,1752,1055.375,2854.375,73,24,8760,10.55375,28.54375
4567,1752,1238.2105713,2776.4211426,73,24,8760,12.382105713000001,27.764211426000003
4568,1752,874.739563,2896.3125,73,24,8760,8.74739563,28.963125
4569,1752,857.8717651,2897.3076172,73,24,8760,8.578717651,28.973076172000003
4570,1752,797.7821045,2942.9545898,73,24,8760,7.977821045,29.429545898
4571,1752,944.1633911,2905.5644531,73,24,8760,9.441633911,29.055644531
4572,1752,1229.0,2761.5,73,24,8760,12.29,27.615
4573,1752,1164.703125,2793.828125,73,24,8760,11.64703125,27.93828125
4574,1752,767.0561523,2805.2753906,73,24,8760,7.670561523,28.052753906
4575,1752,1223.9411621,2765.7058105,73,24,8760,12.239411620999999,27.657058105
4580,1752,1081.5574951,2914.2509766,73,24,8760,10.815574951,29.142509766
4581,1752,1301.2087402,2882.7241211,73,24,8760,13.012087401999999,28.827241211
4600,1752,678.1264038,2966.0048828,73,24,8760,6.781264038000001,29.660048828
4601,1752,627.2857666,2939.9089355,73,24,8760,6.272857666,29.399089355
4605,1752,570.7390747,3003.7595215,73,24,8760,5.707390747,30.037595215
4606,1752,518.0560303,2990.5119629,73,24,8760,5.180560303,29.905119629
4608,1752,498.2943726,2955.842041,73,24,8760,4.982943725999999,29.55842041
4610,1752,440.8181152,2985.126709,73,24,8760,4.408181152,29.85126709
4611,1752,539.3095093,3049.0239258,73,24,8760,5.3930950929999995,30.490239258000003
4612,1752,556.296814,3059.354248,73,24,8760,5.562968140000001,30.59354248
4613,1752,482.8304749,3082.3935547,73,24,8760,4.828304749,30.823935547
4614,1752,468.6309509,2865.7260742,73,24,8760,4.686309509,28.657260742
4615,1752,497.0623474,2903.5693359,73,24,8760,4.970623474,29.035693359000003
4620,1752,795.1446533,3027.5693359,73,24,8760,7.9514465329999995,30.275693359
4621,1752,776.732605,3039.5761719,73,24,8760,7.76732605,30.395761719000003
4625,1752,666.668396,3108.8139648,73,24,8760,6.66668396,31.088139648000002
4626,1752,538.4813843,3191.1401367,73,24,8760,5.384813843,31.911401367
4627,1752,579.3997803,3186.3833008,73,24,8760,5.793997803,31.863833008
4630,1752,731.7980347,3068.9074707,73,24,8760,7.317980347,30.689074707
4650,1752,906.8477173,3017.6027832,73,24,8760,9.068477173,30.176027832
4655,1752,1096.7105713,2953.2504883,73,24,8760,10.967105713,29.532504883
4659,1752,1008.0135498,2997.1728516,73,24,8760,10.080135497999999,29.971728516
4660,1752,942.1433105,3035.0534668,73,24,8760,9.421433105,30.350534668
4662,1752,940.612915,3030.0644531,73,24,8760,9.40612915,30.300644531
4670,1752,1076.7180176,3030.322998,73,24,8760,10.767180176,30.30322998
4671,1752,846.288269,3073.5205078,73,24,8760,8.46288269,30.735205078
4673,1752,1077.9637451,3046.5114746,73,24,8760,10.779637451000001,30.465114745999998
4674,1752,1076.7425537,3073.5046387,73,24,8760,10.767425537,30.735046387
4676,1752,954.0046387,3065.6352539,73,24,8760,9.540046387,30.656352539
4677,1752,1116.1085205,3062.2338867,73,24,8760,11.161085205,30.622338867
4678,1752,1111.2113037,3075.173584,73,24,8760,11.112113036999999,30.751735840000002
4680,1752,989.3007812,3055.3146973,73,24,8760,9.893007812,30.553146972999997
4694,1752,1093.8555908,3053.5883789,73,24,8760,10.938555908000001,30.535883789
4695,1752,1050.447876,3073.8886719,73,24,8760,10.50447876,30.738886719000003
4697,1752,972.7374878,3080.4699707,73,24,8760,9.727374878000001,30.804699707
4699,1752,1003.3143311,3064.6621094,73,24,8760,10.033143311,30.646621094
4700,1752,1114.0354004,3041.822998,73,24,8760,11.140354004,30.41822998
4701,1752,1045.3642578,3012.4008789,73,24,8760,10.453642577999998,30.124008789
4702,1752,833.4251099,3179.5290527,73,24,8760,8.334251099000001,31.795290527000002
4703,1752,1127.4987793,2945.0908203,73,24,8760,11.274987793000001,29.450908202999997
4704,1752,1005.7979736,3067.9291992,73,24,8760,10.057979736,30.679291992
4705,1752,943.543335,3199.4343262,73,24,8760,9.43543335,31.994343262
4706,1752,999.6148682,3082.909668,73,24,8760,9.996148682000001,30.82909668
4707,1752,1029.4075928,3041.1018066,73,24,8760,10.294075928,30.411018066
4709,1752,856.2727051,3294.0,73,24,8760,8.562727051000001,32.94
4710,1752,1296.3939209,2903.7272949,73,24,8760,12.963939209,29.037272949
4711,1752,1009.7727051,3065.1516113,73,24,8760,10.097727051,30.651516113
4712,1752,876.25,3246.7114258,73,24,8760,8.7625,32.467114258
4713,1752,774.5630493,3279.8469238,73,24,8760,7.745630493,32.798469237999996
4714,1752,928.8163452,3023.9245605,73,24,8760,9.288163452,30.239245605
4715,1752,744.8895874,3133.0310059,73,24,8760,7.448895874,31.330310059
4716,1752,704.1333618,3123.3293457,73,24,8760,7.0413336179999995,31.233293457
4717,1752,897.1939087,3307.9206543,73,24,8760,8.971939086999999,33.079206543
4718,1752,628.9147339,3320.8725586,73,24,8760,6.2891473389999994,33.208725586
4719,1752,563.4345703,3261.4104004,73,24,8760,5.634345703,32.614104004
4720,1752,699.5300293,3288.3806152,73,24,8760,6.995300293000001,32.883806152000005
4721,1752,726.5594482,3400.6789551,73,24,8760,7.265594482,34.006789551000004
4722,1752,668.4746094,3268.25,73,24,8760,6.684746093999999,32.6825
4723,1752,815.2113037,3325.9863281,73,24,8760,8.152113037,33.259863281
4724,1752,653.817627,3310.1140137,73,24,8760,6.53817627,33.101140137
4725,1752,729.0546875,3506.8603516,73,24,8760,7.290546875,35.068603515999996
4726,1752,774.4370728,3536.0517578,73,24,8760,7.744370728,35.360517578
4727,1752,779.2971802,3594.161377,73,24,8760,7.792971801999999,35.94161377
4728,1752,684.6856689,3387.7583008,73,24,8760,6.846856689,33.877583008
4730,1752,816.5687866,3658.7043457,73,24,8760,8.165687865999999,36.587043457
4731,1752,761.0481567,3621.3608398,73,24,8760,7.610481567000001,36.213608398
4732,1752,827.7658081,3635.6274414,73,24,8760,8.277658081,36.356274414
4733,1752,876.953064,3711.2800293,73,24,8760,8.769530640000001,37.112800293
4735,1752,802.4920654,3737.4458008,73,24,8760,8.024920654,37.374458008000005
4736,1752,780.3289795,3713.2021484,73,24,8760,7.8032897949999995,37.132021484
4737,1752,1040.3503418,3043.7961426,73,24,8760,10.403503418,30.437961426
4738,1752,1071.6473389,3046.8283691,73,24,8760,10.716473389,30.468283691
4739,1752,1106.7025146,3010.6435547,73,24,8760,11.067025146,30.106435547
4740,1752,1190.1291504,3028.7382812,73,24,8760,11.901291504000001,30.287382812
4741,1752,1025.0756836,3073.7397461,73,24,8760,10.250756836,30.737397461
4742,1752,908.8869019,3233.8337402,73,24,8760,9.088869019,32.338337402
4743,1752,925.1873169,3171.9526367,73,24,8760,9.251873169,31.719526367
4744,1752,798.2350464,3349.6870117,73,24,8760,7.982350464,33.496870117
4745,1752,838.4905396,3318.3156738,73,24,8760,8.384905396,33.183156738
4746,1752,911.5275269,3294.9199219,73,24,8760,9.115275269,32.949199219
4750,1752,1374.0625,2947.3125,73,24,8760,13.740625,29.473125
4751,1752,1048.4454346,3122.5544434,73,24,8760,10.484454346,31.225544434
4753,1752,1037.3234863,3146.3530273,73,24,8760,10.373234863,31.463530273
4754,1752,1007.0546265,3165.4716797,73,24,8760,10.070546265,31.654716797000003
4756,1752,1012.8497314,3076.2641602,73,24,8760,10.128497314,30.762641602
4757,1752,959.6574707,2914.8945312,73,24,8760,9.596574707,29.148945312000002
4798,1752,1216.6700439,3041.3808594,73,24,8760,12.166700439000001,30.413808594000002
4799,1752,1145.6356201,3069.7766113,73,24,8760,11.456356201,30.697766112999997
4800,1752,1242.8769531,3042.9658203,73,24,8760,12.428769531,30.429658203
4802,1752,1616.0585938,2881.730957,73,24,8760,16.160585938,28.817309570000003
4804,1752,928.9377441,3273.8041992,73,24,8760,9.289377441000001,32.738041992
4805,1752,1162.9837646,3082.0703125,73,24,8760,11.629837646,30.820703125
4806,1752,1199.074707,3125.565918,73,24,8760,11.99074707,31.25565918
4807,1752,1164.6069336,3159.2785645,73,24,8760,11.646069336,31.592785645
4808,1752,1316.3654785,3072.8630371,73,24,8760,13.163654785,30.728630370999998
4809,1752,1263.2456055,3112.3422852,73,24,8760,12.632456055,31.123422851999997
4810,1752,1471.5169678,2986.9592285,73,24,8760,14.715169678,29.869592285
4811,1752,1315.5294189,3036.3706055,73,24,8760,13.155294189000001,30.363706054999998
4812,1752,1342.25,3061.833252,73,24,8760,13.4225,30.61833252
4814,1752,1328.4067383,3057.7626953,73,24,8760,13.284067383,30.577626953
4815,1752,1210.567627,3045.0058594,73,24,8760,12.105676269999998,30.450058594
4816,1752,1063.9904785,3367.1496582,73,24,8760,10.639904785,33.671496582
4817,1752,1214.828125,2967.9377441,73,24,8760,12.14828125,29.679377441
4818,1752,1348.7052002,3015.1977539,73,24,8760,13.487052002,30.151977539
4819,1752,1644.9814453,2898.8146973,73,24,8760,16.449814453,28.988146973
4820,1752,1031.9091797,3260.0830078,73,24,8760,10.319091797,32.600830078
4821,1752,956.3338013,3511.0148926,73,24,8760,9.563338013,35.110148926
4822,1752,1024.9210205,3680.6208496,73,24,8760,10.249210204999999,36.806208495999996
4823,1752,1087.7248535,3739.8430176,73,24,8760,10.877248535000001,37.398430176000005
4824,1752,1204.8449707,3730.6000977,73,24,8760,12.048449707,37.306000977
4825,1752,973.8242188,3706.6013184,73,24,8760,9.738242188000001,37.066013184
4828,1752,1138.956543,3689.9675293,73,24,8760,11.38956543,36.899675293
4829,1752,684.8126221,3847.2800293,73,24,8760,6.848126221,38.472800293
4830,1752,1434.3048096,3616.5786133,73,24,8760,14.343048096,36.165786133000005
4849,1752,1512.8347168,2897.9333496,73,24,8760,15.128347168,28.979333496
4850,1752,1323.8726807,3015.7077637,73,24,8760,13.238726807,30.157077637
4852,1752,1732.5629883,2961.0505371,73,24,8760,17.325629882999998,29.610505371
4854,1752,1461.6672363,3024.3635254,73,24,8760,14.616672363,30.243635254
4855,1752,1487.6781006,2936.5725098,73,24,8760,14.876781006000002,29.365725098
4856,1752,1504.3859863,3062.6843262,73,24,8760,15.043859863,30.626843262
4858,1752,1662.0933838,3009.5334473,73,24,8760,16.620933838,30.095334472999998
4859,1752,1496.6500244,3088.8000488,73,24,8760,14.966500243999999,30.888000488
4860,1752,1534.3793945,2970.1162109,73,24,8760,15.343793945,29.701162109000002
4861,1752,1679.3770752,3025.6474609,73,24,8760,16.793770752,30.256474609
4865,1752,1547.7015381,3131.6386719,73,24,8760,15.477015381000001,31.316386719
4868,1752,1562.0,3155.1154785,73,24,8760,15.62,31.551154784999998
4869,1752,1527.3485107,3178.3181152,73,24,8760,15.273485106999999,31.783181152
4870,1752,1575.6636963,3033.6696777,73,24,8760,15.756636963,30.336696777
4871,1752,1385.397583,3446.3269043,73,24,8760,13.85397583,34.463269043
4872,1752,1361.6016846,2977.90625,73,24,8760,13.616016846,29.7790625
4873,1752,1692.3248291,3089.2121582,73,24,8760,16.923248291,30.892121582
4874,1752,1923.9422607,3408.3996582,73,24,8760,19.239422606999998,34.083996582
4875,1752,2308.8630371,3102.4650879,73,24,8760,23.088630371,31.024650879
4876,1752,2029.2139893,3222.5705566,73,24,8760,20.292139893,32.225705566
4877,1752,1888.3771973,3052.2873535,73,24,8760,18.883771973,30.522873535
4878,1752,1754.0980225,3090.5881348,73,24,8760,17.540980225000002,30.905881347999998
4879,1752,1894.416626,3048.958252,73,24,8760,18.94416626,30.48958252
4880,1752,1501.7254639,3038.1799316,73,24,8760,15.017254639,30.381799316000002
4881,1752,1633.6134033,3025.6503906,73,24,8760,16.336134033,30.256503906
4882,1752,1463.8571777,2907.416748,73,24,8760,14.638571777,29.07416748
4883,1752,1435.1706543,2836.7133789,73,24,8760,14.351706543,28.367133789
4884,1752,1498.9584961,2951.979248,73,24,8760,14.989584961,29.51979248
4885,1752,1457.3703613,2857.0031738,73,24,8760,14.573703613,28.570031737999997
4886,1752,1424.4801025,2814.9643555,73,24,8760,14.244801025,28.149643554999997
4887,1752,1395.309082,2888.1972656,73,24,8760,13.95309082,28.881972656
4888,1752,1376.7078857,2773.2348633,73,24,8760,13.767078857,27.732348633
4890,1752,1556.0970459,3586.786377,73,24,8760,15.560970459,35.86786377
4891,1752,1664.977417,3372.4135742,73,24,8760,16.64977417,33.724135742
4892,1752,1619.8760986,3507.8259277,73,24,8760,16.198760986,35.078259277
4895,1752,1778.9285889,3231.666748,73,24,8760,17.789285889,32.31666748
5000,1752,785.875,2839.25,73,24,8760,7.85875,28.3925
5006,1752,784.5999756,2848.3999023,73,24,8760,7.845999756,28.483999023000003
5007,1752,793.666687,2838.666748,73,24,8760,7.93666687,28.38666748
5008,1752,794.333313,2843.666748,73,24,8760,7.94333313,28.43666748
5009,1752,812.25,2815.0,73,24,8760,8.1225,28.15
5010,1752,795.0,2849.0,73,24,8760,7.95,28.49
5011,1752,828.2000122,2799.6000977,73,24,8760,8.282000122,27.996000976999998
5012,1752,809.4000244,2828.1999512,73,24,8760,8.094000244,28.281999512000002
5013,1752,839.6428833,2801.6428223,73,24,8760,8.396428833,28.016428223
5014,1752,869.833313,2774.333252,73,24,8760,8.69833313,27.74333252
5015,1752,918.3157959,2780.6843262,73,24,8760,9.183157959,27.806843262
5016,1752,964.0,2763.0,73,24,8760,9.64,27.63
5017,1752,965.7999878,2770.0,73,24,8760,9.657999878,27.7
5018,1752,960.0,2780.125,73,24,8760,9.6,27.80125
5019,1752,983.0,2747.333252,73,24,8760,9.83,27.47333252
5020,1752,1001.666687,2735.666748,73,24,8760,10.01666687,27.356667480000002
5021,1752,939.5,2751.0,73,24,8760,9.395,27.51
5022,1752,1001.875,2719.125,73,24,8760,10.01875,27.19125
5023,1752,890.5,2754.166748,73,24,8760,8.905,27.54166748
5024,1752,964.25,2712.0,73,24,8760,9.6425,27.12
5025,1752,851.0,2766.2856445,73,24,8760,8.51,27.662856445000003
5031,1752,804.833313,2816.666748,73,24,8760,8.04833313,28.16666748
5032,1752,847.333313,2762.666748,73,24,8760,8.47333313,27.626667480000002
5033,1752,817.75,2793.25,73,24,8760,8.1775,27.9325
5034,1752,797.0,2811.5,73,24,8760,7.97,28.115
5035,1752,805.0,2803.0,73,24,8760,8.05,28.03
5037,1752,835.5999756,2766.1999512,73,24,8760,8.355999756,27.661999512
5038,1752,850.2000122,2742.6000977,73,24,8760,8.502000122,27.426000976999998
5039,1752,817.666687,2770.5,73,24,8760,8.17666687,27.705
5040,1752,920.666687,2704.333252,73,24,8760,9.20666687,27.04333252
5041,1752,802.333313,2776.666748,73,24,8760,8.02333313,27.766667480000002
5042,1752,827.5999756,2716.5,73,24,8760,8.275999756,27.165
5043,1752,853.666687,2723.0,73,24,8760,8.53666687,27.23
5044,1752,951.75,2678.5,73,24,8760,9.5175,26.785
5045,1752,994.8571167,2676.7143555,73,24,8760,9.948571167,26.767143554999997
5046,1752,896.166687,2680.333252,73,24,8760,8.96166687,26.803332519999998
5047,1752,890.5,2649.0,73,24,8760,8.905,26.49
5048,1752,988.333313,2647.333252,73,24,8760,9.88333313,26.47333252
5049,1752,980.2000122,2556.1999512,73,24,8760,9.802000121999999,25.561999512000003
5050,1752,813.2857056,2663.5715332,73,24,8760,8.132857056,26.635715332
5051,1752,779.833313,2624.0556641,73,24,8760,7.79833313,26.240556640999998
5052,1752,754.7058716,2595.7058105,73,24,8760,7.5470587160000004,25.957058105
5061,1752,791.0,2808.75,73,24,8760,7.91,28.0875
5062,1752,773.166687,2704.333252,73,24,8760,7.731666870000001,27.04333252
5063,1752,783.4000244,2820.0,73,24,8760,7.834000244,28.2
5064,1752,759.888916,2706.666748,73,24,8760,7.59888916,27.06666748
5065,1752,777.0,2820.0,73,24,8760,7.77,28.2
5066,1752,751.111084,2717.5556641,73,24,8760,7.51111084,27.175556641
5067,1752,778.0,2846.666748,73,24,8760,7.78,28.46666748
5068,1752,771.2857056,2831.1428223,73,24,8760,7.712857056000001,28.311428222999997
5069,1752,776.25,2864.0,73,24,8760,7.7625,28.64
5070,1752,772.1428833,2870.2856445,73,24,8760,7.721428833,28.702856445000002
5072,1752,733.7333374,2705.333252,73,24,8760,7.337333374,27.053332519999998
5073,1752,757.5714111,2819.5715332,73,24,8760,7.575714111,28.195715332
5074,1752,765.5999756,2875.1999512,73,24,8760,7.655999756,28.751999512
5075,1752,761.875,2883.625,73,24,8760,7.61875,28.83625
5076,1752,737.0,2791.8181152,73,24,8760,7.37,27.918181152000002
5081,1752,776.0,2865.0,73,24,8760,7.76,28.65
5082,1752,783.5,2855.833252,73,24,8760,7.835,28.55833252
5083,1752,777.25,2858.0,73,24,8760,7.7725,28.58
5084,1752,784.0,2864.333252,73,24,8760,7.84,28.643332519999998
5085,1752,774.375,2866.0,73,24,8760,7.74375,28.66
5086,1752,767.75,2867.125,73,24,8760,7.6775,28.67125
5087,1752,767.75,2878.0,73,24,8760,7.6775,28.78
5088,1752,759.0,2870.0,73,24,8760,7.59,28.7
5089,1752,754.0,2878.666748,73,24,8760,7.54,28.786667480000002
5090,1752,749.7142944,2860.7143555,73,24,8760,7.497142944,28.607143554999997
5091,1752,714.9000244,2744.8999023,73,24,8760,7.149000244,27.448999023000002
5092,1752,750.0999756,2853.1999512,73,24,8760,7.500999756,28.531999512000002
5093,1752,760.5,2867.25,73,24,8760,7.605,28.6725
5094,1752,816.1333618,2835.1333008,73,24,8760,8.161333618,28.351333008
5095,1752,771.0,2891.6154785,73,24,8760,7.71,28.916154785
5096,1752,755.125,2900.625,73,24,8760,7.55125,29.00625
5097,1752,740.666687,2841.5,73,24,8760,7.4066668700000005,28.415
5098,1752,763.4000244,2876.6000977,73,24,8760,7.634000244,28.766000976999997
5106,1752,759.2857056,2925.2856445,73,24,8760,7.592857056000001,29.252856445000003
5107,1752,765.444458,2914.333252,73,24,8760,7.654444580000001,29.143332519999998
5108,1752,755.0,2932.722168,73,24,8760,7.55,29.327221679999997
5109,1752,747.125,2911.5625,73,24,8760,7.47125,29.115625
5110,1752,793.8571167,2878.4443359,73,24,8760,7.938571167,28.784443359
5111,1752,744.2631836,2957.2631836,73,24,8760,7.442631836,29.572631836
5112,1752,741.1333618,2948.9333496,73,24,8760,7.411333618,29.489333496
5113,1752,732.7272949,2977.3635254,73,24,8760,7.327272948999999,29.773635254000002
5114,1752,705.3691406,2853.651123,73,24,8760,7.053691406,28.536511230000002
5115,1752,718.3809814,3016.5239258,73,24,8760,7.183809814,30.165239258
5116,1752,710.375,3018.541748,73,24,8760,7.10375,30.18541748
5117,1752,718.7333374,3015.333252,73,24,8760,7.187333374,30.15333252
5118,1752,698.708313,3024.5,73,24,8760,6.987083129999999,30.245
5120,1752,808.9890137,2880.5385742,73,24,8760,8.089890137,28.805385742
5121,1752,733.3125,2978.625,73,24,8760,7.333125,29.78625
5125,1752,725.1851807,2835.8518066,73,24,8760,7.251851807,28.358518066000002
5126,1752,722.166687,2793.166748,73,24,8760,7.22166687,27.93166748
5127,1752,740.0,2826.8000488,73,24,8760,7.4,28.268000488
5131,1752,693.8571167,2707.2380371,73,24,8760,6.938571167,27.072380370999998
5132,1752,700.0476074,2687.7143555,73,24,8760,7.000476074,26.877143554999996
5133,1752,680.2857056,2676.5,73,24,8760,6.802857056000001,26.765
5134,1752,693.8648682,2621.567627,73,24,8760,6.938648682,26.21567627
5136,1752,675.25,2516.375,73,24,8760,6.7525,25.16375
5137,1752,653.7142944,2442.8571777,73,24,8760,6.537142943999999,24.428571777000002
5138,1752,673.4615479,2526.9230957,73,24,8760,6.734615479,25.269230957
5139,1752,651.555542,2484.777832,73,24,8760,6.515555419999999,24.847778320000003
5140,1752,729.0,2626.5,73,24,8760,7.29,26.265
5141,1752,677.916687,2488.416748,73,24,8760,6.77916687,24.884167480000002
5142,1752,661.833313,2452.666748,73,24,8760,6.61833313,24.52666748
5144,1752,663.444458,2468.0,73,24,8760,6.63444458,24.68
5150,1752,721.5,2561.5,73,24,8760,7.215,25.615
5151,1752,668.25,2444.5,73,24,8760,6.6825,24.445
5152,1752,681.0882568,2454.4118652,73,24,8760,6.810882567999999,24.544118652
5153,1752,722.1914062,2539.9472656,73,24,8760,7.221914062,25.399472655999997
5154,1752,695.75,2503.0,73,24,8760,6.9575,25.03
5155,1752,693.75,2531.333252,73,24,8760,6.9375,25.31333252
5156,1752,716.2000122,2504.1999512,73,24,8760,7.162000121999999,25.041999512000004
5157,1752,758.2461548,2554.1281738,73,24,8760,7.582461548,25.541281738
5158,1752,934.8846436,2559.9230957,73,24,8760,9.348846436,25.599230957
5159,1752,801.189209,2606.810791,73,24,8760,8.01189209,26.06810791
5160,1752,992.75,2546.25,73,24,8760,9.9275,25.4625
5161,1752,878.333313,2598.666748,73,24,8760,8.783333129999999,25.98666748
5162,1752,849.7619019,2620.1428223,73,24,8760,8.497619019,26.201428222999997
5163,1752,820.5294189,2601.0,73,24,8760,8.205294189,26.01
5164,1752,927.5,2572.0,73,24,8760,9.275,25.72
5165,1752,1022.666687,2557.0,73,24,8760,10.22666687,25.57
5166,1752,1023.0,2543.0,73,24,8760,10.23,25.43
5167,1752,1025.4285889,2547.8571777,73,24,8760,10.254285889,25.478571777000003
5168,1752,913.0,2577.5556641,73,24,8760,9.13,25.775556640999998
5169,1752,995.1428833,2521.0715332,73,24,8760,9.951428833,25.210715332
5170,1752,1005.0,2478.8000488,73,24,8760,10.05,24.788000487999998
5171,1752,820.2833252,2605.4084473,73,24,8760,8.202833252,26.054084473
5172,1752,776.1317139,2465.3833008,73,24,8760,7.761317139,24.653833008000003
5173,1752,968.3928833,2481.3571777,73,24,8760,9.683928833,24.813571777000003
5174,1752,888.7546997,2402.3583984,73,24,8760,8.887546997,24.023583984000002
5201,1752,730.9202881,2483.8261719,73,24,8760,7.309202881,24.838261719000002
5202,1752,833.5061035,2361.4450684,73,24,8760,8.335061035,23.614450683999998
5203,1752,857.2753906,2311.8068848,73,24,8760,8.572753906,23.118068847999997
5204,1752,920.588623,2260.8762207,73,24,8760,9.205886229999999,22.608762206999998
5210,1752,767.7174072,2471.4890137,73,24,8760,7.677174072000001,24.714890137
5211,1752,845.5933838,2380.6835938,73,24,8760,8.455933838,23.806835938
5212,1752,928.5499878,2353.5500488,73,24,8760,9.285499878000001,23.535500487999997
5213,1752,900.1351318,2408.2973633,73,24,8760,9.001351318,24.082973633
5214,1752,845.0985107,2499.4743652,73,24,8760,8.450985107000001,24.994743652
5220,1752,758.666687,2478.666748,73,24,8760,7.58666687,24.786667480000002
5221,1752,907.8204956,2318.1281738,73,24,8760,9.078204956,23.181281738
5222,1752,924.9051514,2274.0744629,73,24,8760,9.249051514,22.740744629
5223,1752,834.2811279,2403.5876465,73,24,8760,8.342811279,24.035876465
5231,1752,676.4387817,2730.581543,73,24,8760,6.764387817,27.30581543
5232,1752,669.5227051,2613.3408203,73,24,8760,6.695227051000001,26.133408203
5233,1752,657.6799927,2648.4665527,73,24,8760,6.576799927,26.484665527
5234,1752,649.7954712,2646.7727051,73,24,8760,6.497954711999999,26.467727051
5235,1752,623.1116943,2702.1533203,73,24,8760,6.231116943,27.021533203
5236,1752,659.2747803,2680.9389648,73,24,8760,6.592747803,26.809389648
5237,1752,671.9282227,2851.6000977,73,24,8760,6.719282227,28.516000976999997
5238,1752,623.743103,2965.1584473,73,24,8760,6.23743103,29.651584473
5240,1752,664.458313,2538.208252,73,24,8760,6.64458313,25.382082519999997
5241,1752,661.1199951,2571.6799316,73,24,8760,6.611199951,25.716799316000003
5242,1752,694.4000244,2577.0666504,73,24,8760,6.944000244,25.770666504
5243,1752,690.6538696,2593.5385742,73,24,8760,6.906538696,25.935385741999998
5244,1752,667.9147949,2608.138916,73,24,8760,6.679147949,26.08138916
5245,1752,704.7941284,2568.7646484,73,24,8760,7.047941284,25.687646484000002
5250,1752,695.3076782,2559.3845215,73,24,8760,6.953076782,25.593845215
5251,1752,710.6923218,2575.2788086,73,24,8760,7.1069232179999995,25.752788086
5252,1752,709.4786377,2661.1025391,73,24,8760,7.094786377,26.611025391
5253,1752,663.0297241,2862.6293945,73,24,8760,6.630297240999999,28.626293945
5254,1752,703.8012085,2799.8413086,73,24,8760,7.038012085,27.998413086
5255,1752,757.7745361,2692.8320312,73,24,8760,7.577745361,26.928320312
5256,1752,766.5139771,2654.0168457,73,24,8760,7.665139771000001,26.540168457
5259,1752,710.0593262,2715.5856934,73,24,8760,7.100593262,27.155856934
5260,1752,660.9609985,2844.1914062,73,24,8760,6.609609985,28.441914062000002
5261,1752,645.7028198,2834.4387207,73,24,8760,6.457028198000001,28.344387207
5262,1752,630.3883667,2824.1669922,73,24,8760,6.303883667,28.241669922
5263,1752,657.1272583,2693.4455566,73,24,8760,6.571272583,26.934455566
5264,1752,782.3636475,2558.8217773,73,24,8760,7.823636475,25.588217773
5265,1752,652.9608765,2786.9265137,73,24,8760,6.529608765000001,27.869265137000003
5266,1752,655.4411621,2780.8051758,73,24,8760,6.554411621000001,27.808051758
5267,1752,620.6782227,2892.6940918,73,24,8760,6.206782227,28.926940918
5268,1752,610.8504028,2911.0476074,73,24,8760,6.108504028,29.110476073999997
5269,1752,598.0930786,2930.9897461,73,24,8760,5.980930786,29.309897461000002
5270,1752,635.3607178,2874.6972656,73,24,8760,6.353607178,28.746972655999997
5271,1752,662.6507568,2782.7897949,73,24,8760,6.626507567999999,27.827897948999997
5272,1752,703.3449707,2664.4533691,73,24,8760,7.033449707,26.644533691000003
5273,1752,715.9404297,2661.1191406,73,24,8760,7.159404297,26.611191406
5275,1752,747.7862549,2580.4455566,73,24,8760,7.477862549,25.804455566
5276,1752,798.4354248,2395.4243164,73,24,8760,7.984354248,23.954243164
5277,1752,669.1755981,2635.1638184,73,24,8760,6.691755981,26.351638184
5278,1752,686.9326782,2541.0224609,73,24,8760,6.869326782000001,25.410224609
5279,1752,696.2156372,2528.0253906,73,24,8760,6.962156371999999,25.280253906
5280,1752,755.947876,2422.0551758,73,24,8760,7.559478759999999,24.220551758000003
5290,1752,704.8571167,2432.0356445,73,24,8760,7.048571167,24.320356445
5291,1752,738.0333252,2365.9689941,73,24,8760,7.380333252000001,23.659689941
5301,1752,596.8363647,2918.8056641,73,24,8760,5.968363647,29.188056641
5302,1752,561.3346558,2996.5974121,73,24,8760,5.613346558,29.965974121
5303,1752,542.1558228,3056.1435547,73,24,8760,5.421558228,30.561435547000002
5304,1752,540.1127319,3096.0854492,73,24,8760,5.4011273189999995,30.960854492
5306,1752,619.5112305,2887.5949707,73,24,8760,6.195112305,28.875949707
5307,1752,584.4547119,2949.8059082,73,24,8760,5.8445471190000005,29.498059082
5308,1752,572.8422852,3029.2092285,73,24,8760,5.728422852,30.292092285
5309,1752,559.8233643,3031.532959,73,24,8760,5.5982336429999995,30.31532959
5310,1752,549.1704102,3083.2802734,73,24,8760,5.491704102,30.832802734
5311,1752,538.8267822,3142.315918,73,24,8760,5.388267822,31.42315918
5320,1752,540.2982178,3182.6364746,73,24,8760,5.402982177999999,31.826364746
5321,1752,540.0893555,3208.0,73,24,8760,5.400893555,32.08
5322,1752,537.706543,3195.8586426,73,24,8760,5.37706543,31.958586426
5330,1752,535.4295654,3175.5534668,73,24,8760,5.354295654,31.755534668
5331,1752,524.1547852,3197.0952148,73,24,8760,5.241547852,31.970952148000002
5332,1752,532.1911011,3165.3139648,73,24,8760,5.321911011,31.653139648
5333,1752,532.3421631,3155.6130371,73,24,8760,5.3234216309999995,31.556130371
5340,1752,511.0220032,3229.6921387,73,24,8760,5.110220032,32.296921387000005
5341,1752,510.1878967,3261.175293,73,24,8760,5.101878967,32.611752929999994
5342,1752,513.9031982,3214.3779297,73,24,8760,5.1390319820000006,32.143779297
5343,1752,522.381897,3205.8994141,73,24,8760,5.22381897,32.058994141
5344,1752,518.8666382,3207.3666992,73,24,8760,5.188666382,32.073666992
5345,1752,522.8494873,3201.7426758,73,24,8760,5.228494873,32.017426758
5346,1752,522.6875,3219.6875,73,24,8760,5.226875,32.196875
5350,1752,685.8709717,2985.3547363,73,24,8760,6.858709717,29.853547362999997
5351,1752,648.3251953,2763.3286133,73,24,8760,6.483251953,27.633286133000002
5352,1752,651.9266357,2894.7980957,73,24,8760,6.519266357,28.947980957
5353,1752,626.6129761,2948.0290527,73,24,8760,6.266129760999999,29.480290527
5354,1752,583.0292969,3070.7780762,73,24,8760,5.830292968999999,30.707780762000002
5355,1752,628.7437744,2899.1062012,73,24,8760,6.287437744,28.991062012
5356,1752,600.8751831,2996.6601562,73,24,8760,6.008751831,29.966601562
5357,1752,568.2996216,3127.7329102,73,24,8760,5.682996216,31.277329102
5360,1752,634.2727051,2899.333252,73,24,8760,6.342727051000001,28.99333252
5371,1752,674.4234009,3004.6845703,73,24,8760,6.744234009,30.046845703
5372,1752,660.3587036,2988.3479004,73,24,8760,6.603587036,29.883479004
5373,1752,609.2598877,2922.2666016,73,24,8760,6.092598877,29.222666015999998
5374,1752,567.1403809,3002.8430176,73,24,8760,5.671403809,30.028430176
5381,1752,534.4030762,2968.645752,73,24,8760,5.344030762,29.686457519999998
5400,1752,673.90802,3055.3276367,73,24,8760,6.7390802,30.553276367
5401,1752,635.4179077,3012.9030762,73,24,8760,6.354179077,30.129030762000003
5410,1752,645.7158813,3026.3295898,73,24,8760,6.4571588129999995,30.263295898000003
5411,1752,620.8787842,2974.6262207,73,24,8760,6.2087878420000004,29.746262207
5412,1752,598.6846924,2939.7431641,73,24,8760,5.986846924,29.397431640999997
5413,1752,543.5936279,2848.5876465,73,24,8760,5.435936279,28.485876465
5414,1752,547.9121094,2877.2856445,73,24,8760,5.479121094,28.772856445000002
5415,1752,538.0681763,2874.333252,73,24,8760,5.380681763,28.74333252
5416,1752,520.3764648,2879.5412598,73,24,8760,5.203764648,28.795412598
5417,1752,505.3716431,3241.0170898,73,24,8760,5.053716431,32.410170898000004
5418,1752,489.1569214,3055.5183105,73,24,8760,4.8915692139999996,30.555183105
5419,1752,467.6321716,2963.6845703,73,24,8760,4.676321716,29.636845703
5420,1752,451.7200012,2871.9853516,73,24,8760,4.517200012,28.719853515999997
5421,1752,456.6582947,2966.3447266,73,24,8760,4.566582947,29.663447266
5422,1752,455.3803101,3039.8269043,73,24,8760,4.553803101,30.398269043
5431,1752,475.1344299,3109.6887207,73,24,8760,4.751344298999999,31.096887206999998
5432,1752,505.4917603,3376.5778809,73,24,8760,5.054917603,33.765778809
5433,1752,509.7585449,3313.6088867,73,24,8760,5.097585449,33.136088867
5434,1752,529.4048462,3457.2700195,73,24,8760,5.294048461999999,34.572700195
5440,1752,546.4158325,3484.2124023,73,24,8760,5.464158325,34.842124023000004
5451,1752,581.5142822,2946.8857422,73,24,8760,5.815142822,29.468857422
5452,1752,558.180542,2878.0693359,73,24,8760,5.581805419999999,28.780693359
5453,1752,560.5018311,2949.1140137,73,24,8760,5.605018311,29.491140137000002
5454,1752,510.4337463,2959.7932129,73,24,8760,5.104337463,29.597932129
5455,1752,529.8043213,2944.7172852,73,24,8760,5.298043213,29.447172851999998
5460,1752,646.6262207,3078.5847168,73,24,8760,6.466262207,30.785847168
5461,1752,606.8421021,3107.2104492,73,24,8760,6.068421021000001,31.072104491999998
5462,1752,573.3167725,3091.0869141,73,24,8760,5.7331677249999995,30.910869141
5464,1752,562.5908203,3092.7624512,73,24,8760,5.625908203,30.927624512
5470,1752,540.1061401,3056.2011719,73,24,8760,5.401061401,30.562011719
5471,1752,527.9765625,3028.4609375,73,24,8760,5.279765625,30.284609375
5472,1752,521.6149292,3028.2011719,73,24,8760,5.216149292,30.282011719000003
5473,1752,518.9797974,3071.0808105,73,24,8760,5.189797974,30.710808105
5480,1752,507.9302368,3050.1706543,73,24,8760,5.079302368,30.501706543
5481,1752,508.2085571,2970.5029297,73,24,8760,5.082085571,29.705029297
5482,1752,492.8464966,3067.8666992,73,24,8760,4.928464966,30.678666992
5483,1752,498.0393982,3038.9575195,73,24,8760,4.980393982,30.389575195000003
5485,1752,502.206604,3113.7041016,73,24,8760,5.02206604,31.137041015999998
5490,1752,500.0446167,3011.684082,73,24,8760,5.000446167,30.116840820000004
5491,1752,472.6251526,2895.817627,73,24,8760,4.7262515259999995,28.95817627
5493,1752,456.7894592,2939.3156738,73,24,8760,4.567894592,29.393156738
5495,1752,548.1524658,3112.4882812,73,24,8760,5.481524658,31.124882812
5501,1752,747.0457764,2947.5327148,73,24,8760,7.470457764,29.475327148
5502,1752,686.4119263,3049.0908203,73,24,8760,6.864119263,30.490908203
5510,1752,597.2635498,3045.8061523,73,24,8760,5.972635498,30.458061523
5520,1752,582.8554688,3070.0539551,73,24,8760,5.8285546880000005,30.700539551000002
5521,1752,561.9177246,3109.7849121,73,24,8760,5.6191772460000005,31.097849121
5522,1752,669.0645142,2982.6533203,73,24,8760,6.690645141999999,29.826533203
5523,1752,563.7711182,3081.9897461,73,24,8760,5.637711182,30.819897461
5540,1752,578.8901978,3067.0615234,73,24,8760,5.788901978,30.670615234000003
5550,1752,647.736145,3021.8723145,73,24,8760,6.47736145,30.218723145
5552,1752,640.3622437,2995.326416,73,24,8760,6.403622437,29.95326416
5554,1752,626.5299683,3032.3432617,73,24,8760,6.265299682999999,30.323432616999998
5555,1752,614.6338501,3021.1577148,73,24,8760,6.146338501,30.211577148
5556,1752,727.810791,2911.9865723,73,24,8760,7.27810791,29.119865722999997
5558,1752,715.2324219,2920.2817383,73,24,8760,7.152324219,29.202817383000003
5560,1752,599.2884521,3070.2307129,73,24,8760,5.992884521,30.702307129
5570,1752,722.2677002,2900.4597168,73,24,8760,7.222677002,29.004597168
5571,1752,762.3615112,2837.0981445,73,24,8760,7.6236151119999995,28.370981445
5572,1752,662.4000244,2948.1171875,73,24,8760,6.624000244,29.481171875
5573,1752,738.2866211,2851.7797852,73,24,8760,7.3828662110000005,28.517797851999998
5575,1752,816.6985474,2663.0183105,73,24,8760,8.166985474,26.630183105
5576,1752,792.0062866,2680.2919922,73,24,8760,7.920062865999999,26.802919922
5577,1752,830.3901978,2602.4675293,73,24,8760,8.303901978,26.024675293
5580,1752,760.7335815,2806.5888672,73,24,8760,7.607335815,28.065888672
5581,1752,900.8846436,2687.6025391,73,24,8760,9.008846436,26.876025391
5582,1752,877.3491821,2635.0634766,73,24,8760,8.773491821,26.350634766
5583,1752,892.5428467,2554.4143066,73,24,8760,8.925428467,25.544143066
5600,1752,732.125,2949.75,73,24,8760,7.32125,29.4975
5601,1752,634.7384644,3038.4990234,73,24,8760,6.347384644,30.384990234
5602,1752,733.5419312,2862.9001465,73,24,8760,7.335419312,28.629001465
5603,1752,756.9573975,2845.046875,73,24,8760,7.569573975,28.45046875
5604,1752,834.3713379,2725.7868652,73,24,8760,8.343713379,27.257868652000003
5605,1752,784.9832764,2706.8696289,73,24,8760,7.849832764,27.068696289
5606,1752,945.7561035,2432.1950684,73,24,8760,9.457561035,24.321950683999997
5607,1752,772.0081177,2718.0771484,73,24,8760,7.720081177,27.180771484
5608,1752,669.5714111,2991.2856445,73,24,8760,6.695714111,29.912856445000003
5609,1752,612.333313,3054.333252,73,24,8760,6.12333313,30.54333252
5611,1752,637.9281006,3110.0429688,73,24,8760,6.379281006,31.100429688
5630,1752,713.4414062,2756.4296875,73,24,8760,7.134414061999999,27.564296875
5631,1752,705.8753662,2806.7492676,73,24,8760,7.058753662,28.067492676
5632,1752,702.1452026,2883.5866699,73,24,8760,7.0214520259999995,28.835866698999997
5633,1752,735.7017822,3037.564209,73,24,8760,7.357017822,30.37564209
5640,1752,738.7131958,2828.7570801,73,24,8760,7.387131958,28.287570801
5641,1752,713.9480591,3089.706543,73,24,8760,7.139480591,30.897065429999998
5642,1752,745.9265747,2968.1921387,73,24,8760,7.459265747,29.681921387000003
5650,1752,737.0360107,3131.630127,73,24,8760,7.370360107,31.31630127
5651,1752,736.546814,3185.8505859,73,24,8760,7.365468140000001,31.858505859
5652,1752,729.8518677,3180.4560547,73,24,8760,7.298518677,31.804560547
5653,1752,723.574646,3190.0429688,73,24,8760,7.2357464600000005,31.900429688
5654,1752,717.4093018,3136.0031738,73,24,8760,7.174093018,31.360031737999996
5655,1752,700.088623,3185.8422852,73,24,8760,7.00088623,31.858422852
5660,1752,673.7692261,3129.7841797,73,24,8760,6.737692260999999,31.297841797
5661,1752,662.7394409,3164.0639648,73,24,8760,6.627394409,31.640639648
5670,1752,738.5795288,2975.157959,73,24,8760,7.385795288000001,29.751579590000002
5671,1752,727.6312866,2967.3500977,73,24,8760,7.276312866,29.673500977
5680,1752,663.3908691,3039.4050293,73,24,8760,6.633908691,30.394050293
5690,1752,601.3761597,3264.6032715,73,24,8760,6.013761597,32.646032715000004
5700,1752,538.8793335,3288.0463867,73,24,8760,5.388793335,32.880463866999996
5701,1752,516.0335083,3226.9328613,73,24,8760,5.160335083,32.269328613
5710,1752,516.3485107,3387.605957,73,24,8760,5.1634851070000005,33.87605957
5713,1752,567.7438354,3596.7897949,73,24,8760,5.6774383539999995,35.967897949
5715,1752,608.977356,3372.6303711,73,24,8760,6.08977356,33.726303711
5717,1752,653.8226318,3336.9934082,73,24,8760,6.5382263179999995,33.369934082
5719,1752,578.3370361,3500.4501953,73,24,8760,5.783370360999999,35.004501953
5720,1752,565.9759521,3636.4311523,73,24,8760,5.659759521,36.364311523
5722,1752,542.8400269,3618.6799316,73,24,8760,5.428400269,36.186799316
5723,1752,604.4667969,3688.940918,73,24,8760,6.044667969,36.88940918
5724,1752,585.1364136,3716.9768066,73,24,8760,5.851364136,37.169768066
5725,1752,542.8165894,3611.0795898,73,24,8760,5.428165894,36.110795898
5730,1752,539.1576538,3375.1335449,73,24,8760,5.391576538000001,33.751335448999995
5731,1752,679.2771606,3786.861084,73,24,8760,6.792771606,37.86861084
5732,1752,569.8430786,3583.0793457,73,24,8760,5.698430786,35.830793457
5733,1752,628.9006348,3822.7167969,73,24,8760,6.289006348,38.227167969
5734,1752,634.958374,3882.4599609,73,24,8760,6.349583740000001,38.824599609
5950,1752,902.833313,2722.666748,73,24,8760,9.02833313,27.22666748
6000,1752,885.166687,3010.0,73,24,8760,8.85166687,30.1
6004,1752,872.75,3037.75,73,24,8760,8.7275,30.3775
6005,1752,906.833313,2961.5,73,24,8760,9.06833313,29.615
6006,1752,893.0,2983.5,73,24,8760,8.93,29.835
6007,1752,905.333313,2970.666748,73,24,8760,9.05333313,29.70666748
6008,1752,942.1428833,2922.0,73,24,8760,9.421428833,29.22
6009,1752,956.4545288,2905.7272949,73,24,8760,9.564545288,29.057272948999998
6010,1752,1058.5384521,2807.0769043,73,24,8760,10.585384521000002,28.070769043
6011,1752,1138.0,2735.1428223,73,24,8760,11.38,27.351428223
6012,1752,1100.1999512,2766.3999023,73,24,8760,11.001999512,27.663999023000002
6014,1752,958.666687,2904.777832,73,24,8760,9.58666687,29.047778320000003
6015,1752,1131.416626,2738.666748,73,24,8760,11.31416626,27.38666748
6016,1752,913.333313,2959.0,73,24,8760,9.13333313,29.59
6017,1752,944.7999878,2922.1000977,73,24,8760,9.447999878000001,29.221000977
6018,1752,1022.0499878,2837.0500488,73,24,8760,10.220499878,28.370500487999998
6019,1752,1115.111084,2754.777832,73,24,8760,11.15111084,27.547778320000003
6020,1752,1120.1817627,2756.5454102,73,24,8760,11.201817627,27.565454102
6021,1752,935.5999756,2934.6999512,73,24,8760,9.355999756,29.346999512000004
6022,1752,939.7999878,2929.1999512,73,24,8760,9.397999878,29.291999512000004
6023,1752,1035.75,2824.375,73,24,8760,10.3575,28.24375
6024,1752,955.4285889,2909.8571777,73,24,8760,9.554285889,29.098571777000004
6025,1752,1079.0,2794.8635254,73,24,8760,10.79,27.948635254
6026,1752,943.625,2927.75,73,24,8760,9.43625,29.2775
6027,1752,1042.9354248,2831.1936035,73,24,8760,10.429354248,28.311936035
6028,1752,1117.666626,2766.333252,73,24,8760,11.17666626,27.663332519999997
6029,1752,1190.0,2690.0,73,24,8760,11.9,26.9
6030,1752,1103.2800293,2785.1201172,73,24,8760,11.032800293000001,27.851201172
6031,1752,939.3809814,2941.3095703,73,24,8760,9.393809814,29.413095703
6032,1752,940.8048706,2947.1220703,73,24,8760,9.408048705999999,29.471220703
6033,1752,950.7894897,2944.6315918,73,24,8760,9.507894897,29.446315918
6034,1752,1102.4666748,2801.666748,73,24,8760,11.024666748,28.016667480000002
6035,1752,925.5112915,2987.6469727,73,24,8760,9.255112915,29.876469727
6036,1752,1135.0999756,2760.8999023,73,24,8760,11.350999756,27.608999023000003
6037,1752,1058.1922607,2859.0,73,24,8760,10.581922607,28.59
6038,1752,1088.5,2807.625,73,24,8760,10.885,28.07625
6041,1752,1002.7955322,2940.3569336,73,24,8760,10.027955322,29.403569336
6042,1752,1121.3077393,2844.4614258,73,24,8760,11.213077393,28.444614258
6043,1752,1017.5090332,2961.333252,73,24,8760,10.175090332,29.61333252
6044,1752,1004.9512329,3016.5837402,73,24,8760,10.049512329,30.165837402
6050,1752,881.7142944,3010.0,73,24,8760,8.817142944,30.1
6051,1752,861.0,3061.5,73,24,8760,8.61,30.615
6052,1752,870.7999878,3030.3999023,73,24,8760,8.707999878,30.303999023000003
6053,1752,855.7000122,3069.5,73,24,8760,8.557000122,30.695
6054,1752,847.5,3092.0,73,24,8760,8.475,30.92
6055,1752,837.8965454,3129.1035156,73,24,8760,8.378965454000001,31.291035156
6056,1752,827.168335,3137.4060059,73,24,8760,8.27168335,31.374060058999998
6057,1752,826.4705811,3131.7058105,73,24,8760,8.264705811,31.317058105
6058,1752,823.222229,3115.5556641,73,24,8760,8.23222229,31.155556640999997
6059,1752,881.7000122,3011.1999512,73,24,8760,8.817000122,30.111999512
6060,1752,900.555542,2972.777832,73,24,8760,9.00555542,29.727778320000002
6061,1752,899.666687,2970.9443359,73,24,8760,8.99666687,29.709443359
6062,1752,863.5,3052.9375,73,24,8760,8.635,30.529375
6063,1752,851.375,3083.0,73,24,8760,8.51375,30.83
6064,1752,900.25,2971.3125,73,24,8760,9.0025,29.713125
6065,1752,910.4901733,2966.137207,73,24,8760,9.104901733,29.661372070000002
6066,1752,870.8571167,3036.5715332,73,24,8760,8.708571167,30.365715332
6067,1752,867.0,3046.9375,73,24,8760,8.67,30.469375
6068,1752,852.1724243,3081.0688477,73,24,8760,8.521724243,30.810688477
6069,1752,833.9411621,3123.8676758,73,24,8760,8.339411621,31.238676758
6070,1752,813.25,3073.25,73,24,8760,8.1325,30.7325
6071,1752,812.1304321,3063.6520996,73,24,8760,8.121304321,30.636520995999998
6072,1752,799.666687,3015.333252,73,24,8760,7.99666687,30.15333252
6073,1752,792.166687,3039.5666504,73,24,8760,7.92166687,30.395666504
6074,1752,768.9650879,3108.4128418,73,24,8760,7.689650878999999,31.084128418
6076,1752,785.0647583,3025.2185059,73,24,8760,7.850647583,30.252185059
6077,1752,882.59375,3014.53125,73,24,8760,8.8259375,30.1453125
6078,1752,878.3636475,3032.7412109,73,24,8760,8.783636475,30.327412109
6079,1752,858.4528198,3065.5,73,24,8760,8.584528198000001,30.655
6081,1752,800.1080933,3020.9729004,73,24,8760,8.001080932999999,30.209729004
6082,1752,780.0384521,3092.0385742,73,24,8760,7.800384521,30.920385741999997
6083,1752,789.9940796,3106.588623,73,24,8760,7.899940795999999,31.06588623
6084,1752,822.5631714,3129.3151855,73,24,8760,8.225631714,31.293151855
6090,1752,867.0,3043.8571777,73,24,8760,8.67,30.438571777000003
6100,1752,861.0,3059.0,73,24,8760,8.61,30.59
6101,1752,851.5,3068.0,73,24,8760,8.515,30.68
6102,1752,850.4285889,3068.2856445,73,24,8760,8.504285889,30.682856445000002
6103,1752,853.0,3071.75,73,24,8760,8.53,30.7175
6104,1752,846.333313,3092.583252,73,24,8760,8.46333313,30.92583252
6105,1752,836.5806274,3110.6452637,73,24,8760,8.365806274,31.106452637000004
6106,1752,837.5454712,3093.0908203,73,24,8760,8.375454712,30.930908202999998
6107,1752,829.0,3115.125,73,24,8760,8.29,31.15125
6108,1752,827.0908813,3109.7272949,73,24,8760,8.270908813,31.097272948999997
6109,1752,813.791687,3115.125,73,24,8760,8.13791687,31.15125
6110,1752,810.416687,3076.75,73,24,8760,8.10416687,30.7675
6111,1752,756.4578857,3015.1274414,73,24,8760,7.564578857,30.151274414
6112,1752,802.9852905,3040.0881348,73,24,8760,8.029852905,30.400881348
6121,1752,820.5341187,3086.1704102,73,24,8760,8.205341187,30.861704101999997
6122,1752,777.4754028,3020.6557617,73,24,8760,7.774754028,30.206557616999998
6123,1752,787.805542,3109.527832,73,24,8760,7.878055419999999,31.095278320000002
6124,1752,728.4196167,2994.6589355,73,24,8760,7.284196167,29.946589355
6125,1752,786.1428833,3069.4147949,73,24,8760,7.861428833,30.694147948999998
6126,1752,748.0769043,3028.1757812,73,24,8760,7.4807690430000005,30.281757812000002
6147,1752,838.166687,3086.666748,73,24,8760,8.38166687,30.86666748
6148,1752,851.1818237,3070.4545898,73,24,8760,8.511818237,30.704545898000003
6149,1752,871.9285889,3019.0,73,24,8760,8.719285889,30.19
6150,1752,892.333313,2981.888916,73,24,8760,8.92333313,29.818889159999998
6151,1752,876.444458,3025.333252,73,24,8760,8.764444580000001,30.25333252
6152,1752,870.9285889,3034.7856445,73,24,8760,8.709285889,30.347856445
6153,1752,891.6363525,2993.6364746,73,24,8760,8.916363525000001,29.936364746
6154,1752,906.5999756,2967.3999023,73,24,8760,9.065999756,29.673999023
6155,1752,844.3030396,3063.9091797,73,24,8760,8.443030396000001,30.639091797000003
6156,1752,942.5714111,2916.2856445,73,24,8760,9.425714111,29.162856445000003
6157,1752,984.2857056,2868.1428223,73,24,8760,9.842857056,28.681428222999998
6158,1752,1056.0,2803.0,73,24,8760,10.56,28.03
6159,1752,1165.333374,2716.666748,73,24,8760,11.65333374,27.16666748
6160,1752,1079.1999512,2783.0,73,24,8760,10.791999512,27.83
6161,1752,1280.3684082,2646.3684082,73,24,8760,12.803684082,26.463684082
6162,1752,1067.4000244,2789.8000488,73,24,8760,10.674000243999998,27.898000487999997
6163,1752,982.9512329,2869.6584473,73,24,8760,9.829512329,28.696584472999998
6164,1752,883.7374878,2988.5375977,73,24,8760,8.837374878,29.885375977
6165,1752,987.8235474,2859.0588379,73,24,8760,9.878235474,28.590588379
6166,1752,1029.8918457,2823.3242188,73,24,8760,10.298918457,28.233242188
6167,1752,918.1923218,2943.7819824,73,24,8760,9.181923218,29.437819823999998
6168,1752,1074.333374,2801.395752,73,24,8760,10.74333374,28.013957519999998
6169,1752,1017.7333374,2843.3999023,73,24,8760,10.177333374,28.433999023000002
6170,1752,882.5599976,2989.5600586,73,24,8760,8.825599976,29.895600586
6171,1752,867.3110962,3018.4665527,73,24,8760,8.673110961999999,30.184665527000003
6172,1752,1027.4000244,2837.1999512,73,24,8760,10.274000244,28.371999512000002
6173,1752,1063.2857666,2814.2856445,73,24,8760,10.632857666,28.142856445000003
6174,1752,1045.75,2825.25,73,24,8760,10.4575,28.2525
6175,1752,1081.0,2808.3999023,73,24,8760,10.81,28.083999023
6176,1752,923.333313,2933.9333496,73,24,8760,9.23333313,29.339333496
6180,1752,966.0,2893.0715332,73,24,8760,9.66,28.930715332
6181,1752,897.0,2967.625,73,24,8760,8.97,29.67625
6182,1752,853.958313,3031.5,73,24,8760,8.53958313,30.315
6207,1752,729.2383423,2998.2624512,73,24,8760,7.292383423,29.982624512
6208,1752,771.2918091,3094.3081055,73,24,8760,7.712918091000001,30.943081054999997
6209,1752,874.041687,2998.625,73,24,8760,8.74041687,29.98625
6210,1752,1036.5238037,2855.2856445,73,24,8760,10.365238037,28.552856445000003
6211,1752,1004.0098267,2861.3430176,73,24,8760,10.040098267,28.613430176
6213,1752,664.9421387,2979.640625,73,24,8760,6.649421387,29.79640625
6214,1752,759.3049927,3101.8793945,73,24,8760,7.593049926999999,31.018793945000002
6215,1752,707.1548462,3004.1523438,73,24,8760,7.071548461999999,30.041523438
6218,1752,679.3789673,3082.6315918,73,24,8760,6.793789673,30.826315918
6219,1752,669.204834,3079.385498,73,24,8760,6.69204834,30.793854980000003
6220,1752,671.3256226,2942.7207031,73,24,8760,6.7132562259999995,29.427207031
6221,1752,610.2190552,2955.3078613,73,24,8760,6.102190552,29.553078612999997
6223,1752,647.1029663,3049.5734863,73,24,8760,6.471029663,30.495734863
6224,1752,639.557373,3002.8278809,73,24,8760,6.39557373,30.028278809
6225,1752,554.7091064,2937.4838867,73,24,8760,5.547091064,29.374838866999998
6226,1752,630.4375,2977.5,73,24,8760,6.304375,29.775
6227,1752,631.9767456,3014.9768066,73,24,8760,6.319767455999999,30.149768066
6228,1752,683.9000244,2993.0666504,73,24,8760,6.839000244,29.930666504
6229,1752,725.8235474,2946.0588379,73,24,8760,7.258235474,29.460588379
6230,1752,837.8265381,2838.3164062,73,24,8760,8.378265381,28.383164062000002
6232,1752,765.333313,2906.4443359,73,24,8760,7.65333313,29.064443359000002
6233,1752,824.2023315,2874.7514648,73,24,8760,8.242023315,28.747514648000003
6236,1752,615.4697876,2950.0883789,73,24,8760,6.154697876,29.500883789
6237,1752,696.4310303,2966.1379395,73,24,8760,6.9643103029999995,29.661379394999997
6239,1752,608.9494629,2964.8972168,73,24,8760,6.089494629,29.648972168
6240,1752,588.4650879,2979.1628418,73,24,8760,5.884650879,29.791628418000002
6243,1752,582.489624,2885.9294434,73,24,8760,5.82489624,28.859294434
6244,1752,612.7077637,2852.8330078,73,24,8760,6.127077637,28.528330078
6251,1752,629.6220703,2890.8952637,73,24,8760,6.296220703,28.908952637000002
6252,1752,620.4269409,2883.2697754,73,24,8760,6.204269409,28.832697754
6253,1752,622.8096924,2906.1828613,73,24,8760,6.228096924,29.061828613
6254,1752,623.9725952,2842.123291,73,24,8760,6.239725952,28.42123291
6255,1752,609.847229,2855.0026855,73,24,8760,6.09847229,28.550026855000002
6256,1752,665.1636353,2763.6228027,73,24,8760,6.651636353,27.636228027
6258,1752,738.2665405,2683.6459961,73,24,8760,7.382665405,26.836459961
6260,1752,864.6583252,2585.7648926,73,24,8760,8.646583252000001,25.857648926000003
6262,1752,889.296936,2502.1437988,73,24,8760,8.89296936,25.021437988
6271,1752,752.96698,2913.6416016,73,24,8760,7.529669800000001,29.136416016
6275,1752,760.7142334,2797.0422363,73,24,8760,7.607142334,27.970422362999997
6280,1752,834.1754761,2846.3737793,73,24,8760,8.341754760999999,28.463737793
6281,1752,1027.3813477,2694.4238281,73,24,8760,10.273813477000001,26.944238280999997
6282,1752,971.5757446,2724.3635254,73,24,8760,9.715757446,27.243635254
6284,1752,818.6204224,2820.9365234,73,24,8760,8.186204224,28.209365234000003
6285,1752,850.1635132,2802.347168,73,24,8760,8.501635132,28.023471679999997
6286,1752,996.3621826,2592.4262695,73,24,8760,9.963621826,25.924262695000003
6288,1752,967.9093018,2616.9714355,73,24,8760,9.679093018,26.169714355
6290,1752,1090.0784912,2441.8757324,73,24,8760,10.900784911999999,24.418757323999998
6302,1752,679.0983276,3209.8164062,73,24,8760,6.7909832759999995,32.098164062
6304,1752,613.9718628,3224.3659668,73,24,8760,6.139718628000001,32.243659668
6306,1752,576.0358276,3189.4345703,73,24,8760,5.760358276,31.894345703
6308,1752,564.4909668,3104.5263672,73,24,8760,5.644909668,31.045263672
6309,1752,552.8098145,3083.6733398,73,24,8760,5.528098145,30.836733398
6311,1752,549.4946899,3043.9245605,73,24,8760,5.494946899,30.439245605
6312,1752,556.7744141,3031.9692383,73,24,8760,5.5677441409999995,30.319692383000003
6313,1752,552.5322266,3024.3076172,73,24,8760,5.525322266,30.243076172000002
6315,1752,573.7614136,3000.4162598,73,24,8760,5.7376141359999995,30.004162597999997
6316,1752,603.7034302,2950.6940918,73,24,8760,6.0370343019999995,29.506940918
6317,1752,635.1689453,2912.7375488,73,24,8760,6.3516894530000005,29.127375488
6318,1752,659.6362305,2823.1870117,73,24,8760,6.596362305,28.231870117
6320,1752,688.730957,2787.7648926,73,24,8760,6.88730957,27.877648926000003
6321,1752,704.1402588,2749.8068848,73,24,8760,7.0414025879999995,27.498068848
6322,1752,731.210144,2681.0869141,73,24,8760,7.31210144,26.810869140999998
6323,1752,747.8067627,2657.6918945,73,24,8760,7.478067627000001,26.576918945000003
6324,1752,773.2316284,2583.5629883,73,24,8760,7.7323162839999995,25.835629883000003
6326,1752,801.1534424,2552.1201172,73,24,8760,8.011534424,25.521201172
6327,1752,836.793335,2461.8635254,73,24,8760,8.36793335,24.618635254
6328,1752,809.9995728,2427.1799316,73,24,8760,8.099995728,24.271799316000003
6330,1752,907.3439941,2314.7375488,73,24,8760,9.073439941,23.147375487999998
6333,1752,906.8839722,2392.3935547,73,24,8760,9.068839722,23.923935547
6335,1752,674.3352661,2813.9665527,73,24,8760,6.743352661,28.139665527000002
6336,1752,668.0267944,2742.8198242,73,24,8760,6.680267944,27.428198241999997
6337,1752,653.6566162,2707.5141602,73,24,8760,6.536566162000001,27.075141602
6338,1752,733.744873,2592.8303223,73,24,8760,7.33744873,25.928303222999997
6341,1752,639.6049805,2884.2751465,73,24,8760,6.3960498050000005,28.842751465000003
6343,1752,618.7191772,2857.3703613,73,24,8760,6.187191772,28.573703613
6346,1752,673.6781006,2665.0290527,73,24,8760,6.736781006,26.650290527000003
6348,1752,740.284668,2559.4509277,73,24,8760,7.40284668,25.594509277
6350,1752,608.7484741,3001.9052734,73,24,8760,6.087484741,30.019052734000002
6351,1752,604.8961792,3018.8100586,73,24,8760,6.048961792,30.188100586
6352,1752,610.0220337,2972.2556152,73,24,8760,6.100220337,29.722556152000003
6353,1752,585.8916016,3028.7966309,73,24,8760,5.858916015999999,30.287966308999998
6355,1752,564.8117065,2967.2019043,73,24,8760,5.648117065,29.672019043
6356,1752,583.2240601,2928.5166016,73,24,8760,5.832240601,29.285166015999998
6357,1752,543.2596436,3092.8039551,73,24,8760,5.432596436,30.928039551
6358,1752,524.7706909,3167.5480957,73,24,8760,5.247706909,31.675480957
6359,1752,524.0772705,3092.9794922,73,24,8760,5.240772705,30.929794922
6361,1752,581.3377686,3037.6379395,73,24,8760,5.813377686,30.376379395
6363,1752,581.484375,3050.5581055,73,24,8760,5.81484375,30.505581054999997
6365,1752,559.1569214,3129.909668,73,24,8760,5.591569214,31.299096679999998
6367,1752,533.6787109,3193.7089844,73,24,8760,5.336787109,31.937089844000003
6368,1752,513.3824463,3231.1765137,73,24,8760,5.133824463,32.311765137
6369,1752,500.4845581,3222.2109375,73,24,8760,5.0048455810000005,32.222109375
6370,1752,559.5341187,3077.8574219,73,24,8760,5.595341187,30.778574219000003
6372,1752,553.083313,3143.3933105,73,24,8760,5.5308331299999995,31.433933105
6373,1752,546.5298462,3168.2150879,73,24,8760,5.465298462,31.682150879
6375,1752,535.6483154,3213.7397461,73,24,8760,5.356483154,32.137397461
6383,1752,561.5748291,3283.7216797,73,24,8760,5.615748291,32.837216797
6384,1752,538.8609619,3277.7668457,73,24,8760,5.388609619,32.777668457
6385,1752,533.4421997,3268.6850586,73,24,8760,5.334421997,32.686850586
6386,1752,525.0280762,3304.7790527,73,24,8760,5.250280762,33.047790527000004
6390,1752,609.1586304,3022.5068359,73,24,8760,6.091586304,30.225068359
6391,1752,537.3599243,2998.9443359,73,24,8760,5.373599243,29.989443359000003
6392,1752,538.8828735,2966.0981445,73,24,8760,5.388828735,29.660981445
6393,1752,553.8549194,2951.0031738,73,24,8760,5.538549194,29.510031738
6394,1752,595.5825195,2894.2607422,73,24,8760,5.955825195,28.942607422000002
6395,1752,642.5656738,2815.4072266,73,24,8760,6.425656738,28.154072266
6396,1752,714.3765259,2726.7797852,73,24,8760,7.143765259,27.267797851999998
6397,1752,781.3900757,2610.1430664,73,24,8760,7.813900757,26.101430664
6398,1752,919.0212402,2416.4228516,73,24,8760,9.190212402,24.164228515999998
6401,1752,697.3187256,3336.9042969,73,24,8760,6.973187256,33.369042969
6403,1752,674.7543945,3330.5964355,73,24,8760,6.747543945,33.305964355
6405,1752,630.8190308,3336.5217285,73,24,8760,6.3081903079999995,33.365217285
6407,1752,592.4909668,3330.6447754,73,24,8760,5.924909668000001,33.306447754000004
6409,1752,558.6068726,3342.3596191,73,24,8760,5.586068726,33.423596191
6410,1752,535.824646,3321.3261719,73,24,8760,5.35824646,33.213261719
6411,1752,524.4069824,3340.6359863,73,24,8760,5.244069823999999,33.406359863
6412,1752,522.5550537,3359.1394043,73,24,8760,5.225550537,33.591394043
6413,1752,511.340332,3377.2436523,73,24,8760,5.11340332,33.772436523
6414,1752,505.6378479,3350.6162109,73,24,8760,5.056378479,33.506162109
6415,1752,501.2347412,3320.2709961,73,24,8760,5.012347412,33.202709961000004
6418,1752,508.2120972,3303.592041,73,24,8760,5.082120972,33.035920409999996
6419,1752,515.3119507,3294.7436523,73,24,8760,5.153119507,32.947436523
6420,1752,494.129364,3246.2280273,73,24,8760,4.9412936400000005,32.462280273000005
6421,1752,502.3266907,3328.0256348,73,24,8760,5.023266907,33.280256347999995
6422,1752,493.9047546,3353.3181152,73,24,8760,4.939047546,33.533181152000004
6423,1752,502.1506042,3366.1831055,73,24,8760,5.0215060419999995,33.661831055
6424,1752,490.5397339,3297.095459,73,24,8760,4.905397339,32.97095459
6425,1752,487.4510193,3288.1367188,73,24,8760,4.874510193,32.881367188
6426,1752,526.1311035,3298.8684082,73,24,8760,5.261311035,32.988684082
6427,1752,509.7912598,3399.2504883,73,24,8760,5.097912598,33.992504883
6428,1752,522.4986572,3258.0026855,73,24,8760,5.224986572000001,32.580026855
6429,1752,546.7995605,3248.2011719,73,24,8760,5.467995605,32.482011719
6430,1752,602.3825684,3310.0,73,24,8760,6.023825683999999,33.1
6431,1752,588.4521484,3422.6870117,73,24,8760,5.884521484,34.226870117
6432,1752,599.555542,3318.388916,73,24,8760,5.99555542,33.18388916
6434,1752,581.3317261,3240.0732422,73,24,8760,5.813317261,32.400732422000004
6436,1752,606.7196045,3496.7050781,73,24,8760,6.067196044999999,34.967050781
6437,1752,648.9956055,3646.4194336,73,24,8760,6.489956055,36.464194336
6438,1752,636.6946411,3579.6616211,73,24,8760,6.366946411,35.796616211
6440,1752,600.166626,3582.1408691,73,24,8760,6.0016662599999995,35.821408691
6442,1752,565.6696167,3281.3569336,73,24,8760,5.656696167,32.813569336
6443,1752,600.0122681,2945.6315918,73,24,8760,6.000122681000001,29.456315918
6445,1752,613.5747681,2974.1193848,73,24,8760,6.135747681000001,29.741193847999998
6446,1752,681.440918,2877.8291016,73,24,8760,6.81440918,28.778291015999997
6447,1752,706.8743896,2825.7932129,73,24,8760,7.068743896,28.257932129
6448,1752,751.8544312,2687.65625,73,24,8760,7.518544312,26.8765625
6450,1752,744.6332397,2661.1220703,73,24,8760,7.446332397,26.611220703
6452,1752,679.2562256,2769.1750488,73,24,8760,6.792562256,27.691750487999997
6460,1752,680.7919922,3355.8225098,73,24,8760,6.807919922,33.558225098
6461,1752,637.2387085,3347.8205566,73,24,8760,6.372387085000001,33.478205566
6462,1752,620.5,3352.3774414,73,24,8760,6.205,33.523774414
6463,1752,599.6514282,3344.6743164,73,24,8760,5.996514282000001,33.446743164
6465,1752,624.1204834,3346.8049316,73,24,8760,6.241204834,33.468049316
6466,1752,632.7706299,3359.3029785,73,24,8760,6.327706299,33.593029785
6467,1752,630.4353027,3380.7971191,73,24,8760,6.304353026999999,33.807971191
6468,1752,633.6853638,3480.7980957,73,24,8760,6.336853638,34.807980957
6470,1752,615.0310059,3428.5654297,73,24,8760,6.150310059,34.285654297
6472,1752,600.5734253,3493.7768555,73,24,8760,6.005734253000001,34.937768555
6473,1752,573.1392212,3374.1179199,73,24,8760,5.731392211999999,33.741179199
6475,1752,596.6296387,3412.7663574,73,24,8760,5.966296387,34.127663573999996
6476,1752,572.1195679,3392.3337402,73,24,8760,5.721195679,33.923337402
6477,1752,552.4129639,3390.8122559,73,24,8760,5.524129639,33.908122559
6479,1752,543.8840332,3390.1293945,73,24,8760,5.438840332,33.901293945
6480,1752,508.6378479,3366.7819824,73,24,8760,5.086378479,33.667819824
6484,1752,533.2825317,3388.6928711,73,24,8760,5.332825317,33.886928711
6485,1752,576.852417,3364.7268066,73,24,8760,5.768524169999999,33.647268066
6487,1752,554.6903076,3348.6860352,73,24,8760,5.5469030759999995,33.486860352
6488,1752,543.2944946,3373.9968262,73,24,8760,5.432944946,33.739968262000005
6489,1752,533.3908691,3385.625,73,24,8760,5.333908691,33.85625
6490,1752,515.4563599,3397.2885742,73,24,8760,5.154563599,33.972885741999995
6501,1752,842.7971802,3100.802002,73,24,8760,8.427971802,31.00802002
6502,1752,788.6817017,3185.4882812,73,24,8760,7.886817016999999,31.854882812
6503,1752,842.5372314,3134.2602539,73,24,8760,8.425372314,31.342602538999998
6504,1752,802.2056274,3202.4765625,73,24,8760,8.022056274,32.024765625
6505,1752,785.5631714,3212.4658203,73,24,8760,7.855631714,32.124658202999996
6506,1752,790.6349487,3271.916748,73,24,8760,7.906349487,32.71916748
6507,1752,849.0645752,3197.6879883,73,24,8760,8.490645752,31.976879883000002
6509,1752,760.6322632,3299.9477539,73,24,8760,7.606322632,32.999477539
6510,1752,770.8780518,3331.0319824,73,24,8760,7.708780518,33.310319824
6511,1752,1206.5,2914.1000977,73,24,8760,12.065,29.141000976999997
6512,1752,762.7491455,3399.9133301,73,24,8760,7.627491455,33.999133301
6513,1752,742.0452881,3412.3291016,73,24,8760,7.420452881,34.123291015999996
6514,1752,1024.6282959,3118.7346191,73,24,8760,10.246282959,31.187346191000003
6515,1752,762.8407593,3408.5112305,73,24,8760,7.6284075929999995,34.085112304999996
6516,1752,1004.2045288,3120.6931152,73,24,8760,10.042045288,31.206931152000003
6517,1752,754.8222046,3454.8181152,73,24,8760,7.548222045999999,34.548181152000005
6518,1752,873.5197754,3246.315918,73,24,8760,8.735197754,32.46315918
6519,1752,799.3574219,3377.8134766,73,24,8760,7.993574218999999,33.778134766
6521,1752,870.8960571,3202.7558594,73,24,8760,8.708960571,32.027558594
6522,1752,800.4177246,3421.3847656,73,24,8760,8.004177246000001,34.213847656
6525,1752,908.624939,3231.9313965,73,24,8760,9.08624939,32.319313965
6528,1752,988.8348389,3155.5446777,73,24,8760,9.888348389,31.555446777
6530,1752,1121.6813965,3046.1062012,73,24,8760,11.216813964999998,30.461062012000003
6532,1752,992.5415039,3452.3874512,73,24,8760,9.925415038999999,34.523874512
6535,1752,1098.1951904,3149.017334,73,24,8760,10.981951904,31.490173340000002
6536,1752,1124.4907227,3272.6340332,73,24,8760,11.244907227,32.726340332
6537,1752,1165.0134277,3385.4074707,73,24,8760,11.650134277,33.854074707
6556,1752,757.0507812,3134.1166992,73,24,8760,7.570507812,31.341166991999998
6558,1752,770.520813,3149.125,73,24,8760,7.70520813,31.49125
6560,1752,759.5283203,3119.6604004,73,24,8760,7.595283203,31.196604004
6562,1752,740.4641724,3159.2033691,73,24,8760,7.404641724,31.592033691
6564,1752,734.3912964,3207.8913574,73,24,8760,7.343912964,32.078913574
6566,1752,747.0547485,3277.1330566,73,24,8760,7.470547485,32.771330566
6567,1752,782.3096313,3176.4289551,73,24,8760,7.823096313,31.764289551
6568,1752,736.5673218,3308.7609863,73,24,8760,7.3656732179999995,33.087609863
6569,1752,741.1062012,3312.9226074,73,24,8760,7.4110620119999995,33.129226074
6571,1752,732.75,3341.3937988,73,24,8760,7.3275,33.413937988
6572,1752,734.0349121,3354.8952637,73,24,8760,7.340349121,33.548952637
6574,1752,725.2854004,3365.7854004,73,24,8760,7.252854004,33.657854004
6575,1752,720.6394653,3401.097168,73,24,8760,7.206394653,34.01097168
6603,1752,689.0966187,3363.5341797,73,24,8760,6.890966187,33.635341797
6605,1752,671.0706177,3394.0803223,73,24,8760,6.710706177,33.940803222999996
6606,1752,675.2303467,3390.7644043,73,24,8760,6.752303467000001,33.907644043
6608,1752,681.4674683,3412.5019531,73,24,8760,6.814674683,34.125019531
6609,1752,677.116272,3428.9814453,73,24,8760,6.7711627199999995,34.289814453
6612,1752,659.8981323,3612.3405762,73,24,8760,6.598981323,36.123405762000004
6613,1752,684.927063,3466.902832,73,24,8760,6.8492706299999995,34.66902832
6614,1752,681.6217041,3503.9562988,73,24,8760,6.816217041,35.039562988
6616,1752,683.9181519,3528.2272949,73,24,8760,6.839181519,35.282272948999996
6620,1752,675.7976685,3592.2270508,73,24,8760,6.757976685,35.922270508000004
6623,1752,713.6140747,3588.9018555,73,24,8760,7.136140747,35.889018555
6625,1752,754.706543,3482.4753418,73,24,8760,7.54706543,34.824753418
6627,1752,762.4735718,3519.5756836,73,24,8760,7.624735717999999,35.195756836
6628,1752,781.088623,3515.1140137,73,24,8760,7.8108862299999995,35.151140137
6630,1752,850.4053345,3705.5402832,73,24,8760,8.504053344999999,37.055402832
6631,1752,779.4666748,3561.2651367,73,24,8760,7.794666748,35.612651367
6632,1752,857.1540527,3415.083252,73,24,8760,8.571540527,34.15083252
6635,1752,775.2697754,3693.2907715,73,24,8760,7.752697754,36.932907715
6638,1752,722.4783325,3671.4553223,73,24,8760,7.224783325,36.714553222999996
6639,1752,670.6681519,3630.5075684,73,24,8760,6.706681519,36.305075684
6640,1752,782.9916992,3750.3674316,73,24,8760,7.829916991999999,37.503674316
6642,1752,757.8793335,3803.088623,73,24,8760,7.578793335,38.03088623
6646,1752,708.5626831,3779.9819336,73,24,8760,7.085626831,37.799819336
6701,1752,880.1621704,3687.3710938,73,24,8760,8.801621704,36.873710938
6705,1752,857.473877,3842.0537109,73,24,8760,8.57473877,38.420537109
6707,1752,1072.6574707,3795.2712402,73,24,8760,10.726574707,37.952712402
6710,1752,1064.0683594,3950.9291992,73,24,8760,10.640683594,39.509291992
6712,1752,1772.0426025,3275.1589355,73,24,8760,17.720426025,32.751589355
6713,1752,1766.4000244,3314.9482422,73,24,8760,17.664000244,33.149482422
6714,1752,1321.6427002,3781.326416,73,24,8760,13.216427002,37.813264159999996
6716,1752,1213.4173584,3837.3266602,73,24,8760,12.134173584000001,38.373266602
6718,1752,1372.994873,3673.9179688,73,24,8760,13.72994873,36.739179688
6720,1752,1529.0758057,3504.105957,73,24,8760,15.290758057,35.04105957
6721,1752,1342.7243652,3803.1611328,73,24,8760,13.427243652,38.031611328
6722,1752,1374.034668,3710.1791992,73,24,8760,13.74034668,37.101791991999995
6725,1752,1338.1984863,3757.1899414,73,24,8760,13.381984863,37.571899414
6726,1752,1533.555542,3372.222168,73,24,8760,15.33555542,33.72222168
6728,1752,1446.2276611,3901.494873,73,24,8760,14.462276611,39.01494873
6740,1752,1739.3304443,3582.373291,73,24,8760,17.393304442999998,35.82373291
6743,1752,1623.571167,3658.0979004,73,24,8760,16.23571167,36.580979004
6751,1752,1054.3259277,3903.203125,73,24,8760,10.543259276999999,39.03203125
6753,1752,855.9414062,3816.4868164,73,24,8760,8.559414062,38.164868164
6754,1752,1025.4902344,3980.1437988,73,24,8760,10.254902344,39.801437987999996
6758,1752,1101.6976318,3925.0627441,73,24,8760,11.016976318,39.250627441
6760,1752,1256.5117188,3973.2111816,73,24,8760,12.565117187999999,39.732111816
6762,1752,1146.8227539,3900.6398926,73,24,8760,11.468227538999999,39.006398926
6765,1752,1386.2518311,4088.6044922,73,24,8760,13.862518310999999,40.886044922
6770,1752,1230.5490723,3760.2790527,73,24,8760,12.305490723,37.602790527
7000,1752,452.7272644,2225.5454102,73,24,8760,4.527272644,22.255454101999998
7004,1752,424.3076782,2176.6154785,73,24,8760,4.243076782,21.766154784999998
7005,1752,458.6666565,2178.666748,73,24,8760,4.586666565,21.786667480000002
7007,1752,418.3333435,2110.166748,73,24,8760,4.183333435,21.10166748
7008,1752,422.7000122,2198.8999023,73,24,8760,4.227000122,21.988999023
7009,1752,456.75,2280.875,73,24,8760,4.5675,22.80875
7010,1752,433.4117737,2263.2353516,73,24,8760,4.334117737000001,22.632353516
7011,1752,375.1428528,2173.25,73,24,8760,3.751428528,21.7325
7012,1752,295.03125,2002.1875,73,24,8760,2.9503125,20.021875
7015,1752,456.1875,2234.0,73,24,8760,4.561875,22.34
7016,1752,429.5384521,2214.2307129,73,24,8760,4.295384521,22.142307129000002
7017,1752,408.7266235,2247.7553711,73,24,8760,4.087266235,22.477553711
7018,1752,478.1666565,2214.208252,73,24,8760,4.781666565,22.14208252
7019,1752,497.7857056,2198.5715332,73,24,8760,4.9778570559999995,21.985715331999998
7020,1752,540.9074097,2131.2592773,73,24,8760,5.409074097,21.312592773000002
7021,1752,545.7999878,2145.1999512,73,24,8760,5.457999878000001,21.451999512
7022,1752,572.555542,2082.222168,73,24,8760,5.725555419999999,20.82222168
7023,1752,524.5999756,2152.1999512,73,24,8760,5.245999756,21.521999512
7024,1752,549.0,2125.0,73,24,8760,5.49,21.25
7025,1752,443.3085022,2274.1809082,73,24,8760,4.433085022,22.741809082
7026,1752,387.1326904,2220.0947266,73,24,8760,3.871326904,22.200947266
7027,1752,323.1543579,2153.2080078,73,24,8760,3.2315435789999998,21.532080078
7030,1752,184.4945831,1982.3596191,73,24,8760,1.844945831,19.823596191
7050,1752,452.7948608,2178.3588867,73,24,8760,4.527948608,21.783588867
7052,1752,495.0,2130.7143555,73,24,8760,4.95,21.307143554999996
7053,1752,468.25,2143.0,73,24,8760,4.6825,21.43
7054,1752,264.2727356,1880.3182373,73,24,8760,2.642727356,18.803182373
7055,1752,485.6666565,2187.666748,73,24,8760,4.856666565,21.876667480000002
7109,1752,420.5283203,1981.2902832,73,24,8760,4.2052832030000005,19.812902832
7112,1752,449.5243225,2017.9512939,73,24,8760,4.495243224999999,20.179512939000002
7113,1752,408.1190491,2053.8571777,73,24,8760,4.081190491,20.538571777
7116,1752,418.2160645,1909.7624512,73,24,8760,4.182160645,19.097624512
7117,1752,512.6875,1975.395874,73,24,8760,5.126875,19.75395874
7119,1752,261.1463318,2079.5610352,73,24,8760,2.6114633179999998,20.795610351999997
7120,1752,308.5366821,2144.5134277,73,24,8760,3.085366821,21.445134277
7139,1752,341.6521606,1920.3043213,73,24,8760,3.416521606,19.203043213
7140,1752,219.4669952,1914.5582275,73,24,8760,2.194669952,19.145582275
7150,1752,545.94104,1923.3475342,73,24,8760,5.4594104,19.233475342
7155,1752,481.6470642,2092.7058105,73,24,8760,4.816470642,20.927058105
7162,1752,458.4347839,2012.5651855,73,24,8760,4.584347839,20.125651855
7163,1752,498.7272644,1969.6363525,73,24,8760,4.987272644,19.696363525
7170,1752,492.4946289,2195.2687988,73,24,8760,4.924946289,21.952687987999997
7171,1752,483.5588379,2254.3234863,73,24,8760,4.835588379,22.543234863
7172,1752,429.5950317,2183.0661621,73,24,8760,4.295950317,21.830661621
7173,1752,504.777771,2173.7351074,73,24,8760,5.04777771,21.737351074
7174,1752,498.5750122,2173.0249023,73,24,8760,4.985750122,21.730249023000002
7175,1752,569.125,2049.109375,73,24,8760,5.69125,20.49109375
7176,1752,458.0635071,2115.8413086,73,24,8760,4.580635071,21.158413086
7177,1752,570.0325928,2084.0327148,73,24,8760,5.700325928,20.840327148
7178,1752,582.914917,2019.414917,73,24,8760,5.829149169999999,20.19414917
7179,1752,634.0925903,1931.3518066,73,24,8760,6.340925903,19.313518066
7180,1752,556.388916,2036.222168,73,24,8760,5.56388916,20.36222168
7182,1752,608.5438843,1885.1520996,73,24,8760,6.0854388429999995,18.851520995999998
7183,1752,519.166687,1986.833374,73,24,8760,5.191666870000001,19.86833374
7184,1752,602.2380981,1939.6269531,73,24,8760,6.022380981,19.396269531
7185,1752,527.6315918,2102.6843262,73,24,8760,5.276315918,21.026843262000003
7186,1752,548.397583,2087.8071289,73,24,8760,5.48397583,20.878071289
7187,1752,505.7307739,2048.5,73,24,8760,5.057307739,20.485
7190,1752,480.4137878,2179.9663086,73,24,8760,4.804137878000001,21.799663086
7209,1752,332.2886353,2184.5512695,73,24,8760,3.322886353,21.845512695000004
7210,1752,299.1624146,2160.9797363,73,24,8760,2.991624146,21.609797363
7211,1752,344.5264282,2273.4904785,73,24,8760,3.445264282,22.734904784999998
7212,1752,252.5891113,2040.4331055,73,24,8760,2.525891113,20.404331055
7213,1752,305.987793,2106.2470703,73,24,8760,3.0598779300000003,21.062470703
7214,1752,327.5588684,2079.2702637,73,24,8760,3.275588684,20.792702637
7215,1752,549.4000244,2094.277832,73,24,8760,5.494000244,20.942778320000002
7216,1752,514.3933716,2149.9404297,73,24,8760,5.143933716,21.499404297
7248,1752,442.9189148,2330.0810547,73,24,8760,4.429189148,23.300810547
7249,1752,427.9166565,2348.416748,73,24,8760,4.279166565,23.48416748
7250,1752,418.0,2306.5402832,73,24,8760,4.18,23.065402832
7252,1752,518.9414062,2221.3071289,73,24,8760,5.189414062,22.213071289
7253,1752,559.6903076,2159.3354492,73,24,8760,5.596903076,21.593354492
7254,1752,508.4100647,2215.3273926,73,24,8760,5.0841006470000005,22.153273926
7255,1752,772.4801636,2171.1418457,73,24,8760,7.724801636,21.711418457
7256,1752,861.901123,2005.2536621,73,24,8760,8.61901123,20.052536620999998
7257,1752,779.0819092,2124.9545898,73,24,8760,7.7908190920000004,21.249545898
7258,1752,400.0909119,2301.0808105,73,24,8760,4.000909119,23.010808105000002
7259,1752,284.8937378,2007.833374,73,24,8760,2.848937378,20.07833374
7260,1752,477.9020996,2208.0117188,73,24,8760,4.779020996,22.080117188
7261,1752,468.4743652,2181.435791,73,24,8760,4.684743652,21.81435791
7262,1752,619.6115112,2185.9172363,73,24,8760,6.196115112,21.859172363
7263,1752,347.6175537,2051.7224121,73,24,8760,3.4761755369999996,20.517224120999998
7264,1752,586.6467285,2189.9003906,73,24,8760,5.866467285,21.899003905999997
7265,1752,543.1494751,2241.4897461,73,24,8760,5.431494751,22.414897461
7267,1752,439.0087585,2231.9211426,73,24,8760,4.390087585,22.319211426000003
7268,1752,377.5731812,2129.6279297,73,24,8760,3.775731812,21.296279297
7270,1752,508.3598633,2198.1098633,73,24,8760,5.083598632999999,21.981098633000002
7275,1752,422.7256775,2216.0087891,73,24,8760,4.227256775,22.160087891
7276,1752,470.75,2329.5,73,24,8760,4.7075,23.295
7277,1752,425.1237183,2277.3505859,73,24,8760,4.251237183,22.773505859
7290,1752,399.2727356,2307.7272949,73,24,8760,3.9927273559999996,23.077272948999997
7291,1752,393.8196716,2316.1804199,73,24,8760,3.9381967159999998,23.161804199
7292,1752,397.9916077,2277.0756836,73,24,8760,3.979916077,22.770756836
7300,1752,381.3272705,2327.9726562,73,24,8760,3.813272705,23.279726562
7301,1752,323.4460449,2219.2924805,73,24,8760,3.234460449,22.192924804999997
7302,1752,322.2619019,2270.9018555,73,24,8760,3.222619019,22.709018554999997
7303,1752,374.4059448,2246.8713379,73,24,8760,3.744059448,22.468713379
7304,1752,133.3875122,1775.3210449,73,24,8760,1.333875122,17.753210449
7305,1752,432.4126892,2214.4523926,73,24,8760,4.324126892,22.144523926
7306,1752,246.3164978,1809.1877441,73,24,8760,2.463164978,18.091877440999998
7307,1752,496.5577698,2172.8425293,73,24,8760,4.965577698000001,21.728425293
7310,1752,444.7984009,2073.6181641,73,24,8760,4.447984009,20.736181640999998
7315,1752,418.9695129,2010.9084473,73,24,8760,4.1896951289999995,20.109084473
7316,1752,475.0146484,2003.666626,73,24,8760,4.750146484,20.03666626
7320,1752,644.5806274,1986.0645752,73,24,8760,6.445806274000001,19.860645752
7321,1752,450.1329956,1955.4133301,73,24,8760,4.501329956,19.554133301
7322,1752,603.888916,2033.2962646,73,24,8760,6.03888916,20.332962646000002
7325,1752,505.4549866,2045.8425293,73,24,8760,5.0545498659999994,20.458425293
7330,1752,673.0698242,2078.4716797,73,24,8760,6.730698242,20.784716797
7331,1752,791.0,1960.75,73,24,8760,7.91,19.6075
7466,1752,380.9275513,1905.6231689,73,24,8760,3.8092755130000002,19.056231689
7467,1752,446.2000122,2005.2785645,73,24,8760,4.462000122,20.052785645
7468,1752,591.0479126,2022.1629639,73,24,8760,5.910479126,20.221629639
7469,1752,509.400177,1963.8984375,73,24,8760,5.09400177,19.638984375
7470,1752,424.8406982,1960.9204102,73,24,8760,4.2484069820000006,19.609204102
