postcode,postcode_name,centroid_lat,centroid_lon,air_t_surface_temp_c,air_t_delta_temp_at_reference_depth_c,air_t_gradient_c_per_m,air_t_ground_temp_at_reference_depth_c,surface_t_surface_temp_c,surface_t_delta_temp_at_reference_depth_c,surface_t_gradient_c_per_m,surface_t_ground_temp_at_reference_depth_c,delta_t20_ebk_prediction_se_c,nearest_borehole_km,nearby_borehole_count,nearby_radius_km,annual_heating_kwh_m2,annual_cooling_kwh_m2,certificate_count,climate_record_count,climate_represented_hours,data_notes
0800,0800,-12.4618739,130.84372852,,,,,28.25721169,,,,,62.07309,0,50.0,,,,1752,8760,Annual residential load is unavailable. No postcode zonal mean is available from the ΔT20 EBK prediction-standard-error raster.
0810,0810,-12.36978613,130.87664315,27.8831487,0.54407659,0.02720383,28.42722528,28.56753494,0.41957998,0.020979,28.98711492,0.22115885,71.21045,0,50.0,0.0,93.61111111,277,1752,8760,
0812,0812,-12.37767567,130.91449305,27.98412389,0.54389553,0.02719478,28.52801942,29.1124087,0.41906028,0.02095301,29.53146898,,69.67723,0,50.0,0.0,93.33333333,56,1752,8760,No postcode zonal mean is available from the ΔT20 EBK prediction-standard-error raster.
0820,0820,-12.41392851,130.866416,27.89071958,0.5443849,0.02721925,28.43510448,29.46278207,0.41753313,0.02087666,29.8803152,,66.63211,0,50.0,0.0,102.77777778,79,1752,8760,No postcode zonal mean is available from the ΔT20 EBK prediction-standard-error raster.
0822,0822,-12.42240128,133.16749269,27.88531761,0.59510163,0.02975508,28.48041924,28.84453102,0.62773063,0.03138653,29.47226164,0.26598033,236.10977,0,50.0,0.0,77.22222222,531,1752,8760,
0828,0828,-12.42826895,130.9395767,28.05966895,0.55413384,0.02770669,28.61380279,29.36003494,0.41647102,0.02082355,29.77650596,,63.76501,0,50.0,0.0,91.11111111,299,1752,8760,No postcode zonal mean is available from the ΔT20 EBK prediction-standard-error raster.
0829,0829,-12.44923396,131.00183856,28.08683611,0.5544835,0.02772418,28.64131961,29.15895155,0.41507964,0.02075398,29.57403119,0.20892627,61.08248,0,50.0,0.0,88.33333333,18,1752,8760,
0830,0830,-12.37083238,131.05046619,28.08532293,0.55395856,0.02769793,28.63928149,28.20446183,0.41859997,0.02093,28.62306179,0.21970551,70.00457,0,50.0,0.0,92.5,155,1752,8760,
0832,0832,-12.51270576,130.99681678,28.04369303,0.55409792,0.0277049,28.59779095,28.75454903,0.41122396,0.0205612,29.16577299,,54.02678,0,50.0,0.0,93.88888889,658,1752,8760,No postcode zonal mean is available from the ΔT20 EBK prediction-standard-error raster.
0834,0834,-12.54685732,131.02350021,28.00004627,0.55328883,0.02766444,28.5533351,28.24913509,0.409022,0.0204511,28.65815709,0.19685324,50.28536,0,50.0,0.0,95.83333333,27,1752,8760,
0835,0835,-12.47157382,131.0619413,28.04741953,0.55327995,0.027664,28.60069948,28.19281928,0.41377656,0.02068883,28.60659584,,58.96746,0,50.0,0.0,92.22222222,39,1752,8760,No postcode zonal mean is available from the ΔT20 EBK prediction-standard-error raster.
0836,0836,-12.56947536,131.1335615,27.93920166,0.55171871,0.02758594,28.49092036,28.36028168,0.40942709,0.02047135,28.76970877,0.19389807,49.82416,1,50.0,0.0,90.83333333,181,1752,8760,
0837,0837,-12.81110684,131.18093788,27.84715664,0.55014456,0.02750723,28.39730121,28.51559109,0.39699952,0.01984998,28.91259062,0.15353379,26.48578,2,50.0,,,,1752,8760,Annual residential load is unavailable.
0838,0838,-12.71883928,131.00696416,27.86851355,0.55083318,0.02754166,28.41934672,28.11776249,0.39760284,0.01988014,28.51536533,0.1689088,31.10992,2,50.0,0.0,97.22222222,20,1752,8760,
0839,0839,-12.51999527,131.04016729,,0.55315632,0.02765782,,28.79610634,0.41043738,0.02052187,29.20654371,,53.38162,0,50.0,,,,1752,8760,Annual residential load is unavailable. No postcode zonal mean is available from the ΔT20 EBK prediction-standard-error raster.
0840,0840,-12.73287011,130.44340142,27.75790393,0.55901311,0.02795066,28.31691704,27.35816801,0.43712474,0.02185624,27.79529275,0.20607857,67.29915,0,50.0,0.0,84.44444444,15,1752,8760,
0841,0841,-12.81930071,130.96974331,27.81994582,0.54863863,0.02743193,28.36858445,28.28757314,0.39131517,0.01956576,28.67888831,0.13405094,20.22242,2,50.0,,,,1752,8760,Annual residential load is unavailable.
0845,0845,-13.09385055,131.07841226,27.76674348,0.54979897,0.02748995,28.31654245,28.9817786,0.38101792,0.0190509,29.36279652,0.09716178,7.26625,2,50.0,,,,1752,8760,Annual residential load is unavailable.
0846,0846,-13.167867,131.15578694,27.74024894,0.56390964,0.02819548,28.30415858,29.24921198,0.40272704,0.02013635,29.65193902,0.13583179,17.46971,2,50.0,,,,1752,8760,Annual residential load is unavailable.
0847,0847,-13.82357442,131.82619224,27.72270359,0.62749393,0.0313747,28.35019752,29.98266332,0.51995527,0.02599776,30.50261859,0.20949641,119.61208,0,50.0,,,,1752,8760,Annual residential load is unavailable.
0850,0850,-14.46208212,132.19437269,27.80373796,0.68910718,0.03445536,28.49284513,29.89286378,0.5745995,0.02872997,30.46746328,0.17920407,56.85677,0,50.0,0.27777778,56.66666667,134,1752,8760,
0852,0852,-16.8773107,131.06725272,27.33081855,0.7601582,0.03800791,28.09097675,30.44622859,0.71300861,0.03565043,31.1592372,0.20947156,252.9266,0,50.0,1.11111111,47.22222222,184,1752,8760,
0853,0853,-14.53122792,132.37926984,27.7918713,0.70124885,0.03506244,28.49312015,29.4280704,0.57791623,0.02889581,30.00598664,0.16331127,35.56584,1,50.0,,,,1752,8760,Annual residential load is unavailable.
0854,0854,-16.07034234,136.30865853,27.48741468,0.78176265,0.03908813,28.26917732,30.1286279,0.76984994,0.0384925,30.89847784,,185.46944,0,50.0,0.55555556,48.05555556,19,1752,8760,No postcode zonal mean is available from the ΔT20 EBK prediction-standard-error raster.
0860,0860,-19.65480012,134.18706903,26.71530673,0.64957651,0.03247883,27.36488325,29.7478361,0.51680871,0.02584044,30.2646448,0.11376596,8.98999,2,50.0,0.55555556,47.22222222,37,1752,8760,
0862,0862,-18.96283835,136.77251377,26.95075094,0.67675781,0.03383789,27.62750875,30.19759396,0.56771103,0.02838555,30.76530499,0.20447962,83.75332,0,50.0,0.27777778,42.5,15,1752,8760,
0870,0870,-23.69158327,133.87829132,21.77153458,0.47082182,0.02354109,22.2423564,26.93713472,0.41890173,0.02094509,27.35603645,,26.07238,3,50.0,18.33333333,20.0,182,1752,8760,No postcode zonal mean is available from the ΔT20 EBK prediction-standard-error raster.
0872,0872,-23.67766767,131.24619552,23.89817637,0.57611186,0.02880559,24.47428823,28.43124388,0.44085649,0.02204282,28.87210037,0.19654805,48.87313,1,50.0,16.94444444,14.44444444,237,1752,8760,
0873,0873,-23.7697518,133.84087068,21.72926579,0.46074443,0.02303722,22.19001023,26.6175916,0.41849992,0.020925,27.03609153,0.21146355,20.31711,3,50.0,23.61111111,11.66666667,26,1752,8760,
0874,0874,-23.64762769,133.84320565,21.74535275,0.47413477,0.02370674,22.21948751,27.0838722,0.40875228,0.02043761,27.49262447,0.21623046,31.93562,2,50.0,,,,1752,8760,Annual residential load is unavailable.
0875,0875,-23.69511073,133.82501814,21.77781614,0.47186521,0.02359326,22.24968135,27.06355953,0.4173523,0.02086761,27.48091183,,28.06409,3,50.0,,,,1752,8760,Annual residential load is unavailable. No postcode zonal mean is available from the ΔT20 EBK prediction-standard-error raster.
0880,0880,-12.18910776,136.76701899,27.33170749,0.64232586,0.03211629,27.97403335,27.72052514,0.8381073,0.04190536,28.55863244,0.34882736,391.92641,0,50.0,0.0,76.11111111,146,1752,8760,
0885,0885,-13.85082126,136.42007687,26.94433022,0.73326421,0.03666321,27.67759442,28.03216998,0.87633407,0.0438167,28.90850405,,224.8177,0,50.0,0.0,79.72222222,21,1752,8760,No postcode zonal mean is available from the ΔT20 EBK prediction-standard-error raster.
0886,0886,-12.66937216,132.83700158,29.05181217,0.49832619,0.02491631,29.55013836,30.84739418,0.56455095,0.02822755,31.41194513,,194.49157,0,50.0,0.0,120.55555556,32,1752,8760,No postcode zonal mean is available from the ΔT20 EBK prediction-standard-error raster.
2000,2000,-33.86839646,151.20821422,18.79906782,0.55285913,0.02764296,19.35192694,19.56367938,0.50745704,0.02537285,20.07113642,,3.33065,108,50.0,,,,1752,8760,Annual residential load is unavailable. No postcode zonal mean is available from the ΔT20 EBK prediction-standard-error raster.
2007,2007,-33.8802523,151.19795257,18.83156586,,,,20.99389076,,,,,1.77816,121,50.0,,,,1752,8760,Annual residential load is unavailable. No postcode zonal mean is available from the ΔT20 EBK prediction-standard-error raster.
2008,2008,-33.88831252,151.19668738,18.88728619,0.56685585,0.02834279,19.45414203,21.08965492,0.50397211,0.02519861,21.59362704,0.08538566,0.88079,121,50.0,,,,1752,8760,Annual residential load is unavailable.
2009,2009,-33.86901916,151.19351903,18.77822113,0.55336165,0.02766808,19.33158278,20.11419106,0.50627625,0.02531381,20.62046731,,2.98697,126,50.0,,,,1752,8760,Annual residential load is unavailable. No postcode zonal mean is available from the ΔT20 EBK prediction-standard-error raster.
2010,2010,-33.88257931,151.21491877,18.85809644,0.55487174,0.02774359,19.41296818,20.64587847,0.50571799,0.0252859,21.15159647,,2.44192,108,50.0,5.55555556,4.44444444,24,1752,8760,No postcode zonal mean is available from the ΔT20 EBK prediction-standard-error raster.
2011,2011,-33.87000715,151.22450616,18.78406525,0.55150801,0.0275754,19.33557326,19.34722328,0.50653279,0.02532664,19.85375607,,4.03433,95,50.0,,,,1752,8760,Annual residential load is unavailable. No postcode zonal mean is available from the ΔT20 EBK prediction-standard-error raster.
2015,2015,-33.91155514,151.19190951,18.92477798,0.56555937,0.02827797,19.49033735,20.75309486,0.50424916,0.02521246,21.25734402,,1.56905,123,50.0,8.88888889,5.27777778,60,1752,8760,No postcode zonal mean is available from the ΔT20 EBK prediction-standard-error raster.
2016,2016,-33.89310043,151.2065887,18.92531776,0.5601666,0.02800833,19.48548436,20.98401833,0.50436071,0.02521804,21.48837903,,1.21411,108,50.0,,,,1752,8760,Annual residential load is unavailable. No postcode zonal mean is available from the ΔT20 EBK prediction-standard-error raster.
2017,2017,-33.90303102,151.20778132,18.92424774,0.56163245,0.02808162,19.4858802,20.6202844,0.50384229,0.02519211,21.12412669,,1.51037,116,50.0,6.94444444,5.0,71,1752,8760,No postcode zonal mean is available from the ΔT20 EBK prediction-standard-error raster.
2018,2018,-33.92493037,151.20868161,18.94491816,0.55864175,0.02793209,19.50355991,20.76344236,0.50405371,0.02520269,21.26749607,,3.39157,117,50.0,7.22222222,4.72222222,78,1752,8760,No postcode zonal mean is available from the ΔT20 EBK prediction-standard-error raster.
2019,2019,-33.95344475,151.20749814,18.97322982,0.5557926,0.02778963,19.52902242,20.8305088,0.50454891,0.02522745,21.33505771,,2.79458,121,50.0,8.33333333,5.83333333,114,1752,8760,No postcode zonal mean is available from the ΔT20 EBK prediction-standard-error raster.
2020,2020,-33.93939349,151.17176715,18.95066729,0.55881357,0.02794068,19.50948087,21.46009967,0.50759516,0.02537976,21.96769482,,5.04739,138,50.0,7.22222222,4.72222222,106,1752,8760,No postcode zonal mean is available from the ΔT20 EBK prediction-standard-error raster.
2021,2021,-33.89302587,151.22821141,18.91705656,0.55421493,0.02771075,19.4712715,20.49648094,0.50571728,0.02528586,21.00219822,,3.18572,102,50.0,6.66666667,5.0,15,1752,8760,No postcode zonal mean is available from the ΔT20 EBK prediction-standard-error raster.
2022,2022,-33.89646235,151.24559088,18.94242096,0.55132564,0.02756628,19.4937466,20.32623482,0.50580659,0.02529033,20.8320414,,4.77433,76,50.0,7.5,4.72222222,38,1752,8760,No postcode zonal mean is available from the ΔT20 EBK prediction-standard-error raster.
2023,2023,-33.88085753,151.25562375,18.89441363,0.549016,0.0274508,19.44342963,19.59260496,0.50531426,0.02526571,20.09791922,,5.94013,73,50.0,8.33333333,5.55555556,161,1752,8760,No postcode zonal mean is available from the ΔT20 EBK prediction-standard-error raster.
2024,2024,-33.90330981,151.26142911,18.94835377,0.54988387,0.02749419,19.49823764,19.52735329,0.50588468,0.02529423,20.03323796,,6.28996,70,50.0,8.88888889,5.27777778,99,1752,8760,No postcode zonal mean is available from the ΔT20 EBK prediction-standard-error raster.
2025,2025,-33.88700147,151.24386646,18.9086628,0.55045962,0.02752298,19.45912242,20.14995766,0.5056144,0.02528072,20.65557206,,4.7194,76,50.0,7.77777778,4.72222222,39,1752,8760,No postcode zonal mean is available from the ΔT20 EBK prediction-standard-error raster.
2026,2026,-33.88964674,151.27247361,18.93587017,0.54726294,0.02736315,19.48313311,19.75640297,0.50533897,0.02526695,20.26174194,0.08847366,7.28842,59,50.0,8.05555556,4.72222222,250,1752,8760,
2027,2027,-33.87465359,151.2368131,18.81743622,,,,19.06084633,,,,,4.61367,76,50.0,10.83333333,5.55555556,45,1752,8760,No postcode zonal mean is available from the ΔT20 EBK prediction-standard-error raster.
2028,2028,-33.8773101,151.2431483,18.84831238,,,,19.08913612,,,,,4.99567,73,50.0,6.38888889,4.44444444,45,1752,8760,No postcode zonal mean is available from the ΔT20 EBK prediction-standard-error raster.
2029,2029,-33.87392811,151.26892156,18.83484268,0.54750284,0.02737514,19.38234552,19.09882851,0.50519383,0.02525969,19.60402234,,7.34559,61,50.0,7.5,5.0,95,1752,8760,No postcode zonal mean is available from the ΔT20 EBK prediction-standard-error raster.
2030,2030,-33.85742312,151.27843201,18.70769246,,,,18.42807452,,,,,8.90127,57,50.0,8.61111111,5.55555556,326,1752,8760,No postcode zonal mean is available from the ΔT20 EBK prediction-standard-error raster.
2031,2031,-33.91500156,151.24389015,18.94379282,0.55220075,0.02761004,19.49599357,20.20185498,0.50537119,0.02526856,20.70722617,,5.08253,94,50.0,8.88888889,5.27777778,197,1752,8760,No postcode zonal mean is available from the ΔT20 EBK prediction-standard-error raster.
2032,2032,-33.92594624,151.22842099,18.94706154,0.55271709,0.02763585,19.49977863,20.62290382,0.50391129,0.02519556,21.12681511,,4.5709,108,50.0,6.94444444,5.0,43,1752,8760,No postcode zonal mean is available from the ΔT20 EBK prediction-standard-error raster.
2033,2033,-33.91342465,151.22075152,18.93750496,0.55876891,0.02793845,19.49627387,20.37637978,0.50387359,0.02519368,20.88025336,,3.13822,108,50.0,7.5,5.0,43,1752,8760,No postcode zonal mean is available from the ΔT20 EBK prediction-standard-error raster.
2034,2034,-33.92448499,151.25448795,18.95037842,0.55008012,0.02750401,19.50045854,19.98225136,0.50595005,0.0252975,20.48820141,,5.56295,80,50.0,8.33333333,5.27777778,130,1752,8760,No postcode zonal mean is available from the ΔT20 EBK prediction-standard-error raster.
2035,2035,-33.94239732,151.23698384,18.95348549,0.54816273,0.02740814,19.50164822,20.32882118,0.50404999,0.0252025,20.83287117,,3.15954,105,50.0,8.05555556,5.27777778,395,1752,8760,No postcode zonal mean is available from the ΔT20 EBK prediction-standard-error raster.
2036,2036,-33.97089668,151.23895679,18.99868393,0.54868131,0.02743407,19.54736524,19.93600169,0.50427166,0.02521358,20.44027336,,0.82415,106,50.0,7.77777778,5.27777778,597,1752,8760,No postcode zonal mean is available from the ΔT20 EBK prediction-standard-error raster.
2037,2037,-33.87877935,151.18527698,18.82821655,0.55687102,0.02784355,19.38508757,20.82373238,0.50442266,0.02522113,21.32815504,,2.06024,127,50.0,7.5,4.72222222,69,1752,8760,No postcode zonal mean is available from the ΔT20 EBK prediction-standard-error raster.
2038,2038,-33.88083324,151.17136898,18.84428469,0.55549347,0.02777467,19.39977817,20.87221718,0.5043202,0.02521601,21.37653738,,2.66691,127,50.0,7.77777778,5.0,48,1752,8760,No postcode zonal mean is available from the ΔT20 EBK prediction-standard-error raster.
2039,2039,-33.86632808,151.17427806,18.77530003,0.55395851,0.02769793,19.32925853,20.34941037,0.50584927,0.02529246,20.85525965,,3.75078,128,50.0,8.05555556,5.0,75,1752,8760,No postcode zonal mean is available from the ΔT20 EBK prediction-standard-error raster.
2040,2040,-33.87723851,151.15758758,18.73166161,0.55393097,0.02769655,19.28559257,20.75859515,0.5044603,0.02522302,21.26305545,,3.93856,128,50.0,8.33333333,5.27777778,196,1752,8760,No postcode zonal mean is available from the ΔT20 EBK prediction-standard-error raster.
2041,2041,-33.85653255,151.18198781,18.7243309,0.55175757,0.02758788,19.27608848,19.41192055,0.51078787,0.02553939,19.92270842,,4.51061,128,50.0,6.94444444,4.16666667,114,1752,8760,No postcode zonal mean is available from the ΔT20 EBK prediction-standard-error raster.
2042,2042,-33.89893913,151.17749418,18.91197205,0.56460527,0.02823026,19.47657731,21.03634071,0.50428724,0.02521436,21.54062796,,1.41395,129,50.0,7.77777778,4.72222222,72,1752,8760,No postcode zonal mean is available from the ΔT20 EBK prediction-standard-error raster.
2043,2043,-33.90338748,151.18620615,18.92139244,0.56840545,0.02842027,19.48979789,20.96312904,0.50431222,0.02521561,21.46744126,,0.89148,128,50.0,8.33333333,4.72222222,26,1752,8760,No postcode zonal mean is available from the ΔT20 EBK prediction-standard-error raster.
2044,2044,-33.92034774,151.16938546,18.91330147,0.56060326,0.02803016,19.47390473,21.11019325,0.50635805,0.0253179,21.6165513,,3.33319,135,50.0,8.05555556,4.44444444,127,1752,8760,No postcode zonal mean is available from the ΔT20 EBK prediction-standard-error raster.
2045,2045,-33.8779288,151.14000347,18.62295214,0.55158748,0.02757937,19.17453963,21.00022316,0.50545716,0.02527286,21.50568032,,5.32789,134,50.0,5.27777778,3.61111111,23,1752,8760,No postcode zonal mean is available from the ΔT20 EBK prediction-standard-error raster.
2046,2046,-33.86089207,151.13213063,18.51174577,0.54915799,0.0274579,19.06090376,20.51539548,0.50617857,0.02530893,21.02157406,,6.90065,139,50.0,8.05555556,5.0,450,1752,8760,No postcode zonal mean is available from the ΔT20 EBK prediction-standard-error raster.
2047,2047,-33.85257777,151.15297831,18.6373113,0.54914159,0.02745708,19.18645289,20.07389768,0.50783208,0.0253916,20.58172976,,6.11839,131,50.0,9.16666667,5.27777778,64,1752,8760,No postcode zonal mean is available from the ΔT20 EBK prediction-standard-error raster.
2048,2048,-33.89301989,151.16598068,18.86254692,0.55742222,0.02787111,19.41996914,21.06481361,0.50451458,0.02522573,21.56932819,,2.51599,130,50.0,5.55555556,4.72222222,47,1752,8760,No postcode zonal mean is available from the ΔT20 EBK prediction-standard-error raster.
2049,2049,-33.8947893,151.15224705,18.73754787,0.5547547,0.02773774,19.29230258,21.16014036,0.50550294,0.02527515,21.66564329,,3.74642,134,50.0,6.66666667,4.72222222,41,1752,8760,No postcode zonal mean is available from the ΔT20 EBK prediction-standard-error raster.
2050,2050,-33.88847451,151.18181517,18.88015938,0.56106335,0.02805317,19.44122273,21.06481361,0.50426382,0.02521319,21.56907743,,1.3841,127,50.0,10.0,5.55555556,16,1752,8760,No postcode zonal mean is available from the ΔT20 EBK prediction-standard-error raster.
2060,2060,-33.83898249,151.20503485,18.65271505,0.5473581,0.0273679,19.20007314,19.79114215,0.51216641,0.02560832,20.30330856,,6.41018,86,50.0,5.0,6.11111111,44,1752,8760,No postcode zonal mean is available from the ΔT20 EBK prediction-standard-error raster.
2061,2061,-33.84753502,151.21448775,18.6698246,,,,19.06356239,,,,,5.70285,78,50.0,,,,1752,8760,Annual residential load is unavailable. No postcode zonal mean is available from the ΔT20 EBK prediction-standard-error raster.
2062,2062,-33.82218671,151.214266,18.52945614,0.54429781,0.02721489,19.07375395,20.08106422,0.51173192,0.0255866,20.59279615,,8.40801,72,50.0,8.88888889,5.55555556,25,1752,8760,No postcode zonal mean is available from the ΔT20 EBK prediction-standard-error raster.
2063,2063,-33.81083828,151.21802892,18.46011225,0.54400519,0.02720026,19.00411744,19.63441658,0.51343733,0.02567187,20.14785391,,9.71586,69,50.0,7.77777778,5.0,108,1752,8760,No postcode zonal mean is available from the ΔT20 EBK prediction-standard-error raster.
2064,2064,-33.81095335,151.18600219,18.49058628,0.54382098,0.02719105,19.03440726,20.16597176,0.51485819,0.02574291,20.68082994,,9.47132,97,50.0,8.05555556,4.72222222,11,1752,8760,No postcode zonal mean is available from the ΔT20 EBK prediction-standard-error raster.
2065,2065,-33.8259361,151.19416572,18.56444413,0.54570448,0.02728522,19.11014862,19.89736027,0.51257773,0.02562889,20.409938,,7.77747,90,50.0,7.77777778,5.0,148,1752,8760,No postcode zonal mean is available from the ΔT20 EBK prediction-standard-error raster.
2066,2066,-33.8163724,151.16192702,18.50171614,0.54368312,0.02718416,19.04539925,19.70278168,0.51536195,0.0257681,20.21814363,,9.31987,135,50.0,7.77777778,5.27777778,242,1752,8760,No postcode zonal mean is available from the ΔT20 EBK prediction-standard-error raster.
2067,2067,-33.79765273,151.17828834,18.42420349,0.54376799,0.0271884,18.96797148,19.51787419,0.5215001,0.02607501,20.03937429,,11.01675,99,50.0,7.22222222,5.27777778,175,1752,8760,No postcode zonal mean is available from the ΔT20 EBK prediction-standard-error raster.
2068,2068,-33.79976051,151.20822725,18.42397261,0.54456541,0.02722827,18.96853801,19.52526283,0.51852821,0.02592641,20.04379104,0.08790621,10.76996,86,50.0,7.77777778,5.0,284,1752,8760,
2069,2069,-33.77638668,151.19723815,18.33163109,0.5437788,0.02718894,18.87540989,19.16735268,0.52314737,0.02615737,19.69050005,,13.29071,89,50.0,7.77777778,5.27777778,171,1752,8760,No postcode zonal mean is available from the ΔT20 EBK prediction-standard-error raster.
2070,2070,-33.77609535,151.17001012,18.28908316,0.54148789,0.02707439,18.83057105,18.97140208,0.52424892,0.02621245,19.49565101,,13.50051,109,50.0,7.77777778,5.0,184,1752,8760,No postcode zonal mean is available from the ΔT20 EBK prediction-standard-error raster.
2071,2071,-33.76285286,151.16705931,18.23550479,0.53977927,0.02698896,18.77528405,18.73275693,0.52433032,0.02621652,19.25708725,,14.99781,107,50.0,7.5,5.0,189,1752,8760,No postcode zonal mean is available from the ΔT20 EBK prediction-standard-error raster.
2072,2072,-33.75569068,151.15340933,18.2007947,0.53850518,0.02692526,18.73929988,18.77977943,0.52350634,0.02617532,19.30328578,,13.73791,109,50.0,8.33333333,5.55555556,75,1752,8760,No postcode zonal mean is available from the ΔT20 EBK prediction-standard-error raster.
2073,2073,-33.75160694,151.13664156,18.15558539,0.53612612,0.02680631,18.69171151,18.72629855,0.52223411,0.02611171,19.24853266,,12.13304,118,50.0,7.5,5.27777778,287,1752,8760,No postcode zonal mean is available from the ΔT20 EBK prediction-standard-error raster.
2074,2074,-33.69341751,151.15208182,17.98404121,0.5361298,0.02680649,18.52017102,18.19945431,0.52872539,0.02643627,18.72817969,,12.68487,89,50.0,7.77777778,5.55555556,459,1752,8760,No postcode zonal mean is available from the ΔT20 EBK prediction-standard-error raster.
2075,2075,-33.72086576,151.17083053,18.01981046,0.53989364,0.02699468,18.55970411,18.1843921,0.53276102,0.02663805,18.71715312,,14.37347,95,50.0,8.33333333,5.27777778,423,1752,8760,No postcode zonal mean is available from the ΔT20 EBK prediction-standard-error raster.
2076,2076,-33.70351558,151.13004922,18.01168467,0.53432713,0.02671636,18.5460118,18.79928415,0.53053894,0.02652695,19.32982309,0.08800108,10.54994,107,50.0,7.22222222,5.0,346,1752,8760,
2077,2077,-33.68243761,151.09409419,17.92144812,0.53155162,0.02657758,18.45299974,18.19852962,0.53499595,0.0267498,18.73352557,,7.76821,116,50.0,7.22222222,5.0,471,1752,8760,No postcode zonal mean is available from the ΔT20 EBK prediction-standard-error raster.
2079,2079,-33.67528753,151.13199305,17.84843254,0.53264657,0.02663233,18.38107911,18.05666339,0.52982725,0.02649136,18.58649064,,11.33311,89,50.0,6.66666667,5.27777778,61,1752,8760,No postcode zonal mean is available from the ΔT20 EBK prediction-standard-error raster.
2080,2080,-33.65179987,151.13914999,17.77809048,0.53239053,0.02661953,18.310481,17.95848427,0.52007497,0.02600375,18.47855924,0.08862478,13.00669,92,50.0,6.94444444,5.27777778,18,1752,8760,
2081,2081,-33.55696137,151.18155603,17.59860678,0.54145664,0.02707283,18.14006342,18.17058481,0.5260022,0.02630011,18.69658702,,22.76296,112,50.0,8.33333333,5.27777778,45,1752,8760,No postcode zonal mean is available from the ΔT20 EBK prediction-standard-error raster.
2082,2082,-33.60388198,151.1349141,17.67092024,0.53893616,0.02694681,18.20985639,18.15848849,0.52497243,0.02624862,18.68346092,,15.99879,102,50.0,7.22222222,5.27777778,46,1752,8760,No postcode zonal mean is available from the ΔT20 EBK prediction-standard-error raster.
2083,2083,-33.58428451,151.20336639,17.58345663,0.54531844,0.02726592,18.12877507,18.10519651,0.52925637,0.02646282,18.63445287,0.08776674,22.15556,111,50.0,8.33333333,5.27777778,28,1752,8760,
2084,2084,-33.64376026,151.23071906,17.73465423,0.54178271,0.02708914,18.27643694,17.89220427,0.52068787,0.02603439,18.41289214,0.08830723,21.11683,74,50.0,8.61111111,5.0,33,1752,8760,
2085,2085,-33.72162009,151.20911937,17.99245217,0.53840328,0.02692016,18.53085545,18.17902426,0.52705342,0.02635267,18.70607768,0.08871112,17.90834,77,50.0,6.38888889,5.27777778,47,1752,8760,
2086,2086,-33.74816271,151.22358219,18.10735289,0.54235029,0.02711751,18.64970318,18.88537534,0.52650061,0.02632503,19.41187595,,16.65321,77,50.0,7.22222222,5.0,164,1752,8760,No postcode zonal mean is available from the ΔT20 EBK prediction-standard-error raster.
2087,2087,-33.76650714,151.21579574,18.21983401,0.54521177,0.02726059,18.76504578,18.72386106,0.52710627,0.02635531,19.25096732,,14.52751,77,50.0,6.94444444,4.72222222,126,1752,8760,No postcode zonal mean is available from the ΔT20 EBK prediction-standard-error raster.
2088,2088,-33.8290817,151.24463512,18.56683053,0.54472598,0.0272363,19.11155651,19.38900185,0.50852189,0.02542609,19.89752374,,8.78309,57,50.0,8.05555556,5.0,181,1752,8760,No postcode zonal mean is available from the ΔT20 EBK prediction-standard-error raster.
2089,2089,-33.83591882,151.21873254,18.64132214,0.54586238,0.02729312,19.18718451,20.2500248,0.51168197,0.0255841,20.76170677,,7.05156,73,50.0,8.61111111,5.83333333,31,1752,8760,No postcode zonal mean is available from the ΔT20 EBK prediction-standard-error raster.
2090,2090,-33.82638363,151.22125087,18.58264732,0.54482087,0.02724104,19.1274682,20.00077248,0.51070592,0.0255353,20.51147839,,8.13077,72,50.0,7.5,4.72222222,34,1752,8760,No postcode zonal mean is available from the ΔT20 EBK prediction-standard-error raster.
2092,2092,-33.79209651,151.24188853,18.36550522,0.54588121,0.02729406,18.91138643,19.00539589,0.5235109,0.02617555,19.52890679,,12.36304,74,50.0,8.33333333,5.27777778,133,1752,8760,No postcode zonal mean is available from the ΔT20 EBK prediction-standard-error raster.
2093,2093,-33.79460962,151.26154896,18.34004831,0.54637682,0.02731884,18.88642514,19.56680835,0.51986171,0.02599309,20.08667006,,12.8792,74,50.0,8.05555556,5.55555556,262,1752,8760,No postcode zonal mean is available from the ΔT20 EBK prediction-standard-error raster.
2094,2094,-33.79406792,151.27396151,18.3458519,0.54860657,0.02743033,18.89445847,19.65207863,0.52411407,0.0262057,20.1761927,,13.52326,74,50.0,7.22222222,4.44444444,43,1752,8760,No postcode zonal mean is available from the ΔT20 EBK prediction-standard-error raster.
2095,2095,-33.80493032,151.29125626,18.38486214,0.54784763,0.02739238,18.93270977,18.86865044,0.52292873,0.02614644,19.39157917,,13.53363,74,50.0,8.61111111,5.0,55,1752,8760,No postcode zonal mean is available from the ΔT20 EBK prediction-standard-error raster.
2096,2096,-33.77409534,151.28630736,18.19068909,0.54389933,0.02719497,18.73458841,19.6285394,0.51933655,0.02596683,20.14787595,,16.00874,63,50.0,8.33333333,5.27777778,165,1752,8760,No postcode zonal mean is available from the ΔT20 EBK prediction-standard-error raster.
2097,2097,-33.73536321,151.29676502,17.98971977,0.54127032,0.02706352,18.53099009,18.85293879,0.51711014,0.02585551,19.37004893,0.08876812,20.22229,61,50.0,7.77777778,5.27777778,118,1752,8760,
2099,2099,-33.73001725,151.24611554,18.02319482,0.54020382,0.02701019,18.56339864,18.76593507,0.51832702,0.02591635,19.28426209,,19.06433,64,50.0,7.5,5.0,275,1752,8760,No postcode zonal mean is available from the ΔT20 EBK prediction-standard-error raster.
2100,2100,-33.76384098,151.25610838,18.17736735,0.54236953,0.02711848,18.71973687,19.31555713,0.52200264,0.02610013,19.83755977,,15.76755,74,50.0,7.5,5.27777778,238,1752,8760,No postcode zonal mean is available from the ΔT20 EBK prediction-standard-error raster.
2101,2101,-33.6948592,151.26398575,17.80287453,0.54298503,0.02714925,18.34585956,18.26525307,0.51631555,0.02581578,18.78156862,,22.97603,64,50.0,7.5,5.0,172,1752,8760,No postcode zonal mean is available from the ΔT20 EBK prediction-standard-error raster.
2102,2102,-33.68874753,151.29535044,17.75756391,0.54437226,0.02721861,18.30193617,19.022089,0.51718036,0.02585902,19.53926937,,24.86813,71,50.0,8.61111111,6.38888889,350,1752,8760,No postcode zonal mean is available from the ΔT20 EBK prediction-standard-error raster.
2103,2103,-33.67757089,151.30276461,17.73866615,0.54465847,0.02723292,18.28332462,19.08068275,0.51683287,0.02584164,19.59751563,,25.60738,71,50.0,7.5,5.0,83,1752,8760,No postcode zonal mean is available from the ΔT20 EBK prediction-standard-error raster.
2104,2104,-33.66197394,151.28954297,17.73218822,0.54424152,0.02721208,18.27642974,18.34346526,0.51774234,0.02588712,18.8612076,,24.78987,72,50.0,8.05555556,5.0,39,1752,8760,No postcode zonal mean is available from the ΔT20 EBK prediction-standard-error raster.
2105,2105,-33.65357965,151.28155759,17.72139168,0.54500222,0.02725011,18.2663939,17.80923653,0.51834327,0.02591716,18.3275798,0.08841594,24.4636,74,50.0,10.55555556,6.38888889,34,1752,8760,
2106,2106,-33.65654777,151.31528492,17.73146756,0.5452794,0.02726397,18.27674697,18.4682621,0.51765086,0.02588254,18.98591296,,23.00391,80,50.0,7.77777778,5.55555556,111,1752,8760,No postcode zonal mean is available from the ΔT20 EBK prediction-standard-error raster.
2107,2107,-33.63213319,151.32418177,17.7235508,0.54776656,0.02738833,18.27131735,18.18874296,0.52028306,0.02601415,18.70902602,,20.25549,90,50.0,8.61111111,5.27777778,175,1752,8760,No postcode zonal mean is available from the ΔT20 EBK prediction-standard-error raster.
2108,2108,-33.60559598,151.32620796,,,,,17.77065468,,,,,17.71469,98,50.0,8.88888889,5.27777778,83,1752,8760,No postcode zonal mean is available from the ΔT20 EBK prediction-standard-error raster.
2110,2110,-33.83147775,151.14259478,18.48971367,0.54579102,0.02728955,19.03550469,20.08734067,0.51289091,0.02564455,20.60023158,,8.58461,136,50.0,8.33333333,5.27777778,151,1752,8760,No postcode zonal mean is available from the ΔT20 EBK prediction-standard-error raster.
2111,2111,-33.83459148,151.13110596,18.39485245,0.54482102,0.02724105,18.93967347,20.5027646,0.51227243,0.02561362,21.01503703,,8.94564,136,50.0,8.05555556,5.27777778,309,1752,8760,No postcode zonal mean is available from the ΔT20 EBK prediction-standard-error raster.
2112,2112,-33.81197221,151.10991117,18.28696747,0.54247484,0.02712374,18.82944231,20.7352449,0.51796714,0.02589836,21.25321204,0.08646086,12.13086,139,50.0,7.77777778,5.27777778,974,1752,8760,
2113,2113,-33.78936402,151.12882959,18.29832649,0.53926906,0.02696345,18.83759556,19.86597803,0.51829814,0.02591491,20.38427617,,13.28011,138,50.0,7.5,5.27777778,549,1752,8760,No postcode zonal mean is available from the ΔT20 EBK prediction-standard-error raster.
2114,2114,-33.8076335,151.08307337,18.20166747,0.5405254,0.02702627,18.74219286,20.64184553,0.51839952,0.02591998,21.16024505,,12.54846,140,50.0,7.22222222,5.0,490,1752,8760,No postcode zonal mean is available from the ΔT20 EBK prediction-standard-error raster.
2115,2115,-33.81158349,151.05989405,18.17417431,0.53885072,0.02694254,18.71302503,20.63045692,0.52165241,0.02608262,21.15210934,,12.03388,144,50.0,7.77777778,5.27777778,350,1752,8760,No postcode zonal mean is available from the ΔT20 EBK prediction-standard-error raster.
2116,2116,-33.8126233,151.03998907,18.21177769,0.53779558,0.02688978,18.74957327,20.91543516,0.53059137,0.02652957,21.44602652,0.08565704,11.64268,155,50.0,7.5,5.0,163,1752,8760,
2117,2117,-33.79590346,151.04012312,18.22197151,0.53558073,0.02677904,18.75755224,20.45275646,0.52634707,0.02631735,20.97910353,,9.83038,154,50.0,7.77777778,5.0,573,1752,8760,No postcode zonal mean is available from the ΔT20 EBK prediction-standard-error raster.
2118,2118,-33.77575115,151.04538022,18.19103527,0.53040948,0.02652047,18.72144475,20.00018016,0.52279325,0.02613966,20.5229734,,7.83227,151,50.0,7.77777778,5.27777778,421,1752,8760,No postcode zonal mean is available from the ΔT20 EBK prediction-standard-error raster.
2119,2119,-33.75393168,151.06528499,18.13303089,0.52838538,0.02641927,18.66141627,19.13912731,0.52047557,0.02602378,19.65960287,,6.74437,146,50.0,7.5,5.0,152,1752,8760,No postcode zonal mean is available from the ΔT20 EBK prediction-standard-error raster.
2120,2120,-33.72693707,151.07560398,18.08045371,0.52762817,0.02638141,18.60808188,18.62110088,0.52637931,0.02631897,19.14748019,,5.87139,155,50.0,6.94444444,5.0,169,1752,8760,No postcode zonal mean is available from the ΔT20 EBK prediction-standard-error raster.
2121,2121,-33.77303652,151.08089226,18.15963769,0.53208474,0.02660424,18.69172243,19.46410561,0.5203865,0.02601932,19.9844921,,9.28719,139,50.0,7.22222222,5.0,476,1752,8760,No postcode zonal mean is available from the ΔT20 EBK prediction-standard-error raster.
2122,2122,-33.78639115,151.09076167,18.20948219,0.53604375,0.02680219,18.74552594,20.17712534,0.52093598,0.0260468,20.69806133,,11.00997,139,50.0,7.5,5.27777778,886,1752,8760,No postcode zonal mean is available from the ΔT20 EBK prediction-standard-error raster.
2125,2125,-33.74832257,151.03339326,18.17070855,0.52250569,0.02612528,18.69321424,19.79799436,0.52035384,0.02601769,20.3183482,,4.58823,146,50.0,6.66666667,4.72222222,460,1752,8760,No postcode zonal mean is available from the ΔT20 EBK prediction-standard-error raster.
2126,2126,-33.7219672,151.04611779,18.11041239,0.522392,0.0261196,18.63280438,19.10754655,0.526257,0.02631285,19.63380355,0.08593348,3.15427,155,50.0,7.22222222,5.0,67,1752,8760,
2127,2127,-33.83878353,151.06797921,18.14410954,0.54250913,0.02712546,18.68661866,20.87081337,0.51718351,0.02585918,21.38799688,,13.23595,155,50.0,,,,1752,8760,Annual residential load is unavailable. No postcode zonal mean is available from the ΔT20 EBK prediction-standard-error raster.
2128,2128,-33.83423296,151.04625478,18.18985271,0.54213127,0.02710656,18.73198399,21.55331612,0.52025837,0.02601292,22.07357448,,14.11294,163,50.0,7.77777778,5.27777778,47,1752,8760,No postcode zonal mean is available from the ΔT20 EBK prediction-standard-error raster.
2130,2130,-33.89183951,151.13719959,18.61254883,0.55242091,0.02762105,19.16496974,21.23720741,0.50880539,0.02544027,21.74601281,,5.16154,144,50.0,6.38888889,4.72222222,10,1752,8760,No postcode zonal mean is available from the ΔT20 EBK prediction-standard-error raster.
2131,2131,-33.88871138,151.12619569,18.54936886,0.55106511,0.02755326,19.10043397,21.21990395,0.51017686,0.02550884,21.7300808,0.08541879,6.21592,149,50.0,5.83333333,4.16666667,78,1752,8760,
2132,2132,-33.88033411,151.11551043,18.44241905,0.54846984,0.02742349,18.99088889,21.20898628,0.50914794,0.0254574,21.71813422,,7.37599,152,50.0,6.94444444,5.0,68,1752,8760,No postcode zonal mean is available from the ΔT20 EBK prediction-standard-error raster.
2133,2133,-33.89720708,151.10304356,18.36254946,0.54976824,0.02748841,18.9123177,21.11748695,0.51183966,0.02559198,21.62932661,,8.27592,163,50.0,7.5,4.72222222,105,1752,8760,No postcode zonal mean is available from the ΔT20 EBK prediction-standard-error raster.
2134,2134,-33.87809158,151.10381123,18.34232044,0.54765758,0.02738288,18.88997802,21.22767576,0.51184064,0.02559203,21.7395164,,8.48385,154,50.0,6.11111111,4.72222222,116,1752,8760,No postcode zonal mean is available from the ΔT20 EBK prediction-standard-error raster.
2135,2135,-33.87849466,151.08179921,18.17079811,0.54668128,0.02733406,18.71747939,21.02506955,0.5125133,0.02562566,21.53758285,,10.45271,163,50.0,7.77777778,5.0,381,1752,8760,No postcode zonal mean is available from the ΔT20 EBK prediction-standard-error raster.
2136,2136,-33.89371789,151.08277711,18.19153214,0.54818963,0.02740948,18.73972176,21.12486458,0.51258039,0.02562902,21.63744497,,10.15512,163,50.0,6.94444444,5.0,166,1752,8760,No postcode zonal mean is available from the ΔT20 EBK prediction-standard-error raster.
2137,2137,-33.85494968,151.10334316,18.30119663,0.54562053,0.02728103,18.84681716,20.62125449,0.51157488,0.02557874,21.13282937,,9.50846,152,50.0,7.77777778,5.27777778,435,1752,8760,No postcode zonal mean is available from the ΔT20 EBK prediction-standard-error raster.
2138,2138,-33.83943914,151.08989572,18.22033539,0.54321822,0.02716091,18.7635536,20.64992714,0.51330195,0.0256651,21.16322909,,11.46906,155,50.0,7.5,5.0,181,1752,8760,No postcode zonal mean is available from the ΔT20 EBK prediction-standard-error raster.
2140,2140,-33.86275769,151.07520397,18.13649893,0.5452255,0.02726128,18.68172443,21.14039955,0.51363852,0.02568193,21.65403807,,11.51343,162,50.0,8.88888889,4.72222222,46,1752,8760,No postcode zonal mean is available from the ΔT20 EBK prediction-standard-error raster.
2141,2141,-33.86731741,151.04743046,18.14235219,0.54500801,0.0272504,18.68736021,21.18296581,0.51321767,0.02566088,21.69618347,,13.82358,164,50.0,7.22222222,4.72222222,291,1752,8760,No postcode zonal mean is available from the ΔT20 EBK prediction-standard-error raster.
2142,2142,-33.82725266,151.02123145,18.24130284,0.54218343,0.02710917,18.78348626,21.63337644,0.52212709,0.02610635,22.15550353,,13.05064,175,50.0,6.38888889,4.16666667,139,1752,8760,No postcode zonal mean is available from the ΔT20 EBK prediction-standard-error raster.
2143,2143,-33.88829912,151.02629936,18.17897377,0.54768632,0.02738432,18.72666009,20.94568316,0.51355313,0.02567766,21.45923629,0.08537813,15.39361,164,50.0,6.66666667,4.72222222,149,1752,8760,
2144,2144,-33.85469966,151.02620286,18.20717388,0.5445738,0.02722869,18.75174768,21.42886058,0.51489535,0.02574477,21.94375592,,16.09036,167,50.0,6.66666667,4.72222222,180,1752,8760,No postcode zonal mean is available from the ΔT20 EBK prediction-standard-error raster.
2145,2145,-33.81489982,150.952014,18.32820938,0.54121804,0.0270609,18.86942742,20.87307688,0.52857919,0.02642896,21.40165607,0.08518465,11.17975,177,50.0,11.94444444,10.0,1271,1752,8760,
2146,2146,-33.78726799,150.9527164,18.34242576,0.53101602,0.0265508,18.87344177,21.13230324,0.52691406,0.0263457,21.6592173,,10.34312,175,50.0,11.38888889,10.0,303,1752,8760,No postcode zonal mean is available from the ΔT20 EBK prediction-standard-error raster.
2147,2147,-33.76797833,150.93663841,18.32806422,0.52212455,0.02610623,18.85018877,21.13313137,0.52655203,0.0263276,21.6596834,,9.69873,175,50.0,11.11111111,9.72222222,518,1752,8760,No postcode zonal mean is available from the ΔT20 EBK prediction-standard-error raster.
2148,2148,-33.78492645,150.89921504,18.34120787,0.52778271,0.02638914,18.86899057,20.55195628,0.52758096,0.02637905,21.07953724,0.0844494,10.36398,176,50.0,11.11111111,9.16666667,707,1752,8760,
2150,2150,-33.81498587,151.00666343,18.27454535,0.53869462,0.02693473,18.81323997,21.46599091,0.53030789,0.02651539,21.9962988,,11.69932,175,50.0,5.83333333,3.61111111,413,1752,8760,No postcode zonal mean is available from the ΔT20 EBK prediction-standard-error raster.
2151,2151,-33.78374274,151.01459214,18.25038656,0.53061693,0.02653085,18.78100349,20.0903299,0.52760142,0.02638007,20.61793132,,8.19992,163,50.0,8.05555556,5.27777778,187,1752,8760,No postcode zonal mean is available from the ΔT20 EBK prediction-standard-error raster.
2152,2152,-33.78731373,150.99414327,18.29466248,0.53039029,0.02651951,18.82505276,20.48178291,0.529045,0.02645225,21.01082791,,8.81052,174,50.0,7.5,4.72222222,191,1752,8760,No postcode zonal mean is available from the ΔT20 EBK prediction-standard-error raster.
2153,2153,-33.75429415,150.97484919,18.27264947,0.51954292,0.02597715,18.79219239,20.68301896,0.52199577,0.02609979,21.20501474,0.08529472,6.16801,154,50.0,8.61111111,6.38888889,1068,1752,8760,
2154,2154,-33.72789929,150.99987502,18.18802934,0.51432117,0.02571606,18.70235051,20.15080689,0.52025757,0.02601288,20.67106446,,2.43274,146,50.0,7.22222222,5.27777778,419,1752,8760,No postcode zonal mean is available from the ΔT20 EBK prediction-standard-error raster.
2155,2155,-33.69079306,150.93503087,18.22998269,0.50195137,0.02509757,18.73193406,19.46628212,0.52671655,0.02633583,19.99299867,,7.69996,144,50.0,12.77777778,11.11111111,2326,1752,8760,No postcode zonal mean is available from the ΔT20 EBK prediction-standard-error raster.
2156,2156,-33.65251377,150.97162897,18.06492312,0.51128314,0.02556416,18.57620626,18.37856483,0.533664,0.0266832,18.91222884,0.0866144,7.45814,142,50.0,12.77777778,8.88888889,284,1752,8760,
2157,2157,-33.5672382,150.99070473,17.70354322,0.53664421,0.02683221,18.24018743,18.17747894,0.53870089,0.02693504,18.71617983,0.0874281,15.87505,102,50.0,12.77777778,9.44444444,98,1752,8760,
2158,2158,-33.68775645,151.0375795,18.02494195,0.52089486,0.02604474,18.54583682,18.25674411,0.53439784,0.02671989,18.79114195,,3.03502,142,50.0,11.94444444,10.0,216,1752,8760,No postcode zonal mean is available from the ΔT20 EBK prediction-standard-error raster.
2159,2159,-33.58885821,151.08013295,17.73071322,0.53411511,0.02670576,18.26482833,17.99217695,0.52922597,0.0264613,18.52140292,0.08797029,14.55465,108,50.0,10.83333333,9.44444444,208,1752,8760,
2160,2160,-33.83626079,150.98278968,18.30638631,0.54430288,0.02721514,18.85068919,21.56330993,0.52142495,0.02607125,22.08473488,,12.8099,178,50.0,6.66666667,4.72222222,411,1752,8760,No postcode zonal mean is available from the ΔT20 EBK prediction-standard-error raster.
2161,2161,-33.85732255,150.98105226,18.30390422,0.54750832,0.02737542,18.85141254,21.37352371,0.51503214,0.02575161,21.88855585,,12.1989,178,50.0,6.11111111,3.88888889,288,1752,8760,No postcode zonal mean is available from the ΔT20 EBK prediction-standard-error raster.
2162,2162,-33.88164693,151.00298579,18.24301624,0.54914686,0.02745734,18.7921631,20.98238945,0.51405513,0.02570276,21.49644458,,14.09232,164,50.0,6.66666667,4.16666667,234,1752,8760,No postcode zonal mean is available from the ΔT20 EBK prediction-standard-error raster.
2163,2163,-33.88671535,150.97823411,18.30386829,0.55325772,0.02766289,18.85712601,20.9562748,0.51485063,0.02574253,21.47112542,,11.81934,181,50.0,6.94444444,5.27777778,169,1752,8760,No postcode zonal mean is available from the ΔT20 EBK prediction-standard-error raster.
2164,2164,-33.8488808,150.91951383,18.26426938,0.55575829,0.02778791,18.82002767,19.87634609,0.52398849,0.02619942,20.40033458,,6.81328,195,50.0,11.38888889,9.16666667,305,1752,8760,No postcode zonal mean is available from the ΔT20 EBK prediction-standard-error raster.
2165,2165,-33.87047024,150.94640166,18.28427956,0.55607248,0.02780362,18.84035204,21.47896767,0.51525038,0.02576252,21.99421805,,8.93753,195,50.0,10.83333333,8.33333333,516,1752,8760,No postcode zonal mean is available from the ΔT20 EBK prediction-standard-error raster.
2166,2166,-33.89309479,150.93787231,18.23268331,0.56322274,0.02816114,18.79590605,21.24934647,0.51623079,0.02581154,21.76557727,0.08529174,8.17678,181,50.0,11.38888889,8.88888889,424,1752,8760,
2167,2167,-33.97147588,150.89353757,17.82410295,0.58515391,0.0292577,18.40925685,19.66604874,0.52171964,0.02608598,20.18776839,0.08540942,8.99283,189,50.0,11.11111111,9.16666667,94,1752,8760,
2168,2168,-33.91352544,150.87655169,17.99606975,0.58533645,0.02926682,18.5814062,20.88891487,0.51985945,0.02599297,21.40877432,,4.19262,197,50.0,10.83333333,9.16666667,328,1752,8760,No postcode zonal mean is available from the ΔT20 EBK prediction-standard-error raster.
2170,2170,-33.93351864,150.91872659,18.0436824,0.57323694,0.02866185,18.61691934,20.76411758,0.51879377,0.02593969,21.28291134,,8.49772,186,50.0,11.38888889,9.44444444,1587,1752,8760,No postcode zonal mean is available from the ΔT20 EBK prediction-standard-error raster.
2171,2171,-33.9156636,150.84145535,17.91608082,0.59913153,0.02995658,18.51521235,19.48259054,0.52263353,0.02613168,20.00522407,,3.65316,199,50.0,12.22222222,10.0,286,1752,8760,No postcode zonal mean is available from the ΔT20 EBK prediction-standard-error raster.
2172,2172,-33.95958204,150.97330192,18.09516859,0.54805014,0.02740251,18.64321873,19.17745399,0.51765403,0.0258827,19.69510803,,14.24323,186,50.0,12.5,11.94444444,23,1752,8760,No postcode zonal mean is available from the ΔT20 EBK prediction-standard-error raster.
2173,2173,-34.0671148,150.91416603,17.87869192,0.51879041,0.02593952,18.39748233,17.95273781,0.51697437,0.02584872,18.46971218,0.08617714,7.3487,195,50.0,11.66666667,10.0,169,1752,8760,
2174,2174,-33.96269003,150.85760364,17.78926214,0.60785322,0.03039266,18.39711536,19.8271122,0.52299953,0.02614998,20.35011172,,6.27268,200,50.0,10.83333333,10.0,809,1752,8760,No postcode zonal mean is available from the ΔT20 EBK prediction-standard-error raster.
2175,2175,-33.84023262,150.84773078,18.19497072,0.56473448,0.02823672,18.7597052,19.17118017,0.53047303,0.02652365,19.7016532,,3.15184,195,50.0,13.05555556,8.33333333,44,1752,8760,No postcode zonal mean is available from the ΔT20 EBK prediction-standard-error raster.
2176,2176,-33.87093985,150.88408758,18.14088383,0.57425119,0.02871256,18.71513501,20.7520237,0.52039572,0.02601979,21.27241942,0.08498469,3.19293,195,50.0,11.94444444,9.72222222,298,1752,8760,
2177,2177,-33.89417025,150.88009949,18.07918663,0.58066227,0.02903311,18.6598489,21.278162,0.52046138,0.02602307,21.79862338,,3.06969,195,50.0,12.5,10.55555556,100,1752,8760,No postcode zonal mean is available from the ΔT20 EBK prediction-standard-error raster.
2178,2178,-33.87022698,150.79990465,18.01281569,0.58002308,0.02900115,18.59283877,18.60103055,0.52648232,0.02632412,19.12751286,0.08357412,4.48384,196,50.0,11.66666667,8.33333333,44,1752,8760,
2179,2179,-33.95215525,150.80158922,17.75093836,0.63551643,0.03177582,18.38645479,18.69388023,0.52226658,0.02611333,19.21614681,0.08321191,4.36119,201,50.0,12.5,10.27777778,5512,1752,8760,
2190,2190,-33.90074149,151.05574966,18.11498814,0.54790569,0.02739528,18.66289383,21.18949318,0.51325886,0.02566294,21.70275204,,12.64592,164,50.0,7.5,4.44444444,309,1752,8760,No postcode zonal mean is available from the ΔT20 EBK prediction-standard-error raster.
2191,2191,-33.90442432,151.08584557,18.22005653,0.54880297,0.02744015,18.76885951,21.20878537,0.51263797,0.0256319,21.72142335,,9.89311,163,50.0,7.5,5.0,68,1752,8760,No postcode zonal mean is available from the ΔT20 EBK prediction-standard-error raster.
2192,2192,-33.91901462,151.08935095,18.30555598,0.5496811,0.02748405,18.85523708,21.38504473,0.51280484,0.02564024,21.89784957,,9.83494,164,50.0,8.05555556,4.72222222,86,1752,8760,No postcode zonal mean is available from the ΔT20 EBK prediction-standard-error raster.
2193,2193,-33.90872315,151.12042035,18.5317852,0.55260292,0.02763015,19.08438812,21.13781675,0.51204935,0.02560247,21.6498661,,6.78814,147,50.0,8.61111111,5.55555556,102,1752,8760,No postcode zonal mean is available from the ΔT20 EBK prediction-standard-error raster.
2194,2194,-33.91251929,151.10278926,18.36380259,0.55033039,0.02751652,18.91413298,21.2467823,0.51246229,0.02562311,21.7592446,,8.46585,158,50.0,7.77777778,4.72222222,81,1752,8760,No postcode zonal mean is available from the ΔT20 EBK prediction-standard-error raster.
2195,2195,-33.92104308,151.07296581,18.16850535,0.54871434,0.02743572,18.71721969,21.38833046,0.5131861,0.0256593,21.90151656,,11.35727,164,50.0,7.22222222,4.44444444,87,1752,8760,No postcode zonal mean is available from the ΔT20 EBK prediction-standard-error raster.
2196,2196,-33.93083475,151.05118979,18.18460679,0.5480324,0.02740162,18.73263919,21.22143745,0.51388881,0.02569444,21.73532626,,13.57626,172,50.0,7.5,4.72222222,357,1752,8760,No postcode zonal mean is available from the ΔT20 EBK prediction-standard-error raster.
2197,2197,-33.89922293,150.99634201,18.24751616,0.55128608,0.0275643,18.79880224,20.95069313,0.5145813,0.02572907,21.46527443,,13.61505,180,50.0,6.66666667,4.44444444,101,1752,8760,No postcode zonal mean is available from the ΔT20 EBK prediction-standard-error raster.
2198,2198,-33.90690918,150.98902126,18.24628925,0.55317901,0.02765895,18.79946827,20.4885807,0.51508125,0.02575406,21.00366195,,13.1006,181,50.0,7.77777778,4.72222222,180,1752,8760,No postcode zonal mean is available from the ΔT20 EBK prediction-standard-error raster.
2199,2199,-33.90470987,151.02031471,18.18682861,0.54898445,0.02744922,18.73581306,21.08050837,0.51396581,0.02569829,21.59447417,,15.8941,172,50.0,6.66666667,4.44444444,197,1752,8760,No postcode zonal mean is available from the ΔT20 EBK prediction-standard-error raster.
2200,2200,-33.92223204,151.01440009,18.19246938,0.54965718,0.02748286,18.74212656,21.11702642,0.51476031,0.02573802,21.63178673,,15.79353,180,50.0,6.94444444,4.44444444,317,1752,8760,No postcode zonal mean is available from the ΔT20 EBK prediction-standard-error raster.
2203,2203,-33.90411755,151.13958621,18.71182632,0.55431798,0.0277159,19.26614431,21.16105588,0.50927821,0.02546391,21.67033409,,4.9585,147,50.0,6.94444444,4.16666667,48,1752,8760,No postcode zonal mean is available from the ΔT20 EBK prediction-standard-error raster.
2204,2204,-33.91126195,151.1555708,18.80141878,0.55758257,0.02787913,19.35900135,21.07864244,0.50848123,0.02542406,21.58712367,,3.75543,138,50.0,7.77777778,4.72222222,101,1752,8760,No postcode zonal mean is available from the ΔT20 EBK prediction-standard-error raster.
2205,2205,-33.93676613,151.14760022,18.79858875,0.55635489,0.02781774,19.35494365,20.97261129,0.51233739,0.02561687,21.48494868,,6.03564,147,50.0,7.77777778,4.72222222,155,1752,8760,No postcode zonal mean is available from the ΔT20 EBK prediction-standard-error raster.
2206,2206,-33.92275324,151.12649381,18.60991414,0.55371426,0.02768571,19.1636284,21.04003334,0.5124229,0.02562114,21.55245624,,6.72676,155,50.0,7.77777778,4.72222222,214,1752,8760,No postcode zonal mean is available from the ΔT20 EBK prediction-standard-error raster.
2207,2207,-33.94750353,151.12092515,18.6103665,0.55118913,0.02755946,19.16155563,20.8607914,0.51288732,0.02564437,21.37367872,,8.65076,155,50.0,7.5,5.0,266,1752,8760,No postcode zonal mean is available from the ΔT20 EBK prediction-standard-error raster.
2208,2208,-33.93936244,151.0992571,18.42040443,0.55026974,0.02751349,18.97067417,20.99008042,0.51325573,0.02566279,21.50333615,,9.80149,156,50.0,7.77777778,5.27777778,232,1752,8760,No postcode zonal mean is available from the ΔT20 EBK prediction-standard-error raster.
2209,2209,-33.94724187,151.07699238,18.26287079,0.54735206,0.0273676,18.81022285,20.91694069,0.51435451,0.02571773,21.4312952,,12.02678,164,50.0,7.5,5.0,151,1752,8760,No postcode zonal mean is available from the ΔT20 EBK prediction-standard-error raster.
2210,2210,-33.96234808,151.05233158,18.2141268,0.54367605,0.0271838,18.75780285,20.41819293,0.51545341,0.02577267,20.93364634,,14.82563,169,50.0,7.5,4.72222222,324,1752,8760,No postcode zonal mean is available from the ΔT20 EBK prediction-standard-error raster.
2211,2211,-33.95564362,151.03235428,18.17712445,0.5445474,0.02722737,18.72167185,20.56875292,0.51621888,0.02581094,21.0849718,0.08541038,16.14787,182,50.0,6.94444444,4.44444444,332,1752,8760,
2212,2212,-33.9492052,151.01387867,18.16658707,0.54699543,0.02734977,18.7135825,20.86678505,0.51667003,0.0258335,21.38345508,,16.84715,183,50.0,7.22222222,4.72222222,367,1752,8760,No postcode zonal mean is available from the ΔT20 EBK prediction-standard-error raster.
2213,2213,-33.96238795,150.99928435,18.13875408,0.54513263,0.02725663,18.68388671,20.02968319,0.5169051,0.02584526,20.54658829,,16.39846,186,50.0,7.5,5.0,548,1752,8760,No postcode zonal mean is available from the ΔT20 EBK prediction-standard-error raster.
2214,2214,-33.93661771,150.98349027,18.16799974,0.55272852,0.02763643,18.72072827,20.30805397,0.51641491,0.02582075,20.82446888,,13.71394,184,50.0,4.72222222,4.44444444,339,1752,8760,No postcode zonal mean is available from the ΔT20 EBK prediction-standard-error raster.
2216,2216,-33.95309729,151.14725077,18.81104692,0.55307817,0.02765391,19.36412509,20.86363157,0.51241884,0.02562094,21.37605041,,7.47438,147,50.0,7.22222222,5.0,148,1752,8760,No postcode zonal mean is available from the ΔT20 EBK prediction-standard-error raster.
2217,2217,-33.97364238,151.13737463,18.75494226,0.55012574,0.02750629,19.305068,20.32982521,0.51245293,0.02562265,20.84227814,,8.55509,155,50.0,7.77777778,5.27777778,190,1752,8760,No postcode zonal mean is available from the ΔT20 EBK prediction-standard-error raster.
2218,2218,-33.97123014,151.11973063,18.63285017,0.54632887,0.02731644,19.17917904,21.13043404,0.51275358,0.02563768,21.64318761,0.08551975,10.17445,155,50.0,6.94444444,4.72222222,78,1752,8760,
2219,2219,-33.99450803,151.13560656,18.78426247,0.5479393,0.02739697,19.33220177,19.72171211,0.51252896,0.02562645,20.23424107,,9.11761,155,50.0,8.05555556,5.0,196,1752,8760,No postcode zonal mean is available from the ΔT20 EBK prediction-standard-error raster.
2220,2220,-33.9631633,151.10060362,18.47033644,0.54494809,0.0272474,19.01528453,20.97484016,0.51323583,0.02566179,21.488076,,11.20661,163,50.0,8.05555556,4.72222222,216,1752,8760,No postcode zonal mean is available from the ΔT20 EBK prediction-standard-error raster.
2221,2221,-33.98754749,151.11316233,18.56677055,0.53990941,0.02699547,19.10667996,20.47232355,0.51274441,0.02563722,20.98506797,,10.94926,164,50.0,7.77777778,4.72222222,280,1752,8760,No postcode zonal mean is available from the ΔT20 EBK prediction-standard-error raster.
2222,2222,-33.96394496,151.08611289,18.38161214,0.54432252,0.02721613,18.92593466,21.02734566,0.51364776,0.02568239,21.54099342,,12.30341,164,50.0,7.22222222,4.44444444,42,1752,8760,No postcode zonal mean is available from the ΔT20 EBK prediction-standard-error raster.
2223,2223,-33.9773462,151.07358063,18.31980181,0.53981595,0.0269908,18.85961775,20.37541135,0.51391452,0.02569573,20.88932587,,14.13107,166,50.0,7.77777778,4.72222222,308,1752,8760,No postcode zonal mean is available from the ΔT20 EBK prediction-standard-error raster.
2224,2224,-34.0142499,151.10221001,18.54371786,0.52918231,0.02645912,19.07290018,19.33235359,0.51315714,0.02565786,19.84551074,,12.76272,166,50.0,8.05555556,5.0,242,1752,8760,No postcode zonal mean is available from the ΔT20 EBK prediction-standard-error raster.
2225,2225,-34.0037663,151.080247,18.40759087,0.52929619,0.02646481,18.93688706,19.12244911,0.51312122,0.02565606,19.63557033,,14.30692,167,50.0,8.61111111,5.27777778,71,1752,8760,No postcode zonal mean is available from the ΔT20 EBK prediction-standard-error raster.
2226,2226,-34.01084383,151.06239165,18.32399464,0.52609375,0.02630469,18.85008839,18.99145372,0.5134104,0.02567052,19.50486412,,16.10418,177,50.0,7.5,5.27777778,135,1752,8760,No postcode zonal mean is available from the ΔT20 EBK prediction-standard-error raster.
2227,2227,-34.040421,151.08520247,18.46103668,0.51939616,0.02596981,18.98043284,19.89626503,0.51372962,0.02568648,20.40999465,,15.38687,169,50.0,7.5,5.27777778,300,1752,8760,No postcode zonal mean is available from the ΔT20 EBK prediction-standard-error raster.
2228,2228,-34.03607347,151.1032249,18.54562092,0.52474506,0.02623725,19.07036598,20.09225273,0.51295631,0.02564782,20.60520904,,13.79502,167,50.0,7.5,5.0,385,1752,8760,No postcode zonal mean is available from the ΔT20 EBK prediction-standard-error raster.
2229,2229,-34.04452723,151.12241468,18.64652304,0.52116684,0.02605834,19.16768988,19.80734117,0.51333355,0.02566668,20.32067472,0.08617687,12.91155,164,50.0,8.33333333,5.27777778,692,1752,8760,
2230,2230,-34.0651264,151.15004248,18.78458667,0.51610634,0.02580532,19.30069301,18.85875384,0.51246969,0.02562348,19.37122353,,11.91034,155,50.0,8.33333333,5.27777778,487,1752,8760,No postcode zonal mean is available from the ΔT20 EBK prediction-standard-error raster.
2231,2231,-34.02441662,151.20939099,18.92123401,0.52439539,0.02621977,19.4456294,18.10987354,0.51182613,0.02559131,18.62169968,,4.81489,124,50.0,9.44444444,5.55555556,37,1752,8760,No postcode zonal mean is available from the ΔT20 EBK prediction-standard-error raster.
2232,2232,-34.12680756,151.08257528,18.38909618,0.48911395,0.0244557,18.87821013,17.6867251,0.50848938,0.02542447,18.19521448,0.08643966,11.93864,178,50.0,8.05555556,5.27777778,397,1752,8760,
2233,2233,-34.08862463,150.9927207,18.11222453,0.45804082,0.02290204,18.57026536,17.77016158,0.51105587,0.02555279,18.28121745,0.08673231,5.4529,195,50.0,8.33333333,5.83333333,312,1752,8760,
2234,2234,-34.0172325,151.0061755,18.12000103,0.51805455,0.02590273,18.63805558,18.59687516,0.51624932,0.02581247,19.11312448,,12.9411,180,50.0,8.61111111,5.83333333,192,1752,8760,No postcode zonal mean is available from the ΔT20 EBK prediction-standard-error raster.
2250,2250,-33.31706911,151.21340906,17.42960397,0.54949884,0.02747494,17.97910282,17.65225178,0.5737916,0.02868958,18.22604338,0.08702093,11.41194,72,50.0,10.83333333,6.94444444,603,1752,8760,
2251,2251,-33.47557111,151.39608011,17.98495014,0.55168338,0.02758417,18.53663353,18.50016989,0.54362595,0.0271813,19.04379584,0.09036577,4.12988,66,50.0,10.83333333,7.22222222,280,1752,8760,
2256,2256,-33.5179211,151.27268394,17.6674167,0.54960958,0.02748048,18.21702629,18.31040818,0.53579142,0.02678957,18.84619961,,16.18604,86,50.0,10.83333333,7.22222222,229,1752,8760,No postcode zonal mean is available from the ΔT20 EBK prediction-standard-error raster.
2257,2257,-33.5163381,151.37587943,17.89535023,0.54603037,0.02730152,18.44138059,18.77437714,0.5307628,0.02653814,19.30513994,,7.36077,80,50.0,10.83333333,6.94444444,556,1752,8760,No postcode zonal mean is available from the ΔT20 EBK prediction-standard-error raster.
2258,2258,-33.31669287,151.33871034,17.78560313,0.5576073,0.02788036,18.34321042,17.56887742,0.57118017,0.02855901,18.14005759,0.08498591,7.83435,68,50.0,10.55555556,6.66666667,47,1752,8760,
2259,2259,-33.15614665,151.31515348,18.08184168,0.53464267,0.02673213,18.61648435,17.79782877,0.60165854,0.03008293,18.39948732,0.08490837,9.49454,73,50.0,10.27777778,5.83333333,2188,1752,8760,
2260,2260,-33.42847091,151.43682343,18.26520078,0.5553504,0.02776752,18.82055119,18.55933155,0.55108649,0.02755432,19.11041804,,5.50851,63,50.0,10.83333333,7.5,314,1752,8760,No postcode zonal mean is available from the ΔT20 EBK prediction-standard-error raster.
2261,2261,-33.37150633,151.45026146,18.42867402,0.55657565,0.02782878,18.98524967,18.64272638,0.56436359,0.02821818,19.20708997,0.08446857,6.11327,59,50.0,10.83333333,6.94444444,879,1752,8760,
2262,2262,-33.20557195,151.53026823,18.83770919,0.58077114,0.02903856,19.41848033,18.92959429,0.59741801,0.0298709,19.52701231,,1.44041,74,50.0,10.27777778,6.94444444,154,1752,8760,No postcode zonal mean is available from the ΔT20 EBK prediction-standard-error raster.
2263,2263,-33.23617875,151.49845373,18.83538541,0.55187532,0.02759377,19.38726073,18.58178261,0.58453226,0.02922661,19.16631486,,0.15281,68,50.0,10.27777778,6.66666667,288,1752,8760,No postcode zonal mean is available from the ΔT20 EBK prediction-standard-error raster.
2264,2264,-33.12322161,151.47384148,18.50254437,0.53388263,0.02669413,19.036427,18.44806189,0.60718761,0.03035938,19.0552495,0.0856368,7.14178,97,50.0,10.55555556,6.11111111,646,1752,8760,
2265,2265,-33.05066377,151.42916612,18.34822306,0.52763262,0.02638163,18.87585568,17.89243385,0.61513535,0.03075677,18.5075692,0.08575048,13.11295,107,50.0,10.55555556,5.83333333,838,1752,8760,
2267,2267,-33.06480897,151.56972566,18.87940343,0.58483414,0.02924171,19.46423757,19.52875404,0.604309,0.03021545,20.13306305,,2.99152,99,50.0,10.0,5.83333333,57,1752,8760,No postcode zonal mean is available from the ΔT20 EBK prediction-standard-error raster.
2278,2278,-32.94614159,151.55089773,18.80865024,0.56891781,0.02844589,19.37756805,18.62153213,0.6105015,0.03052507,19.23203362,0.08546451,10.76755,89,50.0,8.05555556,5.27777778,37,1752,8760,
2280,2280,-33.02414488,151.67248051,19.05108311,0.55032465,0.02751623,19.60140776,19.53138161,0.60275674,0.03013784,20.13413835,0.08725616,8.6988,98,50.0,10.83333333,7.22222222,277,1752,8760,
2281,2281,-33.12415518,151.62832601,18.93286753,0.57422159,0.02871108,19.50708911,18.65010102,0.59874311,0.02993716,19.24884413,,10.38177,95,50.0,10.83333333,7.22222222,468,1752,8760,No postcode zonal mean is available from the ΔT20 EBK prediction-standard-error raster.
2282,2282,-32.98003133,151.65055262,19.0387705,0.52324989,0.02616249,19.56202039,20.16371091,0.60150666,0.03007533,20.76521757,,9.27119,86,50.0,11.11111111,7.5,198,1752,8760,No postcode zonal mean is available from the ΔT20 EBK prediction-standard-error raster.
2283,2283,-33.01709394,151.56611269,18.83943032,0.57784124,0.02889206,19.41727157,18.70184684,0.60883255,0.03044163,19.31067939,,2.86457,105,50.0,11.66666667,7.22222222,307,1752,8760,No postcode zonal mean is available from the ΔT20 EBK prediction-standard-error raster.
2284,2284,-32.95400888,151.60933315,18.96015731,0.53229236,0.02661462,19.49244968,19.5635965,0.60305119,0.03015256,20.16664769,,9.87955,88,50.0,10.0,6.66666667,519,1752,8760,No postcode zonal mean is available from the ΔT20 EBK prediction-standard-error raster.
2285,2285,-32.91276282,151.61091874,19.01527233,0.50731515,0.02536576,19.52258748,19.62292405,0.60480406,0.0302402,20.22772811,0.08615959,6.89844,88,50.0,10.83333333,6.66666667,1280,1752,8760,
2286,2286,-32.89745607,151.56844791,18.87061127,0.57029849,0.02851492,19.44090976,18.62076803,0.6127495,0.03063748,19.23351753,,8.16541,90,50.0,10.0,6.11111111,51,1752,8760,No postcode zonal mean is available from the ΔT20 EBK prediction-standard-error raster.
2287,2287,-32.89164387,151.65124719,19.05549982,0.47693621,0.02384681,19.53243603,19.38416833,0.60438045,0.03021902,19.98854879,0.08683828,4.0934,82,50.0,10.27777778,6.66666667,602,1752,8760,
2289,2289,-32.94504413,151.70579901,19.06079759,0.46651661,0.02332583,19.5273142,20.46785747,0.59885353,0.02994268,21.06671101,,11.62986,73,50.0,11.38888889,7.5,280,1752,8760,No postcode zonal mean is available from the ΔT20 EBK prediction-standard-error raster.
2290,2290,-32.9828231,151.69967123,19.07394484,0.51061649,0.02553082,19.58456133,19.5231266,0.59849671,0.02992484,20.12162331,,12.74001,73,50.0,10.55555556,7.22222222,596,1752,8760,No postcode zonal mean is available from the ΔT20 EBK prediction-standard-error raster.
2291,2291,-32.9473435,151.74330277,18.99488258,0.48616449,0.02430822,19.48104707,20.18356768,0.59756939,0.02987847,20.78113708,,13.97457,73,50.0,11.94444444,7.77777778,285,1752,8760,No postcode zonal mean is available from the ΔT20 EBK prediction-standard-error raster.
2292,2292,-32.92606455,151.73325921,19.02758598,0.46921684,0.02346084,19.49680283,21.51889992,0.59169718,0.02958486,22.11059709,,11.64909,74,50.0,12.22222222,7.5,28,1752,8760,No postcode zonal mean is available from the ΔT20 EBK prediction-standard-error raster.
2293,2293,-32.9157281,151.75628518,18.98933601,0.49330989,0.02466549,19.4826459,21.11092567,0.58791554,0.02939578,21.69884121,,11.42393,67,50.0,10.27777778,7.5,33,,,Representative-hour air-temperature data are unavailable. No postcode zonal mean is available from the ΔT20 EBK prediction-standard-error raster.
2294,2294,-32.91182228,151.76628215,18.9716959,0.51196074,0.02559804,19.48365664,20.91788673,0.58721247,0.02936062,21.50509921,,10.55261,66,50.0,10.27777778,7.22222222,15,1752,8760,No postcode zonal mean is available from the ΔT20 EBK prediction-standard-error raster.
2295,2295,-32.86570032,151.81146708,18.90930663,0.57942782,0.02897139,19.48873445,18.69328308,0.58625657,0.02931283,19.27953965,,4.08391,45,50.0,10.55555556,6.94444444,117,1752,8760,No postcode zonal mean is available from the ΔT20 EBK prediction-standard-error raster.
2296,2296,-32.91387971,151.74738943,,0.47757655,0.02387883,,21.40474892,0.58824652,0.02941233,21.99299544,,11.74926,67,50.0,11.94444444,7.5,33,1752,8760,No postcode zonal mean is available from the ΔT20 EBK prediction-standard-error raster.
2297,2297,-32.90731337,151.75080522,18.98737335,,,,21.30968666,,,,,10.98011,67,50.0,11.11111111,6.94444444,33,1752,8760,No postcode zonal mean is available from the ΔT20 EBK prediction-standard-error raster.
2298,2298,-32.90377491,151.72087293,19.03433075,0.42974649,0.02148732,19.46407724,21.14486122,0.59074334,0.02953717,21.73560456,,9.19378,79,50.0,10.27777778,6.94444444,143,1752,8760,No postcode zonal mean is available from the ΔT20 EBK prediction-standard-error raster.
2299,2299,-32.90858545,151.70246784,19.05569038,0.37869957,0.01893498,19.43438995,20.76943016,0.59539928,0.02976996,21.36482944,,8.22661,79,50.0,,,,,,Annual residential load is unavailable. Representative-hour air-temperature data are unavailable. No postcode zonal mean is available from the ΔT20 EBK prediction-standard-error raster.
2300,2300,-32.93126673,151.77602119,18.96590662,0.50934303,0.02546715,19.47524965,20.34708087,0.58843901,0.02942195,20.93551987,,12.07489,67,50.0,13.05555556,7.5,66,1752,8760,No postcode zonal mean is available from the ΔT20 EBK prediction-standard-error raster.
2302,2302,-32.92921781,151.76446434,18.97312355,0.49307466,0.02465373,19.46619821,20.92437172,0.589679,0.02948395,21.51405072,0.08894867,12.32207,67,50.0,,,,1752,8760,Annual residential load is unavailable.
2303,2303,-32.92798395,151.74839587,19.00461149,0.48735692,0.02436785,19.49196841,21.45210609,0.59199995,0.0296,22.04410604,,12.86599,74,50.0,10.83333333,7.22222222,47,1752,8760,No postcode zonal mean is available from the ΔT20 EBK prediction-standard-error raster.
2304,2304,-32.89411032,151.7400189,18.97082324,0.50420076,0.02521004,19.475024,19.47544888,0.59385208,0.0296926,20.06930096,,10.19007,67,50.0,10.0,6.94444444,229,1752,8760,No postcode zonal mean is available from the ΔT20 EBK prediction-standard-error raster.
2305,2305,-32.92723699,151.70345231,19.06873785,0.43164327,0.02158216,19.50038112,20.54909429,0.59898352,0.02994918,21.14807781,,9.86529,79,50.0,11.11111111,7.5,246,1752,8760,No postcode zonal mean is available from the ΔT20 EBK prediction-standard-error raster.
2306,2306,-32.99252501,151.68094027,19.0753231,0.529549,0.02647745,19.60487211,20.05869993,0.60240078,0.03012004,20.66110071,,10.68816,80,50.0,8.33333333,6.11111111,18,1752,8760,No postcode zonal mean is available from the ΔT20 EBK prediction-standard-error raster.
2307,2307,-32.87883388,151.69104669,19.05379568,0.44255138,0.02212757,19.49634706,18.99937036,0.60271874,0.03013594,19.6020891,,5.352,74,50.0,11.94444444,6.11111111,78,1752,8760,No postcode zonal mean is available from the ΔT20 EBK prediction-standard-error raster.
2308,2308,-32.89204707,151.70531448,19.05897141,0.40377316,0.02018866,19.46274456,19.82839394,0.59277904,0.02963895,20.42117298,,7.25802,73,50.0,,,,1752,8760,Annual residential load is unavailable. No postcode zonal mean is available from the ΔT20 EBK prediction-standard-error raster.
2311,2311,-32.26851985,151.47495018,18.07745405,0.86967344,0.04348367,18.94712749,17.76286859,0.62672161,0.03133608,18.38959021,0.19404397,15.05236,50,50.0,11.94444444,9.16666667,29,1752,8760,
2312,2312,-32.11650899,152.37943053,18.82841129,0.65128329,0.03256416,19.47969458,18.40618436,0.6917712,0.03458856,19.09795556,0.52600692,37.34161,25,50.0,6.11111111,4.16666667,10,1752,8760,
2315,2315,-32.74099322,152.14479618,19.06788254,0.5853088,0.02926544,19.65319134,18.61599159,0.62974081,0.03148704,19.2457324,,29.66104,28,50.0,10.83333333,6.94444444,202,1752,8760,No postcode zonal mean is available from the ΔT20 EBK prediction-standard-error raster.
2316,2316,-32.7677733,152.03929335,18.88792624,0.58323896,0.02916195,19.47116521,18.52376268,0.62629042,0.03131452,19.1500531,0.15364958,19.36539,29,50.0,10.0,4.44444444,241,1752,8760,
2317,2317,-32.73537988,152.0887441,19.0661493,0.58391382,0.02919569,19.65006312,18.7039636,0.62930472,0.03146524,19.33326832,,24.82654,28,50.0,11.66666667,6.94444444,76,1752,8760,No postcode zonal mean is available from the ΔT20 EBK prediction-standard-error raster.
2318,2318,-32.76031737,151.86522005,18.72087101,0.60695924,0.03034796,19.32783025,18.41541592,0.60591086,0.03029554,19.02132677,0.12055591,5.9521,41,50.0,10.0,5.55555556,523,1752,8760,
2319,2319,-32.7444027,152.00072407,18.9080892,0.58301659,0.02915083,19.49110578,18.38093164,0.62530255,0.03126513,19.00623419,,16.81477,30,50.0,8.88888889,5.55555556,175,1752,8760,No postcode zonal mean is available from the ΔT20 EBK prediction-standard-error raster.
2320,2320,-32.68836515,151.54385471,18.34797137,0.58149124,0.02907456,18.92946261,19.52243305,0.62780476,0.03139024,20.15023781,0.12016744,7.33106,83,50.0,12.22222222,7.5,1600,1752,8760,
2321,2321,-32.55672395,151.8086257,18.65430026,0.57001685,0.02850084,19.22431711,19.10469072,0.59861107,0.02993055,19.70330179,0.14886015,8.08365,50,50.0,11.94444444,6.94444444,2517,1752,8760,
2322,2322,-32.82060731,151.65114009,18.94088095,0.55890884,0.02794544,19.49978979,18.88701991,0.60727914,0.03036396,19.49429905,0.09783473,3.85541,76,50.0,11.66666667,7.22222222,1367,1752,8760,
2323,2323,-32.88566893,151.51058803,18.65436634,0.59266719,0.02963336,19.24703352,18.66716336,0.61914325,0.03095716,19.28630661,0.09051028,10.1926,98,50.0,11.66666667,8.61111111,312,1752,8760,
2324,2324,-32.65526107,151.92440562,18.86208098,0.56454931,0.02822747,19.42663029,18.61934414,0.60596989,0.03029849,19.22531403,0.21240548,18.87991,35,50.0,4.72222222,5.83333333,693,1752,8760,
2325,2325,-32.95407935,151.14805536,17.3675709,0.53517316,0.02675866,17.90274406,17.95100114,0.64252364,0.03212618,18.59352478,0.09680709,13.20359,122,50.0,12.22222222,7.5,1520,1752,8760,
2326,2326,-32.78590142,151.45310168,18.42997605,0.63224318,0.03161216,19.06221923,19.23779973,0.62675188,0.03133759,19.86455161,0.09520617,8.85118,102,50.0,11.66666667,8.33333333,75,1752,8760,
2327,2327,-32.82957509,151.48154868,18.56651141,0.63693017,0.03184651,19.20344158,19.3134972,0.62458215,0.03122911,19.93807935,,8.63041,119,50.0,11.94444444,8.33333333,113,1752,8760,No postcode zonal mean is available from the ΔT20 EBK prediction-standard-error raster.
2328,2328,-32.51684383,150.65713656,15.19040558,0.80791617,0.04039581,15.99832175,18.26165453,0.76186256,0.03809313,19.02351709,0.15291532,0.91965,122,50.0,55.0,1.66666667,40,1752,8760,
2329,2329,-32.05856815,150.18106026,16.97061951,0.77022112,0.03851106,17.74084063,18.67271207,0.74293007,0.0371465,19.41564214,0.1274364,6.01364,51,50.0,31.66666667,2.5,29,1752,8760,
2330,2330,-32.65924179,150.9118268,16.39800088,0.78162738,0.03908137,17.17962827,18.35006719,0.67866295,0.03393315,19.02873015,0.13965243,6.90013,123,50.0,11.94444444,9.44444444,372,1752,8760,
2331,2331,-32.69659802,151.18316212,17.51689787,0.61374144,0.03068707,18.1306393,19.90997151,0.66501931,0.03325097,20.57499082,0.12320044,7.93829,130,50.0,,,,1752,8760,Annual residential load is unavailable.
2333,2333,-32.30402623,150.91082627,16.3906904,0.90545747,0.04527287,17.29614787,19.33709849,0.75997577,0.03799879,20.09707426,0.15342556,5.42501,134,50.0,48.33333333,1.94444444,371,1752,8760,
2334,2334,-32.68900065,151.38670998,18.16612475,0.6456118,0.03228059,18.81173654,19.67730577,0.64094683,0.03204734,20.3182526,,3.35952,95,50.0,12.5,9.44444444,219,1752,8760,No postcode zonal mean is available from the ΔT20 EBK prediction-standard-error raster.
2335,2335,-32.61644988,151.37142033,18.11856308,0.85352433,0.04267622,18.97208741,19.39072847,0.63169337,0.03158467,20.02242184,0.12953525,4.71425,96,50.0,12.5,7.77777778,1653,1752,8760,
2336,2336,-32.13334018,151.17138271,17.49515235,0.78456226,0.03922811,18.27971461,18.30744905,0.76884098,0.03844205,19.07629002,0.1581133,16.50842,68,50.0,30.0,2.77777778,25,1752,8760,
2337,2337,-31.85003339,151.33238575,17.11585217,0.83566845,0.04178342,17.95152063,17.74955584,0.81298284,0.04064914,18.56253868,0.20596185,11.6587,8,50.0,31.11111111,2.77777778,123,1752,8760,
2338,2338,-31.66440762,151.06717078,16.56801851,0.82194415,0.04109721,17.38996266,17.39504906,0.79665965,0.03983298,18.19170871,0.15969655,30.19966,16,50.0,33.33333333,2.22222222,19,1752,8760,
2339,2339,-31.76606599,150.53122822,17.29317718,0.79624369,0.03981218,18.08942087,19.3602635,0.73762728,0.03688136,20.09789078,0.12054088,1.19976,69,50.0,,,,1752,8760,Annual residential load is unavailable.
2340,2340,-31.34276681,151.12924119,16.89850225,0.79062765,0.03953138,17.6891299,18.82316858,0.71246648,0.03562332,19.53563506,0.11644283,49.75202,1,50.0,28.33333333,3.05555556,1161,1752,8760,
2341,2341,-31.35178495,150.62431379,18.25499371,0.80164048,0.04008202,19.05663419,20.60826524,0.6453849,0.03226924,21.25365013,0.09124349,11.27526,78,50.0,,,,1752,8760,Annual residential load is unavailable.
2342,2342,-31.18500825,150.59809532,18.44960672,0.7697365,0.03848682,19.21934321,20.74673285,0.62057716,0.03102886,21.36731,0.09153644,11.50539,80,50.0,,,,1752,8760,Annual residential load is unavailable.
2343,2343,-31.52202006,150.38220522,17.91584088,0.78642578,0.03932129,18.70226666,19.98269517,0.67910734,0.03395537,20.66180251,0.10163237,6.2766,86,50.0,30.0,3.33333333,34,1752,8760,
2344,2344,-31.08823638,150.66632567,17.9379556,0.77448779,0.03872439,18.71244338,20.64774018,0.6315074,0.03157537,21.27924758,0.09728608,21.2136,58,50.0,,,,1752,8760,Annual residential load is unavailable.
2345,2345,-30.90028194,150.83871878,17.13635216,0.73003568,0.03650178,17.86638784,20.088137,0.61711666,0.03085583,20.70525366,0.1048508,38.54005,21,50.0,,,,1752,8760,Annual residential load is unavailable.
2346,2346,-30.6880899,150.76050349,16.82299849,0.74018593,0.0370093,17.56318442,19.90128507,0.58301571,0.02915079,20.48430077,0.12656705,44.47945,8,50.0,26.94444444,4.44444444,17,1752,8760,
2347,2347,-30.31865295,150.55950814,17.17755134,0.65807535,0.03290377,17.83562668,18.95442554,0.50856068,0.02542803,19.46298622,0.21742392,42.68152,1,50.0,,,,1752,8760,Annual residential load is unavailable.
2350,2350,-30.46495629,151.90020847,14.2718587,0.63958094,0.03197905,14.91143964,16.04641514,0.59282344,0.02964117,16.63923857,0.32880485,101.75131,0,50.0,30.83333333,2.5,633,1752,8760,
2352,2352,-31.08721804,151.15845252,15.55754055,0.80393832,0.04019692,16.36147886,18.69449934,0.70099342,0.03504967,19.39549276,0.11483187,65.81851,0,50.0,28.61111111,2.77777778,132,1752,8760,
2353,2353,-30.94954575,151.04809381,16.00340684,0.75181796,0.0375909,16.75522479,17.44782138,0.6387893,0.03193947,18.08661069,0.1107528,57.48938,0,50.0,,,,1752,8760,Annual residential load is unavailable.
2354,2354,-31.14932153,151.73403564,15.94442296,0.75648138,0.03782407,16.70090434,15.49082858,0.73120126,0.03656006,16.22202984,0.43069135,97.07277,0,50.0,29.44444444,3.33333333,26,1752,8760,
2355,2355,-30.74716763,151.11450077,15.37828204,0.70861917,0.03543096,16.08690121,17.14969133,0.59682247,0.02984112,17.74651381,0.16012552,68.96859,0,50.0,,,,1752,8760,Annual residential load is unavailable.
2356,2356,-30.56535524,148.97605032,18.91776951,0.71910028,0.03595501,19.63686979,21.66146012,0.47163691,0.02358185,22.13309703,0.2787954,11.6423,57,50.0,,,,1752,8760,Annual residential load is unavailable.
2357,2357,-31.21170247,149.35999456,17.30004801,0.752975,0.03764875,18.053023,19.21129578,0.59258199,0.0296291,19.80387778,0.25112847,29.57291,11,50.0,16.66666667,5.83333333,16,1752,8760,
2358,2358,-30.58473046,151.37351667,14.54615701,0.68253753,0.03412688,15.22869455,16.95526469,0.60163053,0.03008153,17.55689522,0.29858945,77.97285,0,50.0,32.5,1.94444444,40,1752,8760,
2359,2359,-30.1756971,151.01130474,16.0749806,0.63576694,0.03178835,16.71074754,18.33049642,0.48083238,0.02404162,18.8113288,0.29643613,24.88824,4,50.0,,,,1752,8760,Annual residential load is unavailable.
2360,2360,-29.6502875,151.10838641,17.00286928,0.54499486,0.02724974,17.54786414,19.70046741,0.36227862,0.01811393,20.06274602,0.26760443,34.50838,4,50.0,25.83333333,6.11111111,89,1752,8760,
2361,2361,-29.21531542,151.16093404,18.20188349,0.51970062,0.02598503,18.72158411,20.8897354,0.30540798,0.0152704,21.19514338,0.2117687,64.36233,0,50.0,,,,1752,8760,Annual residential load is unavailable.
2365,2365,-30.1058438,151.58736302,13.98619399,0.59202879,0.02960144,14.57822279,15.72906423,0.49616979,0.02480849,16.22523402,0.28585419,56.93311,0,50.0,28.05555556,2.22222222,22,1752,8760,
2369,2369,-29.94983987,151.23122986,15.48085735,0.59564833,0.02978242,16.07650568,17.45613015,0.44628194,0.0223141,17.90241209,0.29495242,20.0388,4,50.0,,,,1752,8760,Annual residential load is unavailable.
2370,2370,-29.68557636,151.97031178,14.86705559,0.54497931,0.02724897,15.4120349,16.23899259,0.4736194,0.02368097,16.71261199,0.23570079,91.71533,0,50.0,31.66666667,2.22222222,73,1752,8760,
2371,2371,-29.37399296,151.68273487,15.28529185,0.53944312,0.02697216,15.82473497,17.40568212,0.43713759,0.02185688,17.84281971,0.28283948,90.48271,0,50.0,,,,1752,8760,Annual residential load is unavailable.
2372,2372,-29.00908287,152.18259739,15.95616722,0.56738514,0.02836926,16.52355236,17.67700433,0.53273828,0.02663691,18.20974261,0.15892142,50.00932,0,50.0,33.61111111,2.5,83,1752,8760,
2379,2379,-31.10619491,149.79115087,18.14596165,0.76539856,0.03826993,18.91136022,21.36015432,0.59847584,0.02992379,21.95863016,0.13941175,5.03646,68,50.0,,,,1752,8760,Annual residential load is unavailable.
2380,2380,-30.92727787,150.18589554,18.49826335,0.76392924,0.03819646,19.26219259,21.53183796,0.58245905,0.02912295,22.11429701,0.09444663,7.26555,83,50.0,32.77777778,1.94444444,222,1752,8760,
2381,2381,-31.44784989,149.8781479,18.38705263,0.76285881,0.03814294,19.14991144,20.47327052,0.61658713,0.03082936,21.08985765,0.11462272,3.64389,62,50.0,,,,1752,8760,Annual residential load is unavailable.
2382,2382,-30.70765883,150.05169366,18.37081219,0.7368245,0.03684122,19.10763669,21.35062482,0.57251474,0.02862574,21.92313956,0.1164764,0.98275,128,50.0,28.05555556,4.44444444,14,1752,8760,
2386,2386,-30.05958524,148.93441061,20.00728885,0.7569705,0.03784853,20.76425935,23.52701701,0.56109779,0.02805489,24.0881148,0.25179664,6.9149,73,50.0,,,,1752,8760,Annual residential load is unavailable.
2387,2387,-29.75418476,148.94573098,20.52566921,0.77504553,0.03875228,21.30071474,23.86529996,0.54198574,0.02709929,24.40728571,0.24985807,3.96323,66,50.0,,,,1752,8760,Annual residential load is unavailable.
2388,2388,-30.43681891,149.27696568,19.14865079,0.75336982,0.03766849,19.90202062,21.85208119,0.56437149,0.02821857,22.41645268,0.25538214,11.03602,229,50.0,10.0,11.94444444,11,1752,8760,
2390,2390,-30.24505494,149.91325977,19.23360671,0.60037572,0.03001879,19.83398243,21.47232306,0.488386,0.0244193,21.96070906,0.19460446,11.9142,237,50.0,9.44444444,14.16666667,81,1752,8760,
2395,2395,-31.55964185,149.48180615,17.52374736,0.73780462,0.03689023,18.26155198,19.04997134,0.60005334,0.03000267,19.65002467,0.21850391,16.02193,12,50.0,,,,1752,8760,Annual residential load is unavailable.
2396,2396,-30.9056909,149.02566462,17.96085218,0.71160144,0.03558007,18.67245362,21.38292837,0.49961587,0.02498079,21.88254424,0.28549848,9.7275,54,50.0,,,,1752,8760,Annual residential load is unavailable.
2397,2397,-29.93744123,149.70854614,19.99277057,0.58285049,0.02914252,20.57562107,23.40355763,0.45627387,0.02281369,23.8598315,0.20724983,2.72318,171,50.0,,,,1752,8760,Annual residential load is unavailable.
2398,2398,-29.73227199,149.81993543,19.99412797,0.54936007,0.027468,20.54348803,23.21630414,0.38622616,0.01931131,23.6025303,0.26674626,2.42257,88,50.0,,,,1752,8760,Annual residential load is unavailable.
2399,2399,-29.46424066,150.16035728,19.81196473,0.55844165,0.02792208,20.37040638,22.88749378,0.3674923,0.01837462,23.25498608,0.08389699,6.9486,82,50.0,,,,1752,8760,Annual residential load is unavailable.
2400,2400,-29.37651249,149.67570839,20.51294008,0.62371677,0.03118584,21.13665685,23.48076509,0.46753692,0.02337685,23.94830201,0.14705284,8.53354,109,50.0,10.27777778,15.83333333,43,1752,8760,
2401,2401,-29.6308929,150.32361805,19.24176663,0.52482198,0.0262411,19.76658861,22.19749574,0.31476845,0.01573842,22.51226419,0.19298436,17.80378,33,50.0,,,,1752,8760,Annual residential load is unavailable.
2402,2402,-29.41163679,150.55300451,19.36946737,0.53015253,0.02650763,19.8996199,21.83390919,0.27395509,0.01369775,22.10786428,0.12152862,29.8286,16,50.0,,,,1752,8760,Annual residential load is unavailable.
2403,2403,-29.62574152,150.77062483,18.42273728,0.54198683,0.02709934,18.96472412,21.40079138,0.33603344,0.01680167,21.73682482,0.28942495,43.6806,4,50.0,,,,1752,8760,Annual residential load is unavailable.
2404,2404,-29.91928899,150.57148435,17.9874763,0.55464893,0.02773245,18.54212523,20.61503913,0.39759175,0.01987959,21.01263088,0.34446017,43.67995,4,50.0,31.94444444,3.33333333,15,1752,8760,
2405,2405,-28.9071326,149.62275165,20.97909486,0.52562875,0.02628144,21.5047236,24.00329805,0.48434601,0.0242173,24.48764407,0.1520077,2.50721,133,50.0,,,,1752,8760,Annual residential load is unavailable.
2406,2406,-28.97813775,149.16385876,21.37675682,0.65914183,0.03295709,22.03589865,24.41739968,0.60265305,0.03013265,25.02005273,0.15213578,12.30484,45,50.0,,,,1752,8760,Annual residential load is unavailable.
2408,2408,-28.93409468,150.34224783,20.15413494,0.51677638,0.02583882,20.67091132,23.3178611,0.24633255,0.01231663,23.56419364,0.06089028,2.24921,114,50.0,,,,1752,8760,Annual residential load is unavailable.
2409,2409,-28.71232696,150.24548796,20.65244568,0.4940089,0.02470045,21.14645458,23.61738544,0.36540207,0.0182701,23.98278751,0.10918999,5.90033,122,50.0,9.72222222,17.5,11,1752,8760,
2410,2410,-28.94403252,150.77511064,19.92938618,0.52610442,0.02630522,20.4554906,22.05629687,0.25813209,0.0129066,22.31442896,0.08471108,18.53664,29,50.0,,,,1752,8760,Annual residential load is unavailable.
2411,2411,-29.10733974,150.31129961,20.2281236,0.48468447,0.02423422,20.71280806,23.4183926,0.26234348,0.01311717,23.68073608,0.0531189,3.68712,124,50.0,,,,1752,8760,Annual residential load is unavailable.
2415,2415,-32.2072048,151.80999151,18.50451707,0.70043464,0.03502173,19.20495171,17.6912536,0.63377741,0.03168887,18.32503101,0.43824094,12.49296,30,50.0,,,,1752,8760,Annual residential load is unavailable.
2420,2420,-32.32578272,151.68578849,18.3877496,0.75289831,0.03764492,19.14064792,18.18037321,0.60983649,0.03049182,18.79020971,0.33146271,11.7417,57,50.0,12.22222222,8.88888889,80,1752,8760,
2421,2421,-32.53966696,151.55096707,18.43661192,0.76686644,0.03834332,19.20347837,19.43808865,0.57906036,0.02895302,20.01714901,0.14388071,7.04154,76,50.0,12.22222222,8.05555556,78,1752,8760,
2422,2422,-31.92982205,151.81914967,18.09453853,0.78720747,0.03936037,18.881746,17.19438002,0.74827932,0.03741397,17.94265933,0.45268174,15.36795,25,50.0,12.5,10.0,79,1752,8760,
2423,2423,-32.37367004,152.2590594,18.9695854,0.59908074,0.02995404,19.56866614,18.16389971,0.64055766,0.03202788,18.80445737,0.48595042,32.93014,25,50.0,5.55555556,5.83333333,86,1752,8760,
2424,2424,-31.58213264,151.88381694,17.99084047,0.78672736,0.03933637,18.77756783,17.63632491,0.75676493,0.03783825,18.39308984,0.54069473,47.11875,2,50.0,,,,1752,8760,Annual residential load is unavailable.
2425,2425,-32.4502997,152.00656339,18.8393438,0.56196693,0.02809835,19.40131073,18.31651706,0.60741543,0.03037077,18.92393249,0.4000696,20.65764,34,50.0,12.77777778,8.88888889,50,1752,8760,
2426,2426,-31.8210654,152.58327395,18.59852417,0.71661864,0.03583093,19.31514282,18.59809935,0.73472111,0.03673606,19.33282047,0.56940985,61.48668,0,50.0,,,,1752,8760,Annual residential load is unavailable.
2427,2427,-31.8642975,152.68827811,18.66870869,0.72350324,0.03617516,19.39221192,18.26015494,0.72362672,0.03618134,18.98378166,,69.19044,0,50.0,12.5,5.0,220,1752,8760,No postcode zonal mean is available from the ΔT20 EBK prediction-standard-error raster.
2428,2428,-32.25464258,152.47771951,18.95082311,0.62501425,0.03125071,19.57583736,18.43323335,0.67206102,0.03360305,19.10529436,0.538342,49.50745,2,50.0,11.38888889,6.38888889,357,1752,8760,
2429,2429,-31.79813469,152.27056832,18.56351813,0.73226567,0.03661328,19.2957838,17.78556496,0.73959283,0.03697964,18.52515778,0.5265277,37.0905,17,50.0,9.72222222,5.0,73,1752,8760,
2430,2430,-31.899972,152.48277864,18.64720455,0.7086649,0.03543325,19.35586945,18.63714985,0.72680661,0.03634033,19.36395646,0.54985072,49.5564,3,50.0,10.27777778,6.38888889,868,1752,8760,
2431,2431,-30.9144571,153.04929974,20.25122864,0.6041072,0.03020536,20.85533584,19.2324956,0.62393378,0.03119669,19.85642937,0.35088846,127.12397,0,50.0,5.27777778,6.66666667,293,1752,8760,
2439,2439,-31.61172604,152.65214479,18.65094535,0.7170271,0.03585135,19.36797244,18.07951787,0.74739645,0.03736982,18.82691431,0.59404015,78.48717,0,50.0,10.27777778,6.38888889,31,1752,8760,
2440,2440,-30.91968174,152.56978032,17.55919812,0.62589269,0.03129463,18.18509081,18.15686112,0.64684228,0.03234211,18.8037034,0.50895578,133.48238,0,50.0,5.27777778,6.38888889,268,1752,8760,
2441,2441,-31.23691718,152.68860156,18.6896284,0.63463944,0.03173197,19.32426784,18.41896513,0.65314315,0.03265716,19.07210828,0.54001242,109.52515,0,50.0,5.83333333,5.55555556,41,1752,8760,
2443,2443,-31.73276208,152.69662309,18.67325315,0.71096202,0.0355481,19.38421516,18.47822977,0.73835767,0.03691788,19.21658743,0.58972377,75.23735,0,50.0,11.66666667,6.11111111,118,1752,8760,
2444,2444,-31.38847838,152.87907881,18.83570426,0.64099653,0.03204983,19.47670079,18.78024182,0.67812454,0.03390623,19.45836636,0.62909986,110.55136,0,50.0,11.11111111,6.11111111,1009,1752,8760,
2445,2445,-31.58076502,152.80930992,18.69487744,0.70781341,0.03539067,19.40269085,18.47558436,0.7386045,0.03693023,19.21418887,0.61054355,92.76376,0,50.0,11.66666667,6.38888889,213,1752,8760,
2446,2446,-31.38829828,152.43524477,18.46527376,0.72619678,0.03630984,19.19147054,17.46808174,0.72695315,0.03634766,18.19503489,0.60091373,81.70079,0,50.0,11.11111111,6.38888889,226,1752,8760,
2447,2447,-30.72695223,152.88760379,17.90176674,0.59657018,0.02982851,18.49833692,18.76642738,0.62698454,0.03134923,19.39341193,0.2281351,108.17739,0,50.0,5.55555556,5.83333333,207,1752,8760,
2448,2448,-30.59867994,152.96391057,18.419273,0.58580699,0.02929035,19.00508,19.00034364,0.60713015,0.03035651,19.60747379,0.16418122,93.09405,0,50.0,5.0,5.83333333,371,1752,8760,
2449,2449,-30.61005836,152.71409144,16.91480356,0.59420228,0.02971011,17.50900585,18.33778673,0.60129324,0.03006466,18.93907997,0.1654395,99.63112,0,50.0,6.38888889,5.27777778,12,1752,8760,
2450,2450,-30.20239805,152.99640355,18.23781657,0.53129555,0.02656478,18.76911213,18.11129469,0.51475418,0.02573771,18.62604887,0.14320964,48.95701,3,50.0,5.55555556,6.11111111,819,1752,8760,
2452,2452,-30.3562196,153.08710616,18.78388287,0.53124941,0.02656247,19.31513228,20.03147396,0.5182753,0.02591376,20.54974926,,64.97752,0,50.0,5.83333333,6.66666667,88,1752,8760,No postcode zonal mean is available from the ΔT20 EBK prediction-standard-error raster.
2453,2453,-30.25021056,152.54459305,15.59980772,0.54978473,0.02748924,16.14959245,15.36462873,0.52011089,0.02600554,15.88473962,0.1705106,73.30659,0,50.0,28.33333333,3.88888889,23,1752,8760,
2454,2454,-30.45802444,152.73467533,16.46477545,0.56730828,0.02836541,17.03208374,17.79111183,0.57174378,0.02858719,18.36285561,0.16271554,83.13341,0,50.0,6.11111111,5.55555556,120,1752,8760,
2455,2455,-30.51529948,152.99166988,18.23183516,0.57450532,0.02872527,18.80634048,18.73228741,0.6381966,0.03190983,19.37048401,,83.62014,0,50.0,5.55555556,5.55555556,69,1752,8760,No postcode zonal mean is available from the ΔT20 EBK prediction-standard-error raster.
2456,2456,-30.06866512,153.15377407,19.24149516,0.52947431,0.02647372,19.77096947,19.15270145,0.51358709,0.02567935,19.66628854,0.1358824,32.66149,3,50.0,5.27777778,6.38888889,322,1752,8760,
2460,2460,-29.64373629,152.74360653,18.47021082,0.5416842,0.02708421,19.01189502,19.13902038,0.51401679,0.02570084,19.65303718,0.11861202,18.18512,31,50.0,5.55555556,5.55555556,532,1752,8760,
2462,2462,-29.67974804,153.12289995,19.91466627,0.52924116,0.02646206,20.44390744,19.20728057,0.51680936,0.02584047,19.72408994,0.10407255,11.06615,32,50.0,6.94444444,5.27777778,24,1752,8760,
2463,2463,-29.5066555,153.22036732,20.21999232,0.53560291,0.02678015,20.75559524,19.54035519,0.56712402,0.0283562,20.10747921,0.10638812,21.65076,73,50.0,4.72222222,5.27777778,273,1752,8760,
2464,2464,-29.48829712,153.3276594,20.26121634,0.53493308,0.02674665,20.79614942,19.69412722,0.57066627,0.02853331,20.26479349,,24.1561,73,50.0,5.27777778,6.11111111,294,1752,8760,No postcode zonal mean is available from the ΔT20 EBK prediction-standard-error raster.
2465,2465,-29.41159458,153.26123727,20.2981712,0.5374898,0.02687449,20.83566101,20.30433083,0.58281749,0.02914087,20.88714831,0.10801589,13.68523,81,50.0,,,,1752,8760,Annual residential load is unavailable.
2466,2466,-29.39304101,153.35829236,,0.53770484,0.02688524,,19.58103201,0.59027572,0.02951379,20.17130773,0.11277884,17.97583,80,50.0,5.83333333,5.55555556,61,1752,8760,
2469,2469,-28.81202573,152.5851135,18.99758786,0.56108939,0.02805447,19.55867725,19.18876875,0.55075583,0.02753779,19.73952458,0.10331946,6.06601,121,50.0,7.77777778,14.72222222,50,1752,8760,
2470,2470,-28.87817567,152.96180246,19.76262847,0.56789046,0.02839452,20.33051893,20.2736096,0.57270645,0.02863532,20.84631606,0.0826381,3.07915,186,50.0,4.72222222,12.5,161,1752,8760,
2471,2471,-29.00736303,153.23147515,20.0677174,0.55618536,0.02780927,20.62390276,19.7061347,0.61324891,0.03066245,20.31938361,0.08693494,6.11706,185,50.0,4.72222222,11.94444444,21,1752,8760,
2472,2472,-29.15142027,153.3260192,20.27254834,0.54773736,0.02738687,20.8202857,19.22922729,0.62570053,0.03128503,19.85492782,0.09293933,12.5035,118,50.0,6.38888889,5.55555556,44,1752,8760,
2473,2473,-29.1049696,153.40876789,20.26262527,0.54519031,0.02725952,20.80781558,19.550812,0.61583582,0.03079179,20.16664782,0.0913595,17.70538,109,50.0,5.83333333,5.83333333,54,1752,8760,
2474,2474,-28.50094205,152.91760266,19.69315576,0.56466427,0.02823321,20.25782004,19.03609008,0.52744417,0.02637221,19.56353425,0.10151054,11.48967,95,50.0,5.55555556,12.22222222,69,1752,8760,
2475,2475,-28.52747763,152.43234604,18.24953948,0.57743423,0.02887171,18.82697371,18.37414132,0.57573453,0.02878673,18.94987585,0.11901576,38.40469,7,50.0,,,,1752,8760,Annual residential load is unavailable.
2476,2476,-28.40181408,152.41267486,18.47501005,0.58042564,0.02902128,19.05543569,18.27522284,0.57974779,0.02898739,18.85497063,0.11705959,28.8667,5,50.0,,,,1752,8760,Annual residential load is unavailable.
2477,2477,-28.88098227,153.43656071,20.04014506,0.53458574,0.02672929,20.57473081,19.83373422,0.58850205,0.0294251,20.42223627,0.0800258,1.93794,114,50.0,3.05555556,8.33333333,281,1752,8760,
2478,2478,-28.84700688,153.53192323,19.97877943,0.53467345,0.02673367,20.51345288,20.35547283,0.58918522,0.02945926,20.94465804,0.09450459,9.22109,69,50.0,3.33333333,9.16666667,1452,1752,8760,
2479,2479,-28.70518918,153.5146346,20.10698767,0.53918827,0.02695941,20.64617594,19.89004966,0.5755052,0.02877526,20.46555486,0.09843776,15.13541,64,50.0,4.16666667,9.16666667,196,1752,8760,
2480,2480,-28.72482053,153.26037645,20.00523578,0.55183265,0.02759163,20.55706843,19.65461805,0.5583311,0.02791656,20.21294916,0.08770345,0.95353,128,50.0,4.72222222,13.33333333,564,1752,8760,
2481,2481,-28.60211643,153.51037276,20.16884845,0.54002464,0.02700123,20.70887309,19.9988713,0.56137128,0.02806856,20.56024258,0.10692387,25.68547,18,50.0,3.61111111,10.27777778,478,1752,8760,
2482,2482,-28.54878575,153.42754298,20.24627217,0.5438329,0.02719164,20.79010507,19.39748993,0.54069764,0.02703488,19.93818757,0.10394052,24.95163,50,50.0,3.88888889,9.44444444,310,1752,8760,
2483,2483,-28.46887147,153.49486371,20.35082232,0.54266648,0.02713332,20.8934888,20.18769847,0.53378267,0.02668913,20.72148114,0.1131898,36.00511,6,50.0,3.88888889,9.16666667,253,1752,8760,
2484,2484,-28.37668582,153.30702291,20.36193232,0.55304272,0.02765214,20.91497504,19.51545674,0.52081094,0.02604055,20.03626768,0.11483828,35.09183,26,50.0,3.88888889,8.88888889,205,1752,8760,
2485,2485,-28.18129105,153.51297332,20.74499824,0.55084736,0.02754237,21.29584559,21.51319466,0.51580069,0.02579003,22.02899535,,61.77401,0,50.0,3.33333333,8.33333333,204,1752,8760,No postcode zonal mean is available from the ΔT20 EBK prediction-standard-error raster.
2486,2486,-28.21728518,153.47376061,20.68621757,0.5506406,0.02753203,21.23685817,20.76438655,0.51555533,0.02577777,21.27994188,0.12135009,58.18037,0,50.0,3.88888889,10.0,371,1752,8760,
2487,2487,-28.27472464,153.542703,20.61856157,0.55097306,0.02754865,21.16953463,20.89504124,0.52512866,0.02625643,21.4201699,0.12117647,56.77178,0,50.0,3.61111111,9.72222222,395,1752,8760,
2488,2488,-28.33251121,153.56395977,20.53016218,0.54614881,0.02730744,21.07631099,20.33156967,0.52586641,0.02629332,20.85743608,,52.29302,0,50.0,3.61111111,9.16666667,93,1752,8760,No postcode zonal mean is available from the ΔT20 EBK prediction-standard-error raster.
2489,2489,-28.38783562,153.56120649,20.47259081,0.54190974,0.02709549,21.01450055,20.39901619,0.52708488,0.02635424,20.92610107,,47.10446,1,50.0,3.61111111,9.72222222,73,1752,8760,No postcode zonal mean is available from the ΔT20 EBK prediction-standard-error raster.
2490,2490,-28.2694255,153.47324089,20.59265427,0.55242983,0.02762149,21.1450841,20.63754265,0.52222504,0.02611125,21.15976769,,54.46966,0,50.0,,,,1752,8760,Annual residential load is unavailable. No postcode zonal mean is available from the ΔT20 EBK prediction-standard-error raster.
2500,2500,-34.42103521,150.87381803,17.84312938,0.55100088,0.02755004,18.39413026,18.91879664,0.51448364,0.02572418,19.43328028,,11.25333,124,50.0,7.77777778,5.27777778,578,1752,8760,No postcode zonal mean is available from the ΔT20 EBK prediction-standard-error raster.
2502,2502,-34.47876313,150.86780218,17.86783515,0.55139955,0.02756998,18.4192347,18.77824135,0.57456567,0.02872828,19.35280702,,12.62479,96,50.0,7.77777778,4.72222222,156,1752,8760,No postcode zonal mean is available from the ΔT20 EBK prediction-standard-error raster.
2505,2505,-34.4714435,150.89416445,17.87295668,0.53585749,0.02679287,18.40881417,19.20945604,0.54913814,0.02745691,19.75859418,0.08812903,14.37655,96,50.0,9.16666667,5.83333333,72,1752,8760,
2506,2506,-34.47558557,150.84403269,17.69950263,0.53314925,0.02665746,18.23265188,19.03320249,0.55458768,0.02772938,19.58779017,,10.62569,98,50.0,8.05555556,5.27777778,73,1752,8760,No postcode zonal mean is available from the ΔT20 EBK prediction-standard-error raster.
2508,2508,-34.1903201,150.9526422,18.04133776,0.4620373,0.02310186,18.50337505,16.67559098,0.50710558,0.02535528,17.18269656,0.08691492,3.46529,189,50.0,8.61111111,5.27777778,91,1752,8760,
2515,2515,-34.29775196,150.93410551,17.93301264,0.48892905,0.02444645,18.42194169,16.42557377,0.5136805,0.02568402,16.93925427,,11.25053,165,50.0,8.88888889,5.27777778,302,1752,8760,No postcode zonal mean is available from the ΔT20 EBK prediction-standard-error raster.
2516,2516,-34.32745164,150.90217465,17.92305112,0.49024513,0.02451226,18.41329624,16.86479436,0.51323553,0.02566178,17.3780299,,11.57231,163,50.0,8.88888889,5.0,108,1752,8760,No postcode zonal mean is available from the ΔT20 EBK prediction-standard-error raster.
2517,2517,-34.34886733,150.90134075,17.90994581,0.49907949,0.02495397,18.4090253,17.76534462,0.51336637,0.02566832,18.27871099,,13.25206,145,50.0,8.05555556,5.0,228,1752,8760,No postcode zonal mean is available from the ΔT20 EBK prediction-standard-error raster.
2518,2518,-34.37256494,150.89792139,17.89116096,0.51707545,0.02585377,18.40823642,18.53208569,0.51305725,0.02565286,19.04514294,0.0873309,14.39752,144,50.0,7.77777778,5.0,465,1752,8760,
2519,2519,-34.39124584,150.88072051,17.87638712,0.54921334,0.02746067,18.42560046,18.82356126,0.51121858,0.02556093,19.33477984,,12.26293,144,50.0,8.05555556,5.27777778,340,1752,8760,No postcode zonal mean is available from the ΔT20 EBK prediction-standard-error raster.
2525,2525,-34.4308443,150.84879101,17.74500203,0.53176332,0.02658817,18.27676535,19.59607233,0.52280115,0.02614006,20.11887348,,9.05936,123,50.0,7.22222222,4.44444444,161,1752,8760,No postcode zonal mean is available from the ΔT20 EBK prediction-standard-error raster.
2526,2526,-34.40403321,150.78691337,17.3335025,0.45939861,0.02296993,17.79290111,16.57969669,0.52022993,0.0260115,17.09992661,0.08587612,3.6479,146,50.0,8.61111111,5.0,542,1752,8760,
2527,2527,-34.58236646,150.74822396,17.10825149,0.58957596,0.0294788,17.69782745,17.96490749,0.59737384,0.02986869,18.56228133,0.09075198,3.32331,59,50.0,15.83333333,5.55555556,1799,1752,8760,
2528,2528,-34.55345421,150.85504359,17.8645375,0.56712129,0.02835606,18.43165879,18.19132423,0.59035925,0.02951796,18.78168348,,7.97137,66,50.0,7.77777778,4.72222222,453,1752,8760,No postcode zonal mean is available from the ΔT20 EBK prediction-standard-error raster.
2529,2529,-34.62155155,150.82086624,17.77232677,0.59247665,0.02962383,18.36480342,18.07607793,0.60374836,0.03018742,18.67982629,,4.69543,50,50.0,17.22222222,6.38888889,1060,1752,8760,No postcode zonal mean is available from the ΔT20 EBK prediction-standard-error raster.
2530,2530,-34.50785582,150.76139476,17.11701839,0.53953393,0.0269767,17.65655232,18.07077011,0.57149561,0.02857478,18.64226573,0.08840087,9.67118,98,50.0,6.94444444,4.16666667,1176,1752,8760,
2533,2533,-34.67220943,150.82471989,17.35851378,0.60765463,0.03038273,17.96616841,17.37188688,0.61327216,0.03066361,17.98515905,0.12698829,9.49442,43,50.0,16.66666667,6.11111111,391,1752,8760,
2534,2534,-34.73605358,150.78603517,17.49811336,0.62452315,0.03122616,18.12263651,17.27214637,0.6284982,0.03142491,17.90064457,0.12865329,15.7293,32,50.0,16.38888889,6.11111111,147,1752,8760,
2535,2535,-34.76091897,150.6840914,17.03205624,0.63554537,0.03177727,17.66760162,16.68349948,0.63028733,0.03151437,17.31378682,0.128634,20.51498,31,50.0,16.38888889,6.38888889,269,1752,8760,
2536,2536,-35.66999835,150.1064554,15.4147622,0.51958246,0.02597912,15.93434465,16.48494966,0.56267082,0.02813354,17.04762048,0.33452815,25.43539,11,50.0,15.27777778,6.11111111,663,1752,8760,
2537,2537,-35.91369742,149.91466114,14.94955024,0.53735071,0.02686754,15.48690096,15.75669075,0.54505828,0.02725291,16.30174903,0.34799711,18.68004,12,50.0,14.16666667,4.72222222,442,1752,8760,
2538,2538,-35.42193708,150.2931836,16.21793717,0.54840527,0.02742026,16.76634245,16.31134819,0.58495888,0.02924794,16.89630707,0.32850852,49.3727,2,50.0,13.88888889,4.16666667,202,1752,8760,
2539,2539,-35.35375148,150.22669499,16.1044924,0.54900473,0.02745024,16.65349713,16.45125664,0.58520136,0.02926007,17.03645799,0.32421099,48.15984,9,50.0,16.38888889,6.11111111,672,1752,8760,
2540,2540,-34.97903353,150.48979389,16.54233551,0.61714131,0.03085707,17.15947682,16.86176395,0.61305252,0.03065263,17.47481647,0.17169466,20.25805,7,50.0,15.27777778,5.0,1984,1752,8760,
2541,2541,-34.87458318,150.59961301,17.02774122,0.65492797,0.0327464,17.68266918,18.51011848,0.63083186,0.03154159,19.14095035,0.13250577,14.93264,10,50.0,16.38888889,5.0,922,1752,8760,
2545,2545,-36.12635528,149.84226284,15.07535462,0.56911819,0.02845591,15.64447281,15.59922684,0.55094809,0.0275474,16.15017493,0.37225651,35.66239,2,50.0,14.44444444,5.27777778,44,1752,8760,
2546,2546,-36.32117896,150.00676313,15.49221906,0.59900937,0.02995047,16.09122844,15.50780221,0.59656324,0.02982816,16.10436545,0.39370073,48.11862,2,50.0,14.72222222,6.38888889,381,1752,8760,
2548,2548,-36.83388593,149.88434692,15.63108352,0.62141256,0.03107063,16.25249608,15.86840771,0.65311576,0.03265579,16.52152348,0.42097021,91.59492,0,50.0,15.27777778,7.22222222,115,1752,8760,
2549,2549,-36.96336626,149.81510771,15.32978607,0.61778406,0.0308892,15.94757013,15.62487221,0.6690549,0.03345274,16.29392711,0.42281064,97.75988,0,50.0,13.05555556,6.38888889,25,1752,8760,
2550,2550,-36.73288781,149.68585688,14.78052982,0.62150636,0.03107532,15.40203617,15.26386153,0.64026447,0.03201322,15.904126,0.40309154,71.02487,0,50.0,13.88888889,5.55555556,338,1752,8760,
2551,2551,-37.23920373,149.84272998,15.17139813,0.60040989,0.03002049,15.77180803,14.71670845,0.65375842,0.03268792,15.37046687,0.42266101,124.27499,0,50.0,17.77777778,6.94444444,83,1752,8760,
2555,2555,-33.88201419,150.74520898,17.89921238,0.57419722,0.02870986,18.47340959,18.75920811,0.52430312,0.02621516,19.28351124,,7.97635,197,50.0,,,,1752,8760,Annual residential load is unavailable. No postcode zonal mean is available from the ΔT20 EBK prediction-standard-error raster.
2556,2556,-33.94408111,150.72451632,17.69619223,0.60549771,0.03027489,18.30168994,18.7624618,0.51871291,0.02593565,19.28117471,0.08185037,4.0259,212,50.0,12.5,9.16666667,194,1752,8760,
2557,2557,-34.01045703,150.77415506,17.69283425,0.6349175,0.03174587,18.32775175,18.72971099,0.51887688,0.02594384,19.24858787,,3.12563,203,50.0,12.77777778,10.27777778,1807,1752,8760,No postcode zonal mean is available from the ΔT20 EBK prediction-standard-error raster.
2558,2558,-34.03087057,150.80513226,17.63733809,0.61216936,0.03060847,18.24950746,19.63594093,0.5184014,0.02592007,20.15434233,,4.43449,203,50.0,11.11111111,8.05555556,58,1752,8760,No postcode zonal mean is available from the ΔT20 EBK prediction-standard-error raster.
2559,2559,-34.04990527,150.79864358,17.62331619,0.59075302,0.02953765,18.21406921,19.7111393,0.52997977,0.02649899,20.24111906,0.08325756,4.83345,203,50.0,12.22222222,7.22222222,249,1752,8760,
2560,2560,-34.22533336,150.8174821,17.6079141,0.50827919,0.02541396,18.1161933,16.86860805,0.51852684,0.02592634,17.38713489,0.08406354,3.58918,175,50.0,11.38888889,8.05555556,1624,1752,8760,
2563,2563,-34.09845648,150.75501971,17.49377979,0.61183419,0.03059171,18.10561398,18.47145356,0.53156584,0.02657829,19.0030194,,2.20075,195,50.0,11.66666667,8.05555556,756,1752,8760,No postcode zonal mean is available from the ΔT20 EBK prediction-standard-error raster.
2564,2564,-33.99325416,150.89170238,17.77695571,0.57653227,0.02882661,18.35348798,19.61644064,0.52251557,0.02612578,20.1389562,,8.55041,203,50.0,10.55555556,9.16666667,137,1752,8760,No postcode zonal mean is available from the ΔT20 EBK prediction-standard-error raster.
2565,2565,-33.9908589,150.84985846,17.70517138,0.61324967,0.03066248,18.31842105,19.59673018,0.52440837,0.02622042,20.12113855,,4.69031,203,50.0,12.77777778,10.55555556,772,1752,8760,No postcode zonal mean is available from the ΔT20 EBK prediction-standard-error raster.
2566,2566,-34.02826509,150.84115064,17.6804349,0.60876769,0.03043838,18.28920259,19.50446404,0.52254009,0.026127,20.02700413,,5.65537,203,50.0,10.55555556,8.61111111,249,1752,8760,No postcode zonal mean is available from the ΔT20 EBK prediction-standard-error raster.
2567,2567,-34.04621963,150.75101036,17.5470165,0.58853365,0.02942668,18.13555015,19.61171913,0.5283891,0.02641946,20.14010823,,3.10921,203,50.0,12.22222222,9.16666667,205,1752,8760,No postcode zonal mean is available from the ΔT20 EBK prediction-standard-error raster.
2568,2568,-34.13760139,150.72109378,17.30923799,0.60952292,0.03047615,17.91876091,18.36503646,0.52368978,0.02618449,18.88872623,0.08128791,2.82052,156,50.0,12.5,6.94444444,208,1752,8760,
2569,2569,-34.18817809,150.71238441,17.18129708,0.56962726,0.02848136,17.75092435,17.84545728,0.51870767,0.02593538,18.36416495,0.08228334,3.85562,159,50.0,10.0,6.66666667,10,1752,8760,
2570,2570,-34.05211077,150.58924046,16.7407109,0.50510108,0.02525505,17.24581198,17.64450893,0.52162786,0.02608139,18.16613679,0.08452473,4.07543,168,50.0,11.94444444,9.72222222,3865,1752,8760,
2571,2571,-34.26992361,150.69059966,16.63955726,0.49092871,0.02454644,17.13048598,17.25706787,0.5154987,0.02577493,17.77256657,0.08238307,3.43284,160,50.0,11.94444444,8.61111111,1325,1752,8760,
2572,2572,-34.19126849,150.5135844,15.87822262,0.49923936,0.02496197,16.37746199,16.80650279,0.51559724,0.02577986,17.32210003,0.08534025,6.61183,157,50.0,11.94444444,8.88888889,369,1752,8760,
2573,2573,-34.2288396,150.59078364,16.3939054,0.49148554,0.02457428,16.88539094,17.5331775,0.51635377,0.02581769,18.04953127,,7.79186,160,50.0,11.66666667,8.05555556,890,1752,8760,No postcode zonal mean is available from the ΔT20 EBK prediction-standard-error raster.
2574,2574,-34.39038525,150.65314447,16.38075677,0.51943578,0.02597179,16.90019255,16.02590712,0.52765432,0.02638272,16.55356144,0.08407397,6.16358,146,50.0,12.77777778,8.61111111,114,1752,8760,
2575,2575,-34.33192442,150.333581,14.46938378,0.5815333,0.02907667,15.05091708,15.81296495,0.52071669,0.02603583,16.33368164,0.09241879,24.44941,114,50.0,40.0,4.16666667,598,1752,8760,
2576,2576,-34.52523673,150.50647211,14.96866982,0.6054159,0.03027079,15.57408572,14.646236,0.57285232,0.02864262,15.21908832,0.08993606,18.00506,71,50.0,39.72222222,4.72222222,657,1752,8760,
2577,2577,-34.5445551,150.21599652,14.73871898,0.61047236,0.03052362,15.34919134,15.49781722,0.58266314,0.02913316,16.08048036,0.10608458,10.39542,19,50.0,39.72222222,4.16666667,878,1752,8760,
2578,2578,-34.66667065,150.29198511,14.31912983,0.61528389,0.03076419,14.93441372,15.2483036,0.57865709,0.02893285,15.8269607,,10.05017,19,50.0,41.94444444,4.72222222,122,1752,8760,No postcode zonal mean is available from the ΔT20 EBK prediction-standard-error raster.
2579,2579,-34.72493695,150.11500951,13.87836461,0.58730803,0.0293654,14.46567265,15.84545888,0.55560437,0.02778022,16.40106325,0.15390809,24.84463,1,50.0,38.05555556,4.44444444,295,1752,8760,
2580,2580,-34.70397706,149.77265439,13.44419603,0.5429766,0.02714883,13.98717263,15.43187693,0.51259464,0.02562973,15.94447157,0.26377643,44.49675,2,50.0,36.94444444,3.88888889,828,1752,8760,
2581,2581,-34.75738102,149.26944844,14.60299316,0.58506435,0.02925322,15.18805751,16.05929815,0.53020212,0.02651011,16.58950027,0.37902273,26.31607,3,50.0,38.88888889,3.88888889,53,1752,8760,
2582,2582,-34.91878562,148.802538,15.04822734,0.60481982,0.03024099,15.65304716,16.36811077,0.55057635,0.02752882,16.91868712,0.38869186,34.41632,2,50.0,36.94444444,3.61111111,410,1752,8760,
2583,2583,-34.26387795,149.31370658,14.03136556,0.53276334,0.02663817,14.5641289,16.07145558,0.51793485,0.02589674,16.58939043,0.32756141,80.70339,0,50.0,52.77777778,1.94444444,75,1752,8760,
2584,2584,-34.67217145,148.6609139,15.8149784,0.63322427,0.03166121,16.44820266,16.95964514,0.56399514,0.02819976,17.52364027,0.41825824,47.39182,1,50.0,,,,1752,8760,Annual residential load is unavailable.
2585,2585,-34.60790641,148.55990601,15.76749635,0.65688776,0.03284439,16.42438412,17.42806928,0.56432101,0.02821605,17.99239029,0.43470094,43.11108,1,50.0,,,,1752,8760,Annual residential load is unavailable.
2586,2586,-34.32706278,148.78908461,15.27709569,0.59229151,0.02961458,15.8693872,17.42864352,0.51129825,0.02556491,17.93994177,0.44423133,79.7402,0,50.0,41.11111111,1.94444444,25,1752,8760,
2587,2587,-34.57018677,148.33215665,15.50855125,0.70246671,0.03512334,16.21101796,17.45891197,0.59576904,0.02978845,18.05468101,0.43011241,33.33432,1,50.0,46.66666667,1.38888889,10,1752,8760,
2588,2588,-34.51412834,148.11893006,15.31228647,0.7347428,0.03673714,16.04702927,17.41919377,0.60989566,0.03049478,18.02908943,0.43225466,37.32295,1,50.0,,,,1752,8760,Annual residential load is unavailable.
2590,2590,-34.69345391,147.9544587,15.66818726,0.81769003,0.0408845,16.48587729,18.11537736,0.67928253,0.03396413,18.79465988,0.4037424,27.10443,3,50.0,25.0,6.11111111,78,1752,8760,
2594,2594,-34.25821542,148.14142651,15.70802493,0.63557454,0.03177873,16.34359947,18.40660873,0.54405792,0.0272029,18.95066666,0.44874367,65.39209,0,50.0,47.77777778,1.94444444,117,1752,8760,
2600,2600,-35.30614236,149.11382218,13.93365964,0.61239634,0.03061982,14.54605598,16.18320773,0.51327526,0.02566376,16.69648299,,10.67415,6,50.0,30.83333333,5.83333333,288,1752,8760,No postcode zonal mean is available from the ΔT20 EBK prediction-standard-error raster.
2601,2601,-35.28166818,149.10465678,13.93174477,0.61778286,0.03088914,14.54952763,16.54546394,0.51252327,0.02562616,17.05798721,,9.39646,6,50.0,27.77777778,3.61111111,33,1752,8760,No postcode zonal mean is available from the ΔT20 EBK prediction-standard-error raster.
2602,2602,-35.24782446,149.14010245,14.04832272,0.60495511,0.03024776,14.65327783,16.7781546,0.51631025,0.02581551,17.29446485,0.34393764,13.06118,6,50.0,29.16666667,5.83333333,558,1752,8760,
2603,2603,-35.32821931,149.12626972,13.93320942,0.60940839,0.03047042,14.54261781,16.6576677,0.51335928,0.02566796,17.17102698,0.3469021,12.62618,6,50.0,31.94444444,7.22222222,126,1752,8760,
2604,2604,-35.33569792,149.14923843,13.97355413,0.60237647,0.03011882,14.57593061,16.4081974,0.5136963,0.02568482,16.9218937,,14.86448,6,50.0,30.27777778,5.83333333,149,1752,8760,No postcode zonal mean is available from the ΔT20 EBK prediction-standard-error raster.
2605,2605,-35.32569446,149.0783108,13.85003387,0.62751917,0.03137596,14.47755303,17.11681302,0.51162595,0.0255813,17.62843897,,8.74964,4,50.0,30.0,6.94444444,211,1752,8760,No postcode zonal mean is available from the ΔT20 EBK prediction-standard-error raster.
2606,2606,-35.34813118,149.09050556,13.82877076,0.62376012,0.03118801,14.45253088,17.4096552,0.51172055,0.02558603,17.92137576,,11.21116,4,50.0,32.22222222,5.27777778,112,1752,8760,No postcode zonal mean is available from the ΔT20 EBK prediction-standard-error raster.
2607,2607,-35.36855161,149.10108974,13.84428666,0.61948845,0.03097442,14.46377511,17.07376951,0.51151853,0.02557593,17.58528804,,13.50928,4,50.0,31.94444444,5.83333333,181,1752,8760,No postcode zonal mean is available from the ΔT20 EBK prediction-standard-error raster.
2609,2609,-35.27499267,149.19102273,14.00512408,0.59042607,0.0295213,14.59555015,16.27736337,0.51633005,0.0258165,16.79369342,0.35382316,17.23425,6,50.0,,,,1752,8760,Annual residential load is unavailable.
2611,2611,-35.4010275,148.77523845,10.83511227,0.70346597,0.0351733,11.53857824,12.85064937,0.49834859,0.02491743,13.34899796,0.36990227,24.61617,2,50.0,29.72222222,5.27777778,1732,1752,8760,
2612,2612,-35.28373827,149.14768297,14.00822205,0.60495421,0.03024771,14.61317626,16.71365438,0.51588809,0.0257944,17.22954248,,13.30808,6,50.0,28.88888889,5.55555556,187,1752,8760,No postcode zonal mean is available from the ΔT20 EBK prediction-standard-error raster.
2614,2614,-35.24165759,149.04272007,13.85702171,0.63546275,0.03177314,14.49248447,16.96160507,0.50720379,0.02536019,17.46880887,0.32496825,5.56135,2,50.0,30.27777778,5.55555556,263,1752,8760,
2615,2615,-35.2135799,149.02062194,13.82113345,0.63173157,0.03158658,14.45286502,16.83920948,0.51144231,0.02557212,17.3506518,,7.42429,2,50.0,30.27777778,4.72222222,866,1752,8760,No postcode zonal mean is available from the ΔT20 EBK prediction-standard-error raster.
2617,2617,-35.21780405,149.08088077,14.02021354,0.61676606,0.0308383,14.6369796,16.69658323,0.51202246,0.02560112,17.20860569,,9.88909,4,50.0,30.0,5.27777778,223,1752,8760,No postcode zonal mean is available from the ΔT20 EBK prediction-standard-error raster.
2618,2618,-35.09242547,149.10909919,14.20425032,0.60025808,0.0300129,14.8045084,16.18579603,0.52490249,0.02624512,16.71069853,0.35406122,13.7423,4,50.0,36.66666667,5.83333333,33,1752,8760,
2619,2619,-35.38336661,149.20123352,13.91851836,0.58574178,0.02928709,14.50426014,16.63537788,0.51287413,0.02564371,17.14825202,,21.57215,6,50.0,32.22222222,6.11111111,119,1752,8760,No postcode zonal mean is available from the ΔT20 EBK prediction-standard-error raster.
2620,2620,-35.57836338,149.24264713,12.35144634,0.59250726,0.02962536,12.9439536,14.31198148,0.51127776,0.02556389,14.82325924,0.35416635,18.99145,11,50.0,31.94444444,4.72222222,1637,1752,8760,
2621,2621,-35.34631192,149.44340246,13.56741292,0.51745622,0.02587281,14.08486914,14.20050398,0.51599894,0.02579995,14.71650293,0.34586305,28.04388,15,50.0,34.16666667,3.33333333,155,1752,8760,
2622,2622,-35.42098287,149.85496622,14.10884959,0.5023541,0.02511771,14.61120369,14.60678126,0.54503724,0.02725186,15.15181849,0.3259655,16.74041,13,50.0,38.05555556,4.44444444,100,1752,8760,
2623,2623,-35.57964444,149.42859287,13.42737032,0.48876296,0.02443815,13.91613327,13.15857815,0.51469606,0.0257348,13.67327421,0.32057624,2.92409,12,50.0,,,,1752,8760,Annual residential load is unavailable.
2624,2624,-36.32221882,148.42528054,9.70563436,0.56868484,0.02843424,10.2743192,9.24287266,0.61633963,0.03081698,9.8592123,0.35271224,13.97197,2,50.0,,,,1752,8760,Annual residential load is unavailable.
2625,2625,-36.50665498,148.3001459,8.91887093,,,,9.20830727,,,,,12.03212,2,50.0,,,,1752,8760,Annual residential load is unavailable. No postcode zonal mean is available from the ΔT20 EBK prediction-standard-error raster.
2626,2626,-35.91983681,149.16806328,12.00198121,0.60622196,0.0303111,12.60820317,15.14652552,0.53005469,0.02650273,15.67658021,0.34292561,18.46699,5,50.0,42.22222222,4.72222222,27,1752,8760,
2627,2627,-36.56948684,148.42243519,9.63692245,0.58431717,0.02921586,10.22123963,12.07938662,0.65063837,0.03253192,12.73002499,0.3687546,21.88812,2,50.0,81.11111111,3.61111111,407,1752,8760,
2628,2628,-36.83193292,148.54181771,10.39791477,0.63006668,0.03150333,11.02798145,14.5104719,0.62899725,0.03144986,15.13946915,0.37349024,52.76705,0,50.0,35.83333333,4.44444444,89,1752,8760,
2629,2629,-35.89472092,148.64931091,9.16533629,0.68742277,0.03437114,9.85275905,11.48986453,0.51190817,0.02559541,12.00177269,0.36163574,17.35666,1,50.0,90.55555556,0.83333333,21,1752,8760,
2630,2630,-36.23613536,149.15802722,12.10971806,0.66237015,0.03311851,12.77208821,14.30320718,0.5955908,0.02977954,14.89879798,0.35025629,5.91386,3,50.0,35.55555556,6.38888889,156,1752,8760,
2631,2631,-36.55926721,149.33931824,13.01131096,0.66401482,0.03320074,13.67532578,13.19781755,0.64249808,0.0321249,13.84031562,0.38462203,36.42146,1,50.0,,,,1752,8760,Annual residential load is unavailable.
2632,2632,-36.95442152,149.23166111,12.51585457,0.61357557,0.03067878,13.12943013,13.72233116,0.64518884,0.03225944,14.36752,0.39951607,75.44451,0,50.0,28.05555556,3.33333333,24,1752,8760,
2633,2633,-36.94667116,148.85109052,11.52736714,0.60571829,0.03028591,12.13308543,14.19800233,0.6495479,0.0324774,14.84755024,0.38931574,77.86009,0,50.0,,,,1752,8760,Annual residential load is unavailable.
2640,2640,-35.97040767,146.77174361,15.47143626,0.69356384,0.03467819,16.1650001,17.07501322,0.67198791,0.0335994,17.74700113,0.41834801,71.54134,0,50.0,25.27777778,6.11111111,1114,1752,8760,
2641,2641,-36.03027967,146.92472351,16.18644947,0.68894629,0.03444731,16.87539576,18.00892512,0.70947796,0.0354739,18.71840308,0.40666428,85.4414,0,50.0,24.72222222,6.11111111,262,1752,8760,
2642,2642,-36.16179838,148.19883596,14.25904104,0.64595688,0.03229784,14.90499792,15.28299673,0.62895242,0.03144762,15.91194915,0.39437389,27.86981,2,50.0,26.38888889,5.83333333,174,1752,8760,
2643,2643,-35.97889942,146.66256329,15.89969631,0.67873298,0.03393665,16.57842929,17.75094621,0.72146938,0.03607347,18.47241559,0.40673768,61.70413,0,50.0,25.27777778,5.55555556,33,1752,8760,
2644,2644,-35.71103703,147.44287899,15.24743224,0.72150501,0.03607525,15.96893725,16.67045215,0.62747913,0.03137396,17.29793128,0.42049746,86.60333,0,50.0,23.88888889,5.83333333,39,1752,8760,
2645,2645,-35.3156495,146.2533382,16.97181561,0.67595686,0.03379784,17.64777247,19.39515632,0.60415772,0.03020789,19.99931404,0.34128468,22.95094,6,50.0,,,,1752,8760,Annual residential load is unavailable.
2646,2646,-35.72585353,146.24535378,16.59003766,0.65241963,0.03262098,17.24245729,18.57287421,0.67177187,0.03358859,19.24464608,0.35453764,37.28861,1,50.0,24.16666667,6.38888889,47,1752,8760,
2647,2647,-35.92405627,146.04822262,16.44512313,0.66261589,0.03313079,17.10773902,18.42092928,0.71888258,0.03594413,19.13981185,0.2984149,9.01973,7,50.0,26.94444444,6.66666667,152,1752,8760,
2648,2648,-33.41809487,142.06595021,18.63198014,0.79843051,0.03992153,19.43041065,22.84339801,0.74228468,0.03711423,23.58568269,0.16949621,57.37412,0,50.0,17.5,10.83333333,56,1752,8760,
2649,2649,-35.79652076,148.29246932,10.61953161,0.77160055,0.03858003,11.39113216,11.89406133,0.53481523,0.02674076,12.42887656,0.39890153,51.26235,0,50.0,,,,1752,8760,Annual residential load is unavailable.
2650,2650,-35.18085259,147.38545616,16.14339849,0.77963939,0.03898197,16.92303788,18.27262442,0.62870794,0.0314354,18.90133237,0.40131139,31.73736,2,50.0,25.83333333,5.55555556,924,1752,8760,
2651,2651,-35.14608433,147.46333863,16.40050448,0.78962076,0.03948104,17.19012525,18.51059181,0.64119019,0.03205951,19.15178201,0.40622455,25.06831,2,50.0,24.44444444,4.44444444,29,1752,8760,
2652,2652,-33.92654649,145.74983821,17.08648913,0.85462375,0.04273119,17.94111287,19.96720939,0.70779217,0.03538961,20.67500156,0.4026989,37.57384,1,50.0,25.83333333,5.83333333,51,1752,8760,
2653,2653,-35.79292981,148.0369293,13.04567369,0.78491125,0.03924556,13.83058493,13.95346526,0.56440338,0.02822017,14.51786864,0.41088416,58.37391,0,50.0,37.77777778,3.88888889,25,1752,8760,
2655,2655,-35.26212332,147.07194978,16.5815466,0.57288888,0.02864444,17.15443549,18.72553321,0.62636593,0.0313183,19.35189914,0.41810545,57.7524,0,50.0,23.05555556,4.72222222,13,1752,8760,
2656,2656,-35.26185454,146.75410644,16.80304567,0.63049293,0.03152465,17.4335386,18.95535575,0.61594079,0.03079704,19.57129655,0.404102,67.98795,0,50.0,26.94444444,6.94444444,13,1752,8760,
2658,2658,-35.5021251,146.93871774,16.38941465,0.62526458,0.03126323,17.01467923,18.26817392,0.62246939,0.03112347,18.89064332,0.41844411,84.88132,0,50.0,23.05555556,5.27777778,33,1752,8760,
2659,2659,-35.70388281,146.85730019,16.31551584,0.67325825,0.03366291,16.9887741,18.03564705,0.65620172,0.03281009,18.69184877,0.4101633,85.13486,0,50.0,24.16666667,4.44444444,25,1752,8760,
2660,2660,-35.66792447,147.05540083,16.08483307,0.65953011,0.03297651,16.74436318,17.81734459,0.63255725,0.03162786,18.44990185,0.4216261,93.58274,0,50.0,26.94444444,6.11111111,26,1752,8760,
2661,2661,-35.1531087,147.2776192,16.49633271,0.69904798,0.0349524,17.19538069,18.99670115,0.63471991,0.031736,19.63142106,0.41665724,35.65482,2,50.0,,,,1752,8760,Annual residential load is unavailable.
2663,2663,-34.83082801,147.63360607,16.13263478,0.87636908,0.04381845,17.00900386,18.46185209,0.68251559,0.03412578,19.14436768,0.37109227,9.58137,2,50.0,24.72222222,5.55555556,50,1752,8760,
2665,2665,-34.27829702,146.80236539,17.23405738,0.81015161,0.04050758,18.04420899,20.2969809,0.58818967,0.02940948,20.88517058,0.40834914,35.50656,2,50.0,25.83333333,7.77777778,10,1752,8760,
2666,2666,-34.43012986,147.5909952,16.33895469,0.79729449,0.03986472,17.13624917,19.005854,0.60032741,0.03001637,19.6061814,0.41407125,34.99383,1,50.0,25.83333333,5.83333333,77,1752,8760,
2668,2668,-34.10774074,147.41877392,17.27501818,0.64613524,0.03230676,17.92115342,19.798265,0.48606263,0.02430313,20.28432764,0.41104571,29.87765,7,50.0,,,,1752,8760,Annual residential load is unavailable.
2669,2669,-33.70619512,146.61173604,17.84038536,0.66433814,0.03321691,18.5047235,21.271151,0.57259981,0.02862999,21.8437508,0.44088793,72.75893,0,50.0,,,,1752,8760,Annual residential load is unavailable.
2671,2671,-33.95756798,147.14702348,17.64883261,0.52764756,0.02638238,18.17648017,20.46169211,0.41648659,0.02082433,20.8781787,0.40185986,29.24923,6,50.0,18.33333333,4.44444444,76,1752,8760,
2672,2672,-33.37858372,146.32829561,18.25350458,0.78589212,0.03929461,19.0393967,21.96684927,0.6678812,0.03339406,22.63473047,0.4382421,36.22982,5,50.0,9.16666667,11.94444444,11,1752,8760,
2675,2675,-33.26677916,145.50203953,18.50985617,1.02370278,0.05118514,19.53355895,22.08242647,0.88313663,0.04415683,22.96556311,0.34770052,3.40202,18,50.0,,,,1752,8760,Annual residential load is unavailable.
2678,2678,-35.05889468,147.35453245,16.50367928,0.76893787,0.03844689,17.27261715,18.85156186,0.64588511,0.03229426,19.49744697,,23.63121,2,50.0,,,,1752,8760,Annual residential load is unavailable. No postcode zonal mean is available from the ΔT20 EBK prediction-standard-error raster.
2680,2680,-34.34848918,145.92178894,17.72318752,0.72715836,0.03635792,18.45034589,20.03620012,0.62591183,0.03129559,20.66211195,0.37275542,31.66747,4,50.0,16.66666667,8.88888889,501,1752,8760,
2681,2681,-34.15873814,146.17471736,17.67102178,0.72010204,0.0360051,18.39112382,20.46970785,0.65825337,0.03291267,21.12796122,0.41766249,43.37122,1,50.0,,,,1752,8760,Annual residential load is unavailable.
2700,2700,-34.84024602,146.40629327,17.32598501,0.7737289,0.03868645,18.09971392,19.85317383,0.56177653,0.02808883,20.41495036,0.35948205,37.0238,2,50.0,16.66666667,9.16666667,39,1752,8760,
2701,2701,-34.70157205,147.20167592,16.59106337,0.8991435,0.04495718,17.49020688,19.2238951,0.62665769,0.03133288,19.85055279,0.39984875,24.43703,2,50.0,23.61111111,5.83333333,43,1752,8760,
2702,2702,-34.80768349,147.01855702,16.73956591,0.83714034,0.04185702,17.57670625,19.35583385,0.61584241,0.03079212,19.97167626,0.40682072,40.40402,2,50.0,,,,1752,8760,Annual residential load is unavailable.
2703,2703,-34.62489477,146.40185421,17.72567269,0.75982188,0.03799109,18.48549457,19.49596298,0.56539057,0.02826953,20.06135355,0.35421255,22.63861,2,50.0,,,,1752,8760,Annual residential load is unavailable.
2705,2705,-34.49463216,146.3112045,17.70132799,0.65989075,0.03299454,18.36121875,19.67318779,0.57541461,0.02877073,20.24860239,0.3493397,14.48696,2,50.0,16.38888889,8.61111111,109,1752,8760,
2706,2706,-34.62164803,145.86834952,17.70732574,0.73440265,0.03672013,18.44172839,19.93136069,0.52177345,0.02608867,20.45313414,0.33744254,18.30688,4,50.0,17.5,12.5,17,1752,8760,
2707,2707,-34.80721148,145.83477609,17.60772225,0.72619294,0.03630965,18.33391519,19.84045022,0.44940955,0.02247048,20.28985977,0.31821894,3.41543,4,50.0,,,,1752,8760,Annual residential load is unavailable.
2710,2710,-35.28133206,144.91952201,17.29363567,0.55081193,0.0275406,17.8444476,19.77680071,0.38510755,0.01925538,20.16190826,0.29476235,28.74714,5,50.0,15.27777778,10.0,147,1752,8760,
2711,2711,-34.15540494,144.59740382,18.39731613,0.76046571,0.03802329,19.15778185,21.3920246,0.69119197,0.0345596,22.08321657,0.33491846,72.88859,0,50.0,,,,1752,8760,Annual residential load is unavailable.
2712,2712,-35.70847502,145.83147926,16.7230615,0.62295605,0.0311478,17.34601755,18.76504964,0.66504288,0.03325214,19.43009252,0.30122708,33.00669,15,50.0,24.72222222,5.55555556,14,1752,8760,
2713,2713,-35.57586511,145.59024343,16.87322596,0.57221472,0.02861074,17.44544068,18.78586346,0.39119556,0.01955978,19.17705902,0.27173995,13.67822,17,50.0,15.83333333,9.16666667,51,1752,8760,
2714,2714,-35.75706146,145.31895553,16.70918949,0.60659004,0.0303295,17.31577953,18.71840816,0.45678149,0.02283907,19.17518966,0.25289081,7.07535,16,50.0,15.83333333,9.16666667,109,1752,8760,
2715,2715,-33.78065718,142.74059049,18.42682672,0.75260051,0.03763003,19.17942722,21.9779219,0.68448024,0.03422401,22.66240213,0.20933168,74.27375,0,50.0,16.11111111,9.16666667,11,1752,8760,
2716,2716,-35.1528521,145.71646749,17.33285809,0.65997982,0.03299899,17.99283791,19.87242951,0.48982835,0.02449142,20.36225787,0.31435879,26.52359,10,50.0,14.16666667,9.16666667,13,1752,8760,
2717,2717,-34.0888965,142.09731459,18.13253835,1.01074558,0.05053728,19.14328393,21.69942702,0.99224145,0.04961207,22.69166846,0.12919584,9.7508,5,50.0,18.61111111,4.44444444,13,1752,8760,
2720,2720,-35.44129362,148.37359036,12.000093,0.88844261,0.04442213,12.88853561,13.57444419,0.5048753,0.02524376,14.07931949,0.37344086,19.17836,2,50.0,38.33333333,3.88888889,139,1752,8760,
2721,2721,-34.01513787,147.69471565,17.49891003,0.57198894,0.02859945,18.07089896,19.63327455,0.46480657,0.02324033,20.09808113,0.42085458,31.28951,6,50.0,,,,1752,8760,Annual residential load is unavailable.
2722,2722,-34.96499751,147.99904775,15.81719933,0.93246124,0.04662306,16.74966057,18.00781383,0.63045678,0.03152284,18.63827061,0.36965936,21.69658,5,50.0,24.44444444,6.11111111,78,1752,8760,
2725,2725,-34.46599892,147.86468401,15.77588242,0.75529414,0.03776471,16.53117656,18.62196078,0.6274795,0.03137398,19.24944028,0.42854587,50.75946,0,50.0,,,,1752,8760,Annual residential load is unavailable.
2726,2726,-34.7946202,148.3359926,15.77936076,0.7633881,0.03816941,16.54274886,17.98206467,0.66282467,0.03314123,18.64488933,0.38815176,14.73386,2,50.0,,,,1752,8760,Annual residential load is unavailable.
2727,2727,-35.04150099,148.44035343,15.57671775,0.82510305,0.04125515,16.4018208,16.87322692,0.61962462,0.03098123,17.49285153,0.37274726,25.12838,3,50.0,,,,1752,8760,Annual residential load is unavailable.
2729,2729,-35.2986421,148.04227851,15.16862239,1.01115514,0.05055776,16.17977753,17.30770811,0.56302708,0.02815135,17.87073518,0.38439948,19.26442,2,50.0,26.66666667,7.77777778,17,1752,8760,
2730,2730,-35.54624795,148.07691134,13.46242081,0.92199127,0.04609956,14.38441209,13.54508065,0.53572496,0.02678625,14.08080561,0.39915616,31.88475,2,50.0,,,,1752,8760,Annual residential load is unavailable.
2731,2731,-35.89521033,144.65537902,16.63561866,0.61404029,0.03070201,17.24965895,18.85118344,0.59416323,0.02970816,19.44534667,0.32051698,30.243,3,50.0,14.72222222,9.44444444,781,1752,8760,
2732,2732,-35.48195253,144.18532946,17.13828193,0.59609756,0.02980488,17.73437949,19.38190575,0.46571786,0.02328589,19.84762362,0.2983565,33.96049,1,50.0,15.55555556,11.38888889,63,1752,8760,
2733,2733,-35.04035563,144.15824695,17.57290469,0.5620313,0.02810157,18.134936,20.40904906,0.4277511,0.02138755,20.83680016,0.27997595,33.21335,1,50.0,,,,1752,8760,Annual residential load is unavailable.
2734,2734,-35.14140895,143.73974026,17.28772422,0.64060468,0.03203023,17.9283289,20.31550277,0.50327839,0.02516392,20.81878116,0.26524468,36.04799,1,50.0,16.38888889,13.33333333,15,1752,8760,
2735,2735,-35.15778878,143.49336141,17.15951299,0.67678399,0.0338392,17.83629698,20.35267757,0.54196957,0.02709848,20.89464714,0.2459484,44.31234,1,50.0,,,,1752,8760,Annual residential load is unavailable.
2736,2736,-34.98139516,143.35844945,17.30897919,0.69624723,0.03481236,18.00522642,20.47393115,0.57454723,0.02872736,21.04847838,0.20227557,38.23383,2,50.0,,,,1752,8760,Annual residential load is unavailable.
2737,2737,-34.25454654,143.0359421,18.0016298,0.82972456,0.04148623,18.83135436,21.42839934,0.78091396,0.0390457,22.2093133,0.18056949,61.10206,0,50.0,18.05555556,9.44444444,30,1752,8760,
2738,2738,-34.23882512,142.51449159,18.09811697,0.92362644,0.04618132,19.02174341,21.68429556,0.90014113,0.04500706,22.5844367,0.15988405,25.5033,4,50.0,17.5,7.22222222,197,1752,8760,
2739,2739,-34.15723388,142.10213885,18.07973273,1.02751581,0.05137579,19.10724854,21.34475091,1.01979122,0.05098956,22.36454213,,2.34933,5,50.0,17.22222222,7.77777778,53,1752,8760,No postcode zonal mean is available from the ΔT20 EBK prediction-standard-error raster.
2745,2745,-33.86328189,150.66662817,17.78827836,0.54015514,0.02700776,18.3284335,18.70207743,0.52367589,0.02618379,19.22575333,0.08427116,1.40897,177,50.0,12.77777778,10.27777778,353,1752,8760,
2747,2747,-33.73094551,150.73649433,18.39903287,0.48520431,0.02426022,18.88423718,19.75102569,0.52061658,0.02603083,20.27164227,,7.36818,162,50.0,12.5,10.0,1539,1752,8760,No postcode zonal mean is available from the ΔT20 EBK prediction-standard-error raster.
2748,2748,-33.80829236,150.7304287,18.20594961,0.53355948,0.02667797,18.73950909,19.23953167,0.53049535,0.02652477,19.77002703,0.08413766,9.13698,192,50.0,10.55555556,6.38888889,28,1752,8760,
2749,2749,-33.69328563,150.68867559,18.40000314,0.47728083,0.02386404,18.87728397,19.48968995,0.52138924,0.02606946,20.01107919,0.08402925,5.99403,138,50.0,12.22222222,9.44444444,107,1752,8760,
2750,2750,-33.75251323,150.67846642,18.27266132,0.49415047,0.02470752,18.76681178,20.29327265,0.5177588,0.02588794,20.81103145,,12.05853,151,50.0,11.66666667,8.88888889,782,1752,8760,No postcode zonal mean is available from the ΔT20 EBK prediction-standard-error raster.
2752,2752,-33.92509606,150.59245045,17.0963168,0.52153872,0.02607694,17.61785552,17.97612596,0.51346002,0.025673,18.48958599,,6.87061,182,50.0,12.22222222,9.16666667,410,1752,8760,No postcode zonal mean is available from the ΔT20 EBK prediction-standard-error raster.
2753,2753,-33.61670436,150.69351499,17.91519812,0.48477108,0.02423855,18.3999692,18.45118917,0.53149871,0.02657494,18.98268788,0.08390449,2.83469,94,50.0,11.94444444,8.33333333,204,1752,8760,
2754,2754,-33.56977975,150.7238745,17.74851185,0.50974903,0.02548745,18.25826088,18.66928871,0.5373334,0.02686667,19.20662211,0.08462477,8.7608,83,50.0,12.77777778,9.44444444,443,1752,8760,
2756,2756,-33.30084726,150.76361995,16.62632399,0.58432722,0.02921636,17.21065121,17.96325578,0.57020091,0.02851005,18.53345669,0.08785692,17.35023,41,50.0,12.77777778,9.44444444,329,1752,8760,
2757,2757,-33.55309811,150.68778545,17.62368117,0.51346091,0.02567305,18.13714209,18.57246132,0.53709675,0.02685484,19.10955807,,6.95751,83,50.0,13.33333333,9.44444444,48,1752,8760,No postcode zonal mean is available from the ΔT20 EBK prediction-standard-error raster.
2758,2758,-33.4857051,150.62062036,16.60526909,0.51303956,0.02565198,17.11830865,17.11255379,0.53559388,0.02677969,17.64814767,0.08737697,4.57983,51,50.0,13.05555556,9.72222222,128,1752,8760,
2759,2759,-33.80574579,150.79171325,18.27071597,0.53807698,0.02690385,18.80879295,20.08388419,0.53194857,0.02659743,20.61583276,0.08426265,8.79519,194,50.0,10.83333333,9.16666667,159,1752,8760,
2760,2760,-33.76080635,150.78121007,18.36518097,0.50424973,0.02521249,18.8694307,20.44424411,0.52881642,0.02644082,20.97306053,,8.86393,181,50.0,11.94444444,9.44444444,683,1752,8760,No postcode zonal mean is available from the ΔT20 EBK prediction-standard-error raster.
2761,2761,-33.73925352,150.84837723,18.36907005,0.49190184,0.02459509,18.86097189,20.60290413,0.52797671,0.02639884,21.13088084,,7.54868,169,50.0,12.5,10.83333333,464,1752,8760,No postcode zonal mean is available from the ΔT20 EBK prediction-standard-error raster.
2762,2762,-33.699844,150.87436213,18.34006674,0.48236467,0.02411823,18.82243141,19.17883873,0.53136774,0.02656839,19.71020647,,6.2176,148,50.0,12.5,10.55555556,1184,1752,8760,No postcode zonal mean is available from the ΔT20 EBK prediction-standard-error raster.
2763,2763,-33.72704759,150.88807108,18.33322859,0.49546873,0.02477344,18.82869732,20.49863988,0.52586503,0.02629325,21.02450491,0.08472229,8.87516,168,50.0,12.5,10.27777778,551,1752,8760,
2765,2765,-33.65169371,150.85658398,18.24392365,0.4739867,0.02369934,18.71791036,18.89261513,0.52624946,0.02631247,19.41886459,0.08479057,4.91115,135,50.0,12.77777778,10.27777778,10414,1752,8760,
2766,2766,-33.80839297,150.84976209,18.33457777,0.53167846,0.02658392,18.86625623,20.20036197,0.53082388,0.02654119,20.73118585,,6.6874,186,50.0,11.94444444,9.16666667,109,1752,8760,No postcode zonal mean is available from the ΔT20 EBK prediction-standard-error raster.
2767,2767,-33.76506021,150.87170839,18.36891556,0.5131593,0.02565797,18.88207486,20.57453698,0.52719425,0.02635971,21.10173123,,11.09886,176,50.0,11.38888889,10.27777778,178,1752,8760,No postcode zonal mean is available from the ΔT20 EBK prediction-standard-error raster.
2768,2768,-33.72821844,150.93016481,18.28564587,0.50549152,0.02527458,18.79113739,20.95744769,0.52287754,0.02614388,21.48032522,,8.10359,150,50.0,12.5,12.5,36,1752,8760,No postcode zonal mean is available from the ΔT20 EBK prediction-standard-error raster.
2769,2769,-33.70544126,150.9053635,18.29428244,0.49450751,0.02472538,18.78878995,19.89538511,0.52708968,0.02635448,20.42247478,,9.10925,146,50.0,12.5,10.83333333,230,1752,8760,No postcode zonal mean is available from the ΔT20 EBK prediction-standard-error raster.
2770,2770,-33.75575,150.81370618,18.37232552,0.50086851,0.02504343,18.87319403,20.77373695,0.52918026,0.02645901,21.30291722,0.08370262,8.57067,183,50.0,10.83333333,8.61111111,348,1752,8760,
2773,2773,-33.76544715,150.62747462,17.8478148,0.49166328,0.02458316,18.33947808,18.52043343,0.51659287,0.02582964,19.03702629,,10.62867,151,50.0,12.22222222,10.0,62,1752,8760,No postcode zonal mean is available from the ΔT20 EBK prediction-standard-error raster.
2774,2774,-33.73290056,150.61831204,17.80188633,0.48203715,0.02410186,18.28392348,17.78888702,0.51637077,0.02581854,18.30525779,0.08484156,11.48908,146,50.0,12.5,9.72222222,95,1752,8760,
2775,2775,-33.27998995,150.9952404,17.33148302,0.60326795,0.0301634,17.93475097,18.13032169,0.57734312,0.02886716,18.70766481,0.08644541,9.24726,92,50.0,12.22222222,9.44444444,22,1752,8760,
2776,2776,-33.68371187,150.5538413,16.9857424,0.46454514,0.02322726,17.45028754,16.87969953,0.52219853,0.02610993,17.40189807,,11.73631,116,50.0,38.05555556,5.0,29,1752,8760,No postcode zonal mean is available from the ΔT20 EBK prediction-standard-error raster.
2777,2777,-33.69171934,150.60673547,17.67615176,0.47403402,0.0237017,18.15018578,17.59116394,0.52031418,0.02601571,18.11147812,,8.23031,145,50.0,11.38888889,9.72222222,94,1752,8760,No postcode zonal mean is available from the ΔT20 EBK prediction-standard-error raster.
2778,2778,-33.72146318,150.48903478,16.12704091,0.45348418,0.02267421,16.58052509,16.06729368,0.5142929,0.02571465,16.58158658,0.08885159,18.99186,139,50.0,37.77777778,5.0,20,1752,8760,
2779,2779,-33.72833506,150.45566292,15.64765724,0.44536945,0.02226847,16.09302668,15.72027375,0.51454499,0.02572725,16.23481874,,22.07635,132,50.0,34.44444444,4.72222222,20,1752,8760,No postcode zonal mean is available from the ΔT20 EBK prediction-standard-error raster.
2780,2780,-33.7030387,150.33336724,13.68573366,0.41228241,0.02061412,14.09801607,14.36183357,0.49879675,0.02493984,14.86063032,,21.80877,70,50.0,38.33333333,5.55555556,214,1752,8760,No postcode zonal mean is available from the ΔT20 EBK prediction-standard-error raster.
2782,2782,-33.7048402,150.3655169,14.56947264,0.42308259,0.02115413,14.99255524,15.01334572,0.51264127,0.02563206,15.52598699,,22.80038,76,50.0,34.44444444,4.44444444,98,1752,8760,No postcode zonal mean is available from the ΔT20 EBK prediction-standard-error raster.
2783,2783,-33.71979376,150.43405582,15.33642115,0.43759617,0.02187981,15.77401732,15.57341194,0.51359068,0.02567953,16.08700263,,23.49427,116,50.0,38.88888889,4.72222222,30,1752,8760,No postcode zonal mean is available from the ΔT20 EBK prediction-standard-error raster.
2784,2784,-33.72922227,150.41766208,15.15777111,0.4364626,0.02182313,15.59423371,15.35397639,0.51343763,0.02567188,15.86741401,0.09159935,25.29987,116,50.0,,,,1752,8760,Annual residential load is unavailable.
2785,2785,-33.70067146,150.23596728,13.12652405,0.41993013,0.02099651,13.54645418,15.48701952,0.48602011,0.02430101,15.97303964,0.09645154,21.55653,31,50.0,28.05555556,6.66666667,113,1752,8760,
2786,2786,-33.5804213,150.24807762,13.86619827,0.36262102,0.01813105,14.22881929,14.47914345,0.51218413,0.02560921,14.99132758,0.09462535,8.42371,26,50.0,38.61111111,5.0,30,1752,8760,
2787,2787,-34.0775004,150.136882,13.76036097,0.47893032,0.02394652,14.23929129,15.03767799,0.50816524,0.02540826,15.54584323,0.14173388,32.75835,18,50.0,52.22222222,2.22222222,84,1752,8760,
2790,2790,-33.45839187,150.19388268,13.37043972,0.45405312,0.02270266,13.82449284,14.85155558,0.5318212,0.02659106,15.38337678,0.15513611,10.27029,20,50.0,58.33333333,1.94444444,281,1752,8760,
2791,2791,-33.58910029,149.10398294,13.48378427,0.5234983,0.02617492,14.00728258,16.40156126,0.50992804,0.0254964,16.9114893,0.27637406,39.81372,3,50.0,,,,1752,8760,Annual residential load is unavailable.
2792,2792,-33.61516093,148.98253101,14.16763343,0.50022906,0.02501145,14.66786249,17.31978074,0.50673206,0.0253366,17.82651279,0.38596427,50.82077,0,50.0,,,,1752,8760,Annual residential load is unavailable.
2793,2793,-33.80452241,148.9195579,14.84480066,0.52876388,0.02643819,15.37356454,17.75783939,0.48440494,0.02422025,18.24224433,0.41022455,65.75823,0,50.0,,,,1752,8760,Annual residential load is unavailable.
2794,2794,-33.83984704,148.61482981,15.90449653,0.56674879,0.02833744,16.47124532,18.46480285,0.48739795,0.0243699,18.9522008,0.46419822,92.90745,0,50.0,17.77777778,5.27777778,101,1752,8760,
2795,2795,-33.51305185,149.5632388,13.6004688,0.54602425,0.02730121,14.14649305,15.70007034,0.55683806,0.0278419,16.25690839,0.25166072,6.20153,3,50.0,47.22222222,1.66666667,599,1752,8760,
2797,2797,-33.76708199,149.04733535,14.17295653,0.50621911,0.02531096,14.67917564,16.44794376,0.48809684,0.02440484,16.9360406,0.38652363,53.27407,0,50.0,,,,1752,8760,Annual residential load is unavailable.
2798,2798,-33.45725991,149.08720259,13.0865809,0.53303128,0.02665156,13.61961218,14.81727446,0.52399115,0.02619956,15.34126561,0.30707196,34.97806,3,50.0,47.5,2.5,38,1752,8760,
2799,2799,-33.47528723,149.32979925,13.42703302,0.54683429,0.02734171,13.9738673,15.0669374,0.55213846,0.02760692,15.61907586,0.25958264,15.55027,3,50.0,44.44444444,1.66666667,82,1752,8760,
2800,2800,-33.28380703,149.05265409,14.01505138,0.53587161,0.02679358,14.55092299,16.43651758,0.52870656,0.02643533,16.96522414,0.34815692,38.66543,1,50.0,50.0,2.22222222,786,1752,8760,
2803,2803,-34.14171434,148.44811375,15.53885636,0.59245983,0.02962299,16.1313162,17.97780401,0.49770035,0.02488502,18.47550436,0.46618827,81.79948,0,50.0,,,,1752,8760,Annual residential load is unavailable.
2804,2804,-33.54446849,148.63636525,15.56193011,0.51028581,0.02551429,16.07221591,18.79419169,0.49603939,0.02480197,19.29023108,0.43551859,77.8886,0,50.0,20.83333333,5.27777778,20,1752,8760,
2805,2805,-33.66353961,148.4281694,16.12635301,0.52932902,0.02646645,16.65568203,18.90409414,0.46985872,0.02349294,19.37395286,0.44435808,91.97464,0,50.0,,,,1752,8760,Annual residential load is unavailable.
2806,2806,-33.41170709,148.35361925,16.27377155,0.50217119,0.02510856,16.77594274,19.56585289,0.44884884,0.02244244,20.01470173,0.43189913,92.47889,0,50.0,,,,1752,8760,Annual residential load is unavailable.
2807,2807,-34.00595917,148.51871728,15.83769071,0.58750806,0.0293754,16.42519877,18.38886236,0.49273011,0.02463651,18.88159247,0.46921302,98.15128,0,50.0,,,,1752,8760,Annual residential load is unavailable.
2808,2808,-33.97973684,148.94506329,14.99901091,0.54487957,0.02724398,15.54389047,18.60747279,0.48774532,0.02438727,19.09521811,0.43817167,73.76198,0,50.0,,,,1752,8760,Annual residential load is unavailable.
2809,2809,-34.02930697,148.38875152,15.70582454,0.56969747,0.02848487,16.27552201,18.36471359,0.51323161,0.02566158,18.87794519,0.4671603,89.7657,0,50.0,,,,1752,8760,Annual residential load is unavailable.
2810,2810,-33.84979784,148.0025701,16.73659483,0.53372275,0.02668614,17.27031758,19.40770763,0.45098425,0.02254921,19.85869188,0.44446819,51.13218,0,50.0,15.83333333,4.72222222,22,1752,8760,
2817,2817,-31.42193652,148.8727714,17.86104235,0.62503473,0.03125174,18.48607707,21.18264375,0.44655053,0.02232753,21.62919429,0.23768079,11.51025,25,50.0,,,,1752,8760,Annual residential load is unavailable.
2818,2818,-32.44691457,148.76400159,17.74382828,0.68601813,0.03430091,18.42984641,19.72913575,0.4620997,0.02310499,20.19123545,0.27131501,25.60797,5,50.0,,,,1752,8760,Annual residential load is unavailable.
2820,2820,-32.56362485,148.99765685,17.10857406,0.67091609,0.0335458,17.77949015,19.26095187,0.52897882,0.02644894,19.78993069,0.29769873,42.98311,4,50.0,18.88888889,5.27777778,78,1752,8760,
2821,2821,-32.31266556,148.08201291,18.68944244,0.68801815,0.03440091,19.37746059,21.0280653,0.4043685,0.02021842,21.43243379,0.23104917,3.74959,39,50.0,18.33333333,6.94444444,43,1752,8760,
2822,2822,-31.96778925,148.66113558,18.1285097,0.6704188,0.03352094,18.7989285,21.12166062,0.42168283,0.02108414,21.54334345,0.25378522,23.18573,7,50.0,,,,1752,8760,Annual residential load is unavailable.
2823,2823,-32.00492245,147.93092729,18.8860669,0.67880994,0.0339405,19.56487684,21.38518638,0.42133538,0.02106677,21.80652176,0.20783023,12.32559,47,50.0,,,,1752,8760,Annual residential load is unavailable.
2824,2824,-31.41314682,147.84824622,19.52116001,0.59643435,0.02982172,20.11759437,22.42129394,0.44139586,0.02206979,22.8626898,0.05041752,4.20437,81,50.0,,,,1752,8760,Annual residential load is unavailable.
2825,2825,-31.67256591,147.09843822,19.64878978,0.51964047,0.02598202,20.16843025,22.67125923,0.37969848,0.01898492,23.05095771,0.17985467,46.13578,7,50.0,19.44444444,3.61111111,24,1752,8760,
2826,2826,-31.92997023,147.58046837,19.23460873,0.6347882,0.03173941,19.86939694,21.98748515,0.40676623,0.02033831,22.39425139,0.20046421,33.85123,23,50.0,,,,1752,8760,Annual residential load is unavailable.
2827,2827,-31.65603725,148.56615667,18.34670995,0.64582523,0.03229126,18.99253518,21.51272669,0.42149008,0.0210745,21.93421677,0.20810086,27.80652,13,50.0,16.66666667,5.0,33,1752,8760,
2828,2828,-31.27933132,148.5305677,18.554701,0.60822187,0.03041109,19.16292287,22.31624395,0.42451223,0.02122561,22.74075618,0.17562828,6.24899,87,50.0,,,,1752,8760,Annual residential load is unavailable.
2829,2829,-30.78834506,148.36381885,19.35322765,0.65681223,0.03284061,20.01003987,23.19308989,0.5028014,0.02514007,23.69589128,0.10620661,0.40189,183,50.0,18.33333333,4.44444444,21,1752,8760,
2830,2830,-32.20131582,148.62948394,18.03361368,0.67900563,0.03395028,18.71261931,20.10323345,0.4235174,0.02117587,20.52675084,0.25068962,4.51202,18,50.0,18.88888889,4.72222222,927,1752,8760,
2831,2831,-30.91740971,147.04033613,19.92688687,0.61759616,0.03087981,20.54448302,23.15293002,0.45832803,0.0229164,23.61125805,0.19368296,9.42243,32,50.0,11.11111111,10.83333333,19,1752,8760,
2832,2832,-29.94854631,148.0387004,20.51716883,0.66095216,0.03304761,21.17812099,24.1656105,0.52785626,0.02639281,24.69346676,0.10745874,6.68941,48,50.0,9.16666667,12.77777778,15,1752,8760,
2833,2833,-29.38328216,148.55481317,21.1647367,0.69757554,0.03487878,21.86231223,24.46486171,0.60697626,0.03034881,25.07183797,0.13303593,4.7515,24,50.0,,,,1752,8760,Annual residential load is unavailable.
2834,2834,-29.26967414,147.9875774,21.54479183,0.63129022,0.03156451,22.17608205,24.81979945,0.55018212,0.02750911,25.36998157,0.06975844,2.41979,32,50.0,10.0,12.22222222,12,1752,8760,
2835,2835,-31.69719384,145.36088659,19.6142869,0.62370631,0.03118532,20.2379932,23.50258322,0.53019769,0.02650988,24.03278091,0.34593855,50.91225,0,50.0,9.72222222,8.61111111,18,1752,8760,
2836,2836,-30.91070597,143.4226147,20.66389613,0.75981824,0.03799091,21.42371437,24.65703834,0.62831512,0.03141576,25.28535346,0.21578278,30.31142,13,50.0,,,,1752,8760,Annual residential load is unavailable.
2838,2838,-29.24843185,147.41571256,21.49863457,0.67588648,0.03379432,22.17452105,24.9853186,0.57166221,0.02858311,25.55698081,0.07338012,7.49745,43,50.0,,,,1752,8760,Annual residential load is unavailable.
2839,2839,-29.80873015,146.89443797,21.00406766,0.74265365,0.03713268,21.7467213,24.52364857,0.54372921,0.02718646,25.06737778,0.11167332,32.59225,20,50.0,,,,1752,8760,Annual residential load is unavailable.
2840,2840,-29.91807387,144.84494153,21.17623139,0.8403727,0.04201863,22.01660409,25.20100444,0.65637195,0.0328186,25.85737639,0.16922168,7.3233,58,50.0,10.55555556,8.05555556,12,1752,8760,
2842,2842,-31.75736504,149.10846383,17.69409559,0.69687659,0.03484383,18.39097218,19.57249125,0.55278163,0.02763908,20.12527288,0.26684207,26.57998,7,50.0,,,,1752,8760,Annual residential load is unavailable.
2843,2843,-31.79269673,149.75984226,17.63508963,0.74076396,0.0370382,18.37585359,18.23041881,0.69777923,0.03488896,18.92819804,0.17926778,8.15777,32,50.0,,,,1752,8760,Annual residential load is unavailable.
2844,2844,-32.03639247,149.34924235,17.62206369,0.70185248,0.03509262,18.32391616,19.13592314,0.61203773,0.03060189,19.74796087,0.27281597,34.22956,5,50.0,,,,1752,8760,Annual residential load is unavailable.
2845,2845,-33.42041979,150.05004434,12.92080648,0.43608826,0.02180441,13.35689473,14.65866432,0.51531413,0.02576571,15.17397845,0.21749738,23.99859,3,50.0,57.5,1.66666667,31,1752,8760,
2846,2846,-33.11537748,150.03992351,13.58237612,0.53906494,0.02695325,14.12144106,16.78831217,0.63377145,0.03168857,17.42208362,0.17209216,40.71698,3,50.0,,,,1752,8760,Annual residential load is unavailable.
2847,2847,-33.35654337,149.97284275,13.11731294,0.48541765,0.02427088,13.60273059,14.76727026,0.53087502,0.02654375,15.29814527,0.2191371,33.66671,4,50.0,58.33333333,1.38888889,47,1752,8760,
2848,2848,-32.9291288,149.96818789,13.6433586,0.58587057,0.02929353,14.22922917,16.5806545,0.67770067,0.03388503,17.25835518,0.25085367,36.3686,4,50.0,,,,1752,8760,Annual residential load is unavailable.
2849,2849,-32.73306184,150.12669598,13.93242982,0.6029207,0.03014604,14.53535053,17.02422619,0.71720812,0.03586041,17.74143431,0.17906558,18.21825,10,50.0,52.22222222,2.77777778,18,1752,8760,
2850,2850,-32.63265501,149.6372817,15.66055021,0.66897531,0.03344877,16.32952552,17.57260978,0.67741186,0.03387059,18.25002165,0.25317315,10.86093,12,50.0,51.38888889,1.94444444,423,1752,8760,
2852,2852,-32.28215417,149.45977114,17.26055473,0.71125004,0.0355625,17.97180477,18.6922003,0.66559056,0.03327953,19.35779086,0.25808911,28.14031,11,50.0,20.0,8.33333333,12,1752,8760,
2864,2864,-33.33477048,148.67563336,15.32930963,0.54112901,0.02705645,15.87043864,18.80985769,0.44614889,0.02230744,19.25600657,0.39570994,72.33433,0,50.0,17.22222222,5.0,12,1752,8760,
2865,2865,-33.15969861,148.63117178,15.87229542,0.57790362,0.02889518,16.45019904,18.10377573,0.44140095,0.02207005,18.54517668,0.35040708,80.20083,0,50.0,46.38888889,1.38888889,11,1752,8760,
2866,2866,-33.08074837,148.84838399,15.36876209,0.589258,0.0294629,15.9580201,17.95890881,0.51316548,0.02565827,18.4720743,0.34986305,65.31452,0,50.0,45.83333333,1.66666667,25,1752,8760,
2867,2867,-32.95431669,148.60689662,16.85505824,0.61142259,0.03057113,17.46648084,18.25097928,0.44207303,0.02210365,18.69305231,0.31888017,79.9708,0,50.0,,,,1752,8760,Annual residential load is unavailable.
2868,2868,-32.73120515,148.57139009,17.54674979,0.64325609,0.0321628,18.19000588,18.79165873,0.44026196,0.0220131,19.23192069,0.30478405,55.5825,0,50.0,,,,1752,8760,Annual residential load is unavailable.
2869,2869,-32.6491884,148.11634758,18.7311412,0.61356477,0.03067824,19.34470597,20.78800615,0.34252213,0.01712611,21.13052828,0.30698098,32.25774,27,50.0,,,,1752,8760,Annual residential load is unavailable.
2870,2870,-33.09889681,148.22062604,17.17160448,0.55313374,0.02765669,17.72473821,19.61370521,0.38574616,0.01928731,19.99945137,0.36626408,80.50732,0,50.0,18.88888889,5.55555556,152,1752,8760,
2871,2871,-33.47450938,147.80378825,17.32055812,0.44071628,0.02203581,17.76127441,20.16060867,0.36272837,0.01813642,20.52333704,0.39851676,46.62179,1,50.0,17.22222222,5.83333333,156,1752,8760,
2873,2873,-32.28639079,147.21919,19.02671492,0.56198075,0.02809904,19.58869567,22.01557011,0.33165912,0.01658296,22.34722923,0.34954555,43.93455,2,50.0,,,,1752,8760,Annual residential load is unavailable.
2874,2874,-32.56302316,147.60805519,18.7271979,0.59686729,0.02984336,19.32406519,21.24356732,0.31723191,0.0158616,21.56079923,0.3095482,27.19289,22,50.0,,,,1752,8760,Annual residential load is unavailable.
2875,2875,-32.91591956,147.60905899,18.20799931,0.51496164,0.02574808,18.72296095,21.09467733,0.27789382,0.01389469,21.37257116,0.3416828,43.52323,1,50.0,,,,1752,8760,Annual residential load is unavailable.
2876,2876,-33.14524176,147.81599446,17.70313716,0.4783788,0.02391894,18.18151596,20.61179981,0.3315909,0.01657954,20.94339071,0.38016202,42.72607,1,50.0,,,,1752,8760,Annual residential load is unavailable.
2877,2877,-32.79304493,146.56221415,18.5590796,0.61130812,0.03056541,19.17038772,21.84687699,0.50966834,0.02548342,22.35654533,0.42293435,77.32183,0,50.0,7.77777778,11.38888889,24,1752,8760,
2878,2878,-32.78279996,144.20055209,19.32453654,0.77269796,0.0386349,20.0972345,23.57863397,0.68524086,0.03426204,24.26387483,0.26610586,16.07713,1,50.0,,,,1752,8760,Annual residential load is unavailable.
2879,2879,-32.44162859,142.7190939,19.5717889,0.58618795,0.0293094,20.15797686,23.49976754,0.50140827,0.02507041,24.00117581,0.18791879,40.77127,2,50.0,,,,1752,8760,Annual residential load is unavailable.
2880,2880,-30.81164684,141.81992984,20.4399028,0.75927993,0.037964,21.19918272,24.16379902,0.67781936,0.03389097,24.84161838,0.22211841,17.45031,16,50.0,8.88888889,10.83333333,80,1752,8760,
2898,2898,-31.56355653,159.08830843,,,,,,,,,,601.08902,0,50.0,,,,,,Annual residential load is unavailable. Representative-hour air-temperature data are unavailable. No postcode zonal mean is available from the ΔT20 EBK prediction-standard-error raster.
2899,2899,-29.03265566,167.95240095,,,,,,,,,,1411.58498,0,50.0,,,,,,Annual residential load is unavailable. Representative-hour air-temperature data are unavailable. No postcode zonal mean is available from the ΔT20 EBK prediction-standard-error raster.
2900,2900,-35.52756578,149.11828606,13.0875528,0.61000561,0.03050028,13.69755842,16.12544194,0.51064898,0.02553245,16.63609092,0.3587253,29.66415,4,50.0,30.27777778,7.22222222,32,1752,8760,
2902,2902,-35.38623897,149.05804491,13.58373417,0.63305918,0.03165296,14.21679334,17.01664263,0.51101663,0.02555083,17.52765926,,13.04828,4,50.0,30.83333333,5.27777778,124,1752,8760,No postcode zonal mean is available from the ΔT20 EBK prediction-standard-error raster.
2903,2903,-35.3997849,149.08880589,13.73528004,0.62086884,0.03104344,14.35614887,17.27048514,0.51107083,0.02555354,17.78155597,,15.65831,4,50.0,33.61111111,5.55555556,75,1752,8760,No postcode zonal mean is available from the ΔT20 EBK prediction-standard-error raster.
2904,2904,-35.40918682,149.10836645,13.71332574,0.6124287,0.03062144,14.32575444,17.06140654,0.51128605,0.0255643,17.57269259,0.35590661,17.48766,4,50.0,33.05555556,4.16666667,54,1752,8760,
2905,2905,-35.43236657,149.10993037,13.5553601,0.6092134,0.03046067,14.1645735,17.08346421,0.51113121,0.02555656,17.59459543,,19.75236,3,50.0,30.27777778,4.44444444,153,1752,8760,No postcode zonal mean is available from the ΔT20 EBK prediction-standard-error raster.
2906,2906,-35.46081441,149.095684,13.25737052,0.61317436,0.03065872,13.87054487,16.99838762,0.51089586,0.02554479,17.50928348,,22.01394,3,50.0,31.66666667,6.11111111,28,1752,8760,No postcode zonal mean is available from the ΔT20 EBK prediction-standard-error raster.
2911,2911,-35.21887644,149.13641633,14.08204667,0.60357831,0.03017892,14.68562498,16.65232582,0.51538339,0.02576917,17.16770921,,13.94981,4,50.0,30.0,2.22222222,11,1752,8760,No postcode zonal mean is available from the ΔT20 EBK prediction-standard-error raster.
2912,2912,-35.18978384,149.17803849,14.15430638,0.5938952,0.02969476,14.74820158,16.60641314,0.51868913,0.02593446,17.12510227,,18.84405,4,50.0,,,,1752,8760,Annual residential load is unavailable. No postcode zonal mean is available from the ΔT20 EBK prediction-standard-error raster.
2913,2913,-35.17374249,149.10397358,14.14696291,0.60056333,0.03002817,14.74752624,16.83627425,0.51658675,0.02582934,17.352861,,14.92152,4,50.0,31.11111111,5.27777778,796,1752,8760,No postcode zonal mean is available from the ΔT20 EBK prediction-standard-error raster.
2914,2914,-35.1597284,149.13301563,14.19084313,0.5941861,0.02970931,14.78502923,16.60740911,0.51781609,0.0258908,17.1252252,0.35167801,17.8211,4,50.0,30.0,5.0,395,1752,8760,
3000,3000,-37.81315551,144.962375,16.62328815,0.70996454,0.03549823,17.3332527,18.1585865,0.95936424,0.04796821,19.11795074,0.35102108,61.61717,0,50.0,22.22222222,6.11111111,395,1752,8760,
3002,3002,-37.81443233,144.98258742,16.5840168,0.702492,0.0351246,17.2865088,17.84096718,0.9583686,0.04791843,18.79933578,,62.37557,0,50.0,,,,1752,8760,Annual residential load is unavailable. No postcode zonal mean is available from the ΔT20 EBK prediction-standard-error raster.
3003,3003,-37.80932813,144.92519763,16.39621844,0.71280789,0.03564039,17.10902633,18.59716502,0.94956036,0.04747802,19.54672539,,60.17843,0,50.0,21.38888889,8.61111111,22,1752,8760,No postcode zonal mean is available from the ΔT20 EBK prediction-standard-error raster.
3004,3004,-37.83253335,144.97731922,16.63981819,0.70321783,0.03516089,17.34303603,17.68397967,0.9564344,0.04782172,18.64041407,,60.89249,0,50.0,,,,1752,8760,Annual residential load is unavailable. No postcode zonal mean is available from the ΔT20 EBK prediction-standard-error raster.
3006,3006,-37.82576762,144.9606565,16.61329651,0.70806617,0.03540331,17.32136267,17.85950152,0.95749795,0.0478749,18.81699948,,61.08635,0,50.0,,,,1752,8760,Annual residential load is unavailable. No postcode zonal mean is available from the ΔT20 EBK prediction-standard-error raster.
3008,3008,-37.81836182,144.94043313,16.45355225,0.71261146,0.03563057,17.1661637,18.25486946,0.95778324,0.04788916,19.2126527,,61.29439,0,50.0,,,,1752,8760,Annual residential load is unavailable. No postcode zonal mean is available from the ΔT20 EBK prediction-standard-error raster.
3011,3011,-37.79948407,144.89625355,16.18292077,0.71298209,0.0356491,16.89590286,18.36641012,0.94420817,0.04721041,19.31061829,,58.42425,0,50.0,29.44444444,6.38888889,292,1752,8760,No postcode zonal mean is available from the ΔT20 EBK prediction-standard-error raster.
3012,3012,-37.81165316,144.85415636,15.92841884,0.71614325,0.03580716,16.64456209,18.10302289,0.93373046,0.04668652,19.03675336,0.34724075,58.90727,0,50.0,28.88888889,6.38888889,735,1752,8760,
3013,3013,-37.81791963,144.88202388,16.08875386,0.71398476,0.03569924,16.80273862,18.09201495,0.93812801,0.0469064,19.03014296,,59.96577,0,50.0,28.61111111,6.38888889,516,1752,8760,No postcode zonal mean is available from the ΔT20 EBK prediction-standard-error raster.
3015,3015,-37.83779459,144.88218595,16.06536759,0.71421786,0.03571089,16.77958546,17.04471525,0.93545214,0.04677261,17.98016739,,57.81992,0,50.0,26.66666667,5.83333333,563,1752,8760,No postcode zonal mean is available from the ΔT20 EBK prediction-standard-error raster.
3016,3016,-37.86032286,144.88364923,16.08148875,0.71492896,0.03574645,16.7964177,15.94817543,0.93453686,0.04672684,16.88271229,,55.42167,0,50.0,29.16666667,5.83333333,260,1752,8760,No postcode zonal mean is available from the ΔT20 EBK prediction-standard-error raster.
3018,3018,-37.86030554,144.81501026,15.74030242,0.71225694,0.03561285,16.45255936,16.89286777,0.92806088,0.04640304,17.82092865,,54.2298,0,50.0,27.77777778,5.55555556,479,1752,8760,No postcode zonal mean is available from the ΔT20 EBK prediction-standard-error raster.
3019,3019,-37.78670499,144.85484221,15.85586872,0.71790671,0.03589534,16.57377543,17.95784442,0.93486714,0.04674336,18.89271156,,56.20015,0,50.0,28.61111111,5.55555556,494,1752,8760,No postcode zonal mean is available from the ΔT20 EBK prediction-standard-error raster.
3020,3020,-37.78334454,144.82385565,15.66969509,0.71431041,0.03571552,16.3840055,17.99225931,0.93416062,0.04670803,18.92641993,,55.34132,0,50.0,27.22222222,5.27777778,1426,1752,8760,No postcode zonal mean is available from the ΔT20 EBK prediction-standard-error raster.
3021,3021,-37.74290932,144.79999763,15.41280503,0.71371781,0.03568589,16.12652284,18.08652626,0.93809826,0.04690491,19.02462452,,50.59009,0,50.0,28.33333333,5.27777778,710,1752,8760,No postcode zonal mean is available from the ΔT20 EBK prediction-standard-error raster.
3022,3022,-37.77595716,144.80103892,15.52383566,0.71298848,0.03564942,16.23682413,18.18129921,0.93215477,0.04660774,19.11345398,,54.24689,0,50.0,29.44444444,5.55555556,122,1752,8760,No postcode zonal mean is available from the ΔT20 EBK prediction-standard-error raster.
3023,3023,-37.76616895,144.76104089,15.27180114,0.69971312,0.03498566,15.97151426,17.9722704,0.94577401,0.0472887,18.9180444,,52.8415,0,50.0,29.16666667,5.55555556,732,1752,8760,No postcode zonal mean is available from the ΔT20 EBK prediction-standard-error raster.
3024,3024,-37.83716439,144.59941506,15.0028506,0.67906565,0.03395328,15.68191625,17.47085679,0.91812535,0.04590627,18.38898214,0.33537221,57.28588,0,50.0,29.72222222,4.44444444,6830,1752,8760,
3025,3025,-37.83779678,144.83473204,15.82832177,0.71384943,0.03569247,16.54217121,17.86564064,0.92843412,0.04642171,18.79407476,,56.97329,0,50.0,25.83333333,5.27777778,1274,1752,8760,No postcode zonal mean is available from the ΔT20 EBK prediction-standard-error raster.
3026,3026,-37.81880911,144.78697921,15.50543877,0.70585644,0.03529282,16.21129521,17.59468131,0.92925678,0.04646284,18.52393808,0.34384218,58.52001,0,50.0,30.27777778,5.55555556,26,1752,8760,
3027,3027,-37.86202256,144.74305752,15.39816451,0.69389292,0.03469465,16.09205743,18.05846596,0.93824416,0.04691221,18.99671012,,53.48509,0,50.0,28.61111111,5.83333333,205,1752,8760,No postcode zonal mean is available from the ΔT20 EBK prediction-standard-error raster.
3028,3028,-37.87589152,144.77771891,15.54710228,0.70233678,0.03511684,16.24943906,17.09995925,0.93635194,0.0468176,18.03631119,0.34166345,52.12515,0,50.0,27.5,5.27777778,553,1752,8760,
3029,3029,-37.82125339,144.69485841,15.20717836,0.6832541,0.0341627,15.89043246,17.63814347,0.92417497,0.04620875,18.56231844,0.3408297,58.05367,0,50.0,30.27777778,4.72222222,15604,1752,8760,
3030,3030,-37.93487028,144.66891119,15.1946879,0.68163568,0.03408178,15.87632358,16.56632627,0.9169406,0.04584703,17.48326687,0.33482429,45.62338,2,50.0,29.16666667,5.0,4382,1752,8760,
3031,3031,-37.79000231,144.92263796,16.36154404,0.71330457,0.03566523,17.0748486,18.07146209,0.95410357,0.04770518,19.02556565,,58.05959,0,50.0,32.77777778,6.94444444,55,1752,8760,No postcode zonal mean is available from the ΔT20 EBK prediction-standard-error raster.
3032,3032,-37.77472435,144.90001634,16.0640866,0.71458264,0.03572913,16.77866923,17.98712676,0.94669009,0.0473345,18.93381685,,55.8596,0,50.0,29.16666667,6.38888889,281,1752,8760,No postcode zonal mean is available from the ΔT20 EBK prediction-standard-error raster.
3033,3033,-37.73949824,144.85750092,15.61938296,0.71889554,0.03594478,16.3382785,17.9238442,0.94095865,0.04704793,18.86480285,,51.12482,0,50.0,29.16666667,5.83333333,550,1752,8760,No postcode zonal mean is available from the ΔT20 EBK prediction-standard-error raster.
3034,3034,-37.76155171,144.86260632,15.7541811,0.71855478,0.03592774,16.47273588,17.94902314,0.93798617,0.04689931,18.88700931,,53.61491,0,50.0,29.72222222,5.55555556,397,1752,8760,No postcode zonal mean is available from the ΔT20 EBK prediction-standard-error raster.
3036,3036,-37.68371073,144.79873989,15.26970744,0.71713323,0.03585666,15.98684067,17.77299436,0.95092148,0.04754607,18.72391584,,44.0554,1,50.0,28.88888889,5.55555556,103,1752,8760,No postcode zonal mean is available from the ΔT20 EBK prediction-standard-error raster.
3037,3037,-37.6998286,144.755558,15.14830803,0.70428456,0.03521423,15.85259258,18.15511235,0.96685014,0.04834251,19.12196249,,45.44919,1,50.0,28.61111111,5.55555556,448,1752,8760,No postcode zonal mean is available from the ΔT20 EBK prediction-standard-error raster.
3038,3038,-37.70686727,144.79412221,15.27769906,0.71513453,0.03575673,15.99283359,18.03392401,0.94785151,0.04739258,18.98177552,0.3433798,46.54923,1,50.0,29.72222222,5.55555556,400,1752,8760,
3039,3039,-37.76562575,144.9214293,16.11474848,0.71423467,0.03571173,16.82898315,17.96393776,0.95867786,0.04793389,18.92261562,,55.44677,0,50.0,29.44444444,6.38888889,180,1752,8760,No postcode zonal mean is available from the ΔT20 EBK prediction-standard-error raster.
3040,3040,-37.75204906,144.90548161,15.94987276,0.71507695,0.03575385,16.66494971,18.02057838,0.95115591,0.0475578,18.9717343,,53.58161,0,50.0,29.16666667,6.94444444,510,1752,8760,No postcode zonal mean is available from the ΔT20 EBK prediction-standard-error raster.
3041,3041,-37.7294578,144.90716135,15.72933186,0.71671633,0.03583582,16.4460482,18.00186759,0.95584731,0.04779237,18.9577149,,51.2345,0,50.0,28.88888889,6.66666667,368,1752,8760,No postcode zonal mean is available from the ΔT20 EBK prediction-standard-error raster.
3042,3042,-37.7252708,144.87086744,15.59509489,0.71884619,0.03594231,16.31394108,17.8994414,0.94808644,0.04740432,18.84752784,0.3466424,49.87573,1,50.0,29.16666667,5.55555556,724,1752,8760,
3043,3043,-37.700234,144.88138304,15.44827791,0.72004872,0.03600244,16.16832663,17.8475071,0.95322924,0.04766146,18.80073634,,47.4516,1,50.0,29.16666667,5.55555556,307,1752,8760,No postcode zonal mean is available from the ΔT20 EBK prediction-standard-error raster.
3044,3044,-37.73198697,144.93825354,15.86129718,0.71691736,0.03584587,16.57821454,17.94719417,0.96772512,0.04838626,18.9149193,,52.41929,0,50.0,26.94444444,5.27777778,844,1752,8760,No postcode zonal mean is available from the ΔT20 EBK prediction-standard-error raster.
3045,3045,-37.67376045,144.83801531,15.21870856,0.72212089,0.03610604,15.94082946,17.8632591,0.95617219,0.04780861,18.81943129,,43.61679,1,50.0,,,,1752,8760,Annual residential load is unavailable. No postcode zonal mean is available from the ΔT20 EBK prediction-standard-error raster.
3046,3046,-37.70637797,144.93037113,15.57685935,0.71775462,0.03588773,16.29461396,17.88803596,0.96617663,0.04830883,18.85421259,,49.51399,1,50.0,26.38888889,5.0,1496,1752,8760,No postcode zonal mean is available from the ΔT20 EBK prediction-standard-error raster.
3047,3047,-37.68109701,144.93091681,15.35869971,0.72009075,0.03600454,16.07879046,17.61793624,0.96412577,0.04820629,18.58206201,,46.92764,1,50.0,29.72222222,5.55555556,745,1752,8760,No postcode zonal mean is available from the ΔT20 EBK prediction-standard-error raster.
3048,3048,-37.65342296,144.9250385,15.15500355,0.72290013,0.03614501,15.87790368,17.29871975,0.96596876,0.04829844,18.26468851,,43.89581,1,50.0,27.77777778,5.55555556,207,1752,8760,No postcode zonal mean is available from the ΔT20 EBK prediction-standard-error raster.
3049,3049,-37.67106592,144.88937509,15.26018009,0.72199715,0.03609986,15.98217725,17.6257857,0.95848321,0.04792416,18.58426891,,44.58169,1,50.0,28.33333333,5.83333333,100,1752,8760,No postcode zonal mean is available from the ΔT20 EBK prediction-standard-error raster.
3051,3051,-37.79846715,144.9449306,16.52189064,0.71303898,0.03565195,17.23492962,18.25964546,0.96129918,0.04806496,19.22094464,,59.56684,0,50.0,21.38888889,8.05555556,80,1752,8760,No postcode zonal mean is available from the ΔT20 EBK prediction-standard-error raster.
3052,3052,-37.78706504,144.95147763,16.53302307,0.71291264,0.03564563,17.24593571,17.91984495,0.96385111,0.04819256,18.88369606,,58.5634,0,50.0,,,,1752,8760,Annual residential load is unavailable. No postcode zonal mean is available from the ΔT20 EBK prediction-standard-error raster.
3053,3053,-37.80041857,144.9681623,16.67610359,0.70848286,0.03542414,17.38458645,17.93326251,0.95961034,0.04798052,18.89287285,,60.46574,0,50.0,36.38888889,8.61111111,11,1752,8760,No postcode zonal mean is available from the ΔT20 EBK prediction-standard-error raster.
3054,3054,-37.78571167,144.9681265,16.61974525,0.70707943,0.03535397,17.32682468,17.76478513,0.96275795,0.0481379,18.72754308,,58.93857,0,50.0,19.72222222,7.77777778,40,1752,8760,No postcode zonal mean is available from the ΔT20 EBK prediction-standard-error raster.
3055,3055,-37.76332725,144.94272664,16.2091465,0.71487484,0.03574374,16.92402134,17.88056068,0.96502856,0.04825143,18.84558925,,55.82012,0,50.0,18.61111111,6.66666667,225,1752,8760,No postcode zonal mean is available from the ΔT20 EBK prediction-standard-error raster.
3056,3056,-37.76636057,144.9612416,16.35072676,0.71140453,0.03557023,17.0621313,17.71023423,0.96708189,0.04835409,18.67731612,,56.71461,0,50.0,20.55555556,6.94444444,247,1752,8760,No postcode zonal mean is available from the ΔT20 EBK prediction-standard-error raster.
3057,3057,-37.76897647,144.9774263,16.40163422,0.70462883,0.03523144,17.10626304,17.57594236,0.96625332,0.04831267,18.54219568,,57.52101,0,50.0,19.72222222,6.66666667,139,1752,8760,No postcode zonal mean is available from the ΔT20 EBK prediction-standard-error raster.
3058,3058,-37.73757913,144.96568231,16.01850631,0.7096643,0.03548322,16.72817061,17.82510948,0.97056078,0.04852804,18.79567026,0.35051477,53.90385,0,50.0,27.22222222,5.83333333,561,1752,8760,
3059,3059,-37.63663461,144.87983261,15.01669995,0.72521361,0.03626068,15.74191356,17.15004505,0.96179883,0.04808994,18.11184388,0.34578773,40.69039,1,50.0,30.27777778,5.55555556,2053,1752,8760,
3060,3060,-37.704837,144.96938855,15.66294893,0.7069882,0.03534941,16.36993713,17.79661206,0.97606827,0.04880341,18.77268033,,50.71579,0,50.0,26.94444444,5.0,462,1752,8760,No postcode zonal mean is available from the ΔT20 EBK prediction-standard-error raster.
3061,3061,-37.66385721,144.95953348,15.23608508,0.7167312,0.03583656,15.95281628,17.09255768,0.96868629,0.04843431,18.06124397,0.35009298,46.23713,1,50.0,28.88888889,4.16666667,39,1752,8760,
3062,3062,-37.63468333,144.95076301,14.99469528,0.72256393,0.0361282,15.71725921,16.73942375,0.97061367,0.04853068,17.71003742,,42.99734,1,50.0,,,,1752,8760,Annual residential load is unavailable. No postcode zonal mean is available from the ΔT20 EBK prediction-standard-error raster.
3063,3063,-37.58931881,144.84482398,14.71945809,0.72943053,0.03647153,15.44888862,16.55233377,0.97249624,0.04862481,17.52483002,,34.71865,1,50.0,,,,1752,8760,Annual residential load is unavailable. No postcode zonal mean is available from the ΔT20 EBK prediction-standard-error raster.
3064,3064,-37.55617471,144.93297194,14.41616321,0.73114699,0.03655735,15.1473102,16.29611225,0.98182218,0.04909111,17.27793443,0.34669469,34.63639,1,50.0,29.72222222,4.72222222,13751,1752,8760,
3065,3065,-37.80082325,144.97919227,16.64091873,0.70475692,0.03523785,17.34567565,17.64174843,0.95905501,0.04795275,18.60080343,,60.85831,0,50.0,22.22222222,6.66666667,17,1752,8760,No postcode zonal mean is available from the ΔT20 EBK prediction-standard-error raster.
3066,3066,-37.80175289,144.98822489,16.59636307,0.70072502,0.03503625,17.29708809,17.49918556,0.95966762,0.04798338,18.45885319,,61.25099,0,50.0,17.22222222,6.38888889,26,1752,8760,No postcode zonal mean is available from the ΔT20 EBK prediction-standard-error raster.
3067,3067,-37.80258892,144.99746522,16.52732468,0.69949555,0.03497478,17.22682023,17.36770058,0.9583981,0.04791991,18.32609868,,61.64916,0,50.0,20.83333333,7.5,35,1752,8760,No postcode zonal mean is available from the ΔT20 EBK prediction-standard-error raster.
3068,3068,-37.78630403,144.98964714,16.47399426,0.70059431,0.03502972,17.17458856,17.37447039,0.96053046,0.04802652,18.33500085,,59.71388,0,50.0,22.22222222,6.66666667,99,1752,8760,No postcode zonal mean is available from the ΔT20 EBK prediction-standard-error raster.
3070,3070,-37.77252385,145.00048693,16.26041412,0.70117782,0.03505889,16.96159194,17.36889076,0.96149336,0.04807467,18.33038413,,58.69505,0,50.0,19.16666667,7.5,386,1752,8760,No postcode zonal mean is available from the ΔT20 EBK prediction-standard-error raster.
3071,3071,-37.75818468,145.00582432,16.1024168,0.70208334,0.03510417,16.80450014,17.65163104,0.96461278,0.04823064,18.61624382,,57.44862,0,50.0,21.11111111,7.5,317,1752,8760,No postcode zonal mean is available from the ΔT20 EBK prediction-standard-error raster.
3072,3072,-37.74178806,145.00794381,15.93613651,0.70365974,0.03518299,16.63979625,17.70131705,0.96697761,0.04834888,18.66829466,,55.89249,0,50.0,19.44444444,7.22222222,838,1752,8760,No postcode zonal mean is available from the ΔT20 EBK prediction-standard-error raster.
3073,3073,-37.71216811,145.00683405,15.62917207,0.70732606,0.0353663,16.33649813,17.77546804,0.97364995,0.0486825,18.74911799,,52.92059,0,50.0,20.0,6.94444444,1535,1752,8760,No postcode zonal mean is available from the ΔT20 EBK prediction-standard-error raster.
3074,3074,-37.68380111,145.0081924,15.34408496,0.71039761,0.03551988,16.05448257,17.69846203,0.978702,0.0489351,18.67716403,,50.218,0,50.0,27.77777778,5.27777778,360,1752,8760,No postcode zonal mean is available from the ΔT20 EBK prediction-standard-error raster.
3075,3075,-37.66678419,145.01280268,15.20894273,0.7127462,0.03563731,15.92168893,17.67062314,0.98281507,0.04914075,18.65343821,,48.79615,1,50.0,28.61111111,5.55555556,356,1752,8760,No postcode zonal mean is available from the ΔT20 EBK prediction-standard-error raster.
3076,3076,-37.63895114,145.00907883,14.99162254,0.71661418,0.03583071,15.70823673,17.14200137,0.98456661,0.04922833,18.12656798,0.35470414,46.00247,1,50.0,28.88888889,5.0,374,1752,8760,
3078,3078,-37.77612917,145.02320866,16.25159918,0.7020962,0.03510481,16.95369538,17.03935856,0.9600361,0.0480018,17.99939466,,59.91032,0,50.0,24.16666667,5.0,300,1752,8760,No postcode zonal mean is available from the ΔT20 EBK prediction-standard-error raster.
3079,3079,-37.77617413,145.05226955,15.97059236,0.70071509,0.03503575,16.67130746,17.18377113,0.96441344,0.04822067,18.14818458,,61.08067,0,50.0,25.55555556,5.0,320,1752,8760,No postcode zonal mean is available from the ΔT20 EBK prediction-standard-error raster.
3081,3081,-37.742096,145.04614696,15.76880821,0.7024577,0.03512289,16.47126591,17.55412636,0.96658091,0.04832905,18.52070726,,57.50275,0,50.0,23.88888889,4.72222222,1151,1752,8760,No postcode zonal mean is available from the ΔT20 EBK prediction-standard-error raster.
3082,3082,-37.66400379,145.0645114,15.1073726,0.71201307,0.03560065,15.81938568,17.38954561,0.98116831,0.04905842,18.37071392,,51.06385,0,50.0,22.22222222,4.44444444,240,1752,8760,No postcode zonal mean is available from the ΔT20 EBK prediction-standard-error raster.
3083,3083,-37.69983053,145.05782858,15.39747564,0.70817073,0.03540854,16.10564637,17.57091225,0.97423703,0.04871185,18.54514928,0.35461894,54.01677,0,50.0,25.83333333,4.72222222,420,1752,8760,
3084,3084,-37.74672553,145.07688104,15.67558336,0.70186885,0.03509344,16.37745221,17.08777809,0.96847687,0.04842384,18.05625496,,59.3207,0,50.0,25.55555556,5.0,484,1752,8760,No postcode zonal mean is available from the ΔT20 EBK prediction-standard-error raster.
3085,3085,-37.72270001,145.07950618,15.47844437,0.70421927,0.03521096,16.18266365,17.58111916,0.97220802,0.0486104,18.55332718,,57.18836,0,50.0,26.38888889,4.72222222,164,1752,8760,No postcode zonal mean is available from the ΔT20 EBK prediction-standard-error raster.
3087,3087,-37.70487269,145.0841903,15.34470081,0.70546371,0.03527319,16.05016452,17.64696693,0.97216637,0.04860832,18.61913331,,55.77348,0,50.0,26.66666667,4.72222222,142,1752,8760,No postcode zonal mean is available from the ΔT20 EBK prediction-standard-error raster.
3088,3088,-37.69837578,145.11131156,15.21307659,0.70523801,0.0352619,15.91831461,17.31150246,0.98862707,0.04943135,18.30012953,,56.58662,0,50.0,26.94444444,4.72222222,400,1752,8760,No postcode zonal mean is available from the ΔT20 EBK prediction-standard-error raster.
3089,3089,-37.66795499,145.15669599,14.90375566,0.70654358,0.03532718,15.61029925,16.40281487,1.0005038,0.05002519,17.40331866,,56.53985,0,50.0,26.94444444,5.27777778,281,1752,8760,No postcode zonal mean is available from the ΔT20 EBK prediction-standard-error raster.
3090,3090,-37.66742273,145.11235642,15.00405979,0.70872466,0.03543623,15.71278445,16.71858406,0.99046757,0.04952338,17.70905163,,53.93927,0,50.0,28.05555556,5.27777778,66,1752,8760,No postcode zonal mean is available from the ΔT20 EBK prediction-standard-error raster.
3091,3091,-37.63751319,145.13485678,14.76174981,0.71311989,0.03565599,15.4748697,16.29553977,0.99943124,0.04997156,17.29497102,0.35297844,52.75098,0,50.0,26.94444444,4.44444444,15,1752,8760,
3093,3093,-37.73882734,145.11621393,15.43332815,0.69991273,0.03499564,16.13324089,16.77900124,0.98555863,0.04927793,17.76455986,0.35275429,60.48116,0,50.0,27.22222222,5.27777778,58,1752,8760,
3094,3094,-37.71903366,145.12526928,15.29515591,0.70201626,0.03510081,15.99717216,17.04319954,0.99027246,0.04951362,18.033472,,59.16083,0,50.0,26.66666667,5.27777778,169,1752,8760,No postcode zonal mean is available from the ΔT20 EBK prediction-standard-error raster.
3095,3095,-37.71138953,145.166349,15.11001851,0.69826759,0.03491338,15.8082861,16.21379141,0.99633898,0.04981695,17.2101304,,60.7352,0,50.0,27.22222222,5.55555556,217,1752,8760,No postcode zonal mean is available from the ΔT20 EBK prediction-standard-error raster.
3096,3096,-37.6673176,145.18834997,14.82344913,0.70669773,0.03533489,15.53014687,16.01465579,1.00522132,0.05026107,17.01987711,,58.40513,0,50.0,26.66666667,4.16666667,12,1752,8760,No postcode zonal mean is available from the ΔT20 EBK prediction-standard-error raster.
3097,3097,-37.68944986,145.24167992,14.76289561,0.69360764,0.03468038,15.45650324,15.70023537,1.00613587,0.05030679,16.70637124,,63.47126,0,50.0,25.0,5.83333333,13,1752,8760,No postcode zonal mean is available from the ΔT20 EBK prediction-standard-error raster.
3099,3099,-37.58052692,145.21949492,14.35747622,0.72272089,0.03613604,15.0801971,15.89098231,1.01566704,0.05078335,16.90664935,0.35620539,54.15294,0,50.0,26.11111111,5.0,40,1752,8760,
3101,3101,-37.80346072,145.03316712,16.26849804,0.70005033,0.03500252,16.96854837,17.53707123,0.95908831,0.04795442,18.49615953,0.35513625,63.02718,0,50.0,27.22222222,5.55555556,269,1752,8760,
3102,3102,-37.790705,145.05237361,16.10937691,0.69908792,0.0349544,16.80846483,17.22501055,0.96287192,0.0481436,18.18788248,,62.51303,0,50.0,26.66666667,5.55555556,125,1752,8760,No postcode zonal mean is available from the ΔT20 EBK prediction-standard-error raster.
3103,3103,-37.8094817,145.08042914,15.97033787,0.69827195,0.0349136,16.66860982,17.55321693,0.962118,0.0481059,18.51533493,,65.51571,0,50.0,26.38888889,5.27777778,348,1752,8760,No postcode zonal mean is available from the ΔT20 EBK prediction-standard-error raster.
3104,3104,-37.79174685,145.08429142,15.93816376,0.69828649,0.03491432,16.63645025,17.66696205,0.96403561,0.04820178,18.63099766,,63.95948,0,50.0,26.38888889,5.27777778,605,1752,8760,No postcode zonal mean is available from the ΔT20 EBK prediction-standard-error raster.
3105,3105,-37.76863478,145.08697689,15.77710581,0.69935746,0.03496787,16.47646327,17.63091469,0.96641221,0.04832061,18.59732689,,61.86296,0,50.0,27.22222222,5.27777778,286,1752,8760,No postcode zonal mean is available from the ΔT20 EBK prediction-standard-error raster.
3106,3106,-37.75404739,145.14863298,15.38440775,0.69430533,0.03471527,16.07871308,17.06576093,0.99192207,0.0495961,18.057683,,63.5138,0,50.0,27.22222222,5.27777778,239,1752,8760,No postcode zonal mean is available from the ΔT20 EBK prediction-standard-error raster.
3107,3107,-37.76382416,145.11219806,15.61450318,0.69767179,0.03488359,16.31217497,17.64957788,0.97819004,0.0489095,18.62776793,,62.5888,0,50.0,26.66666667,5.27777778,335,1752,8760,No postcode zonal mean is available from the ΔT20 EBK prediction-standard-error raster.
3108,3108,-37.78849904,145.12239142,15.69822991,0.6947596,0.03473798,16.39298951,17.78260114,0.97984716,0.04899236,18.7624483,,65.38046,0,50.0,26.38888889,5.27777778,767,1752,8760,No postcode zonal mean is available from the ΔT20 EBK prediction-standard-error raster.
3109,3109,-37.7884508,145.16317582,15.47517742,0.68998413,0.03449921,16.16516155,17.22431463,0.99181557,0.04959078,18.2161302,,67.36882,0,50.0,26.38888889,5.0,851,1752,8760,No postcode zonal mean is available from the ΔT20 EBK prediction-standard-error raster.
3111,3111,-37.79439415,145.19453308,15.36128402,0.6842311,0.03421155,16.04551512,16.67451074,0.99448736,0.04972437,17.66899811,,69.5186,0,50.0,26.11111111,5.0,213,1752,8760,No postcode zonal mean is available from the ΔT20 EBK prediction-standard-error raster.
3113,3113,-37.74042876,145.21126892,15.07926468,0.68920473,0.03446024,15.76846941,15.66512566,0.99796374,0.04989819,16.66308939,0.35538128,65.75439,0,50.0,26.94444444,5.27777778,43,1752,8760,
3114,3114,-37.77700299,145.21477289,15.23911114,0.6848542,0.03424271,15.92396534,16.2726571,0.9973449,0.04986725,17.27000201,,69.07677,0,50.0,25.0,5.83333333,37,1752,8760,No postcode zonal mean is available from the ΔT20 EBK prediction-standard-error raster.
3115,3115,-37.73565677,145.26979764,14.8704452,0.6751699,0.0337585,15.54561511,16.00379418,1.00697422,0.05034871,17.0107684,0.36384723,68.84782,0,50.0,29.16666667,4.44444444,32,1752,8760,
3116,3116,-37.73860225,145.31431468,14.72410037,0.65963607,0.0329818,15.38373644,16.41651075,1.01419693,0.05070985,17.43070768,,71.86587,0,50.0,25.83333333,4.44444444,150,1752,8760,No postcode zonal mean is available from the ΔT20 EBK prediction-standard-error raster.
3121,3121,-37.8229071,145.00404674,16.42941551,0.69910296,0.03495515,17.12851847,17.65439578,0.95636457,0.04781823,18.61076036,,62.76505,0,50.0,20.27777778,7.5,229,1752,8760,No postcode zonal mean is available from the ΔT20 EBK prediction-standard-error raster.
3122,3122,-37.8247677,145.03200649,16.22921085,0.69925586,0.03496279,16.92846671,17.60779932,0.9573706,0.04786853,18.56516992,,63.57016,0,50.0,28.61111111,5.55555556,144,1752,8760,No postcode zonal mean is available from the ΔT20 EBK prediction-standard-error raster.
3123,3123,-37.83099538,145.05002064,16.11131763,0.69720093,0.03486005,16.80851857,17.4771773,0.95950977,0.04797549,18.43668707,,63.63228,0,50.0,29.72222222,5.55555556,113,1752,8760,No postcode zonal mean is available from the ΔT20 EBK prediction-standard-error raster.
3124,3124,-37.84090164,145.07584727,15.99755402,0.69619787,0.03480989,16.69375188,17.43001192,0.9623819,0.04811909,18.39239382,,63.7068,0,50.0,26.38888889,5.27777778,364,1752,8760,No postcode zonal mean is available from the ΔT20 EBK prediction-standard-error raster.
3125,3125,-37.84966126,145.1112607,15.81789989,0.69450559,0.03472528,16.51240548,17.56761742,0.99375701,0.04968785,18.56137443,,64.42571,0,50.0,26.11111111,4.72222222,367,1752,8760,No postcode zonal mean is available from the ΔT20 EBK prediction-standard-error raster.
3126,3126,-37.82599038,145.08037838,16.0008564,0.69691141,0.03484557,16.69776781,17.31281471,0.96066469,0.04803323,18.2734794,,65.35361,0,50.0,27.22222222,5.55555556,84,1752,8760,No postcode zonal mean is available from the ΔT20 EBK prediction-standard-error raster.
3127,3127,-37.82424974,145.1008568,15.85656961,0.69581808,0.0347909,16.55238769,17.4105854,0.96392595,0.0481963,18.37451135,,66.39408,0,50.0,26.66666667,5.27777778,258,1752,8760,No postcode zonal mean is available from the ΔT20 EBK prediction-standard-error raster.
3128,3128,-37.82903803,145.1247411,15.74421155,0.69342221,0.03467111,16.43763377,17.40054512,0.98391556,0.04919578,18.38446068,,66.99965,0,50.0,25.55555556,5.0,489,1752,8760,No postcode zonal mean is available from the ΔT20 EBK prediction-standard-error raster.
3129,3129,-37.80481881,145.12291056,15.75917857,0.69411496,0.03470575,16.45329353,17.59169655,0.97561866,0.04878093,18.56731521,0.35241643,66.94243,0,50.0,26.11111111,5.27777778,527,1752,8760,
3130,3130,-37.82327918,145.1510303,15.61072988,0.69142853,0.03457143,16.3021584,17.33014789,0.99154967,0.04957748,18.32169756,,68.76775,0,50.0,25.55555556,5.0,807,1752,8760,No postcode zonal mean is available from the ΔT20 EBK prediction-standard-error raster.
3131,3131,-37.82737803,145.17409087,15.49604845,0.686505,0.03432525,16.18255345,17.36218863,0.99685922,0.04984296,18.35904785,,69.50632,0,50.0,25.27777778,5.0,545,1752,8760,No postcode zonal mean is available from the ΔT20 EBK prediction-standard-error raster.
3132,3132,-37.81817725,145.1990075,15.39453745,0.68117972,0.03405899,16.07571717,17.24588458,0.99629289,0.04981464,18.24217747,0.35487488,71.59555,0,50.0,26.38888889,4.72222222,255,1752,8760,
3133,3133,-37.84757412,145.1927164,15.4634252,0.68267651,0.03413383,16.14610171,17.02762604,1.00948668,0.05047433,18.03711272,,68.62325,0,50.0,27.22222222,5.0,345,1752,8760,No postcode zonal mean is available from the ΔT20 EBK prediction-standard-error raster.
3134,3134,-37.81417066,145.2261074,15.17149711,0.67767211,0.03388361,15.84916922,16.84718323,1.00160308,0.05008015,17.84878631,,72.94442,0,50.0,26.94444444,5.0,514,1752,8760,No postcode zonal mean is available from the ΔT20 EBK prediction-standard-error raster.
3135,3135,-37.82179667,145.24895187,15.21759044,0.67136519,0.03356826,15.88895563,16.89804595,1.02223653,0.05111183,17.92028248,,73.84097,0,50.0,26.66666667,4.72222222,402,1752,8760,No postcode zonal mean is available from the ΔT20 EBK prediction-standard-error raster.
3136,3136,-37.79125896,145.2816215,15.0160379,0.65917654,0.03295883,15.67521444,16.99886258,1.01409345,0.05070467,18.01295603,0.36233026,74.08074,0,50.0,26.94444444,4.72222222,775,1752,8760,
3137,3137,-37.81884831,145.31645251,14.96268252,0.64001124,0.03200056,15.60269376,16.08015938,1.04144953,0.05207248,17.12160891,,77.25346,0,50.0,27.22222222,4.16666667,421,1752,8760,No postcode zonal mean is available from the ΔT20 EBK prediction-standard-error raster.
3138,3138,-37.78136287,145.32565426,14.82200519,0.64126817,0.03206341,15.46327336,16.66012171,1.03050917,0.05152546,17.69063088,,75.91463,0,50.0,27.22222222,4.72222222,522,1752,8760,No postcode zonal mean is available from the ΔT20 EBK prediction-standard-error raster.
3139,3139,-37.81261988,145.54429322,13.99101994,0.66596635,0.03329832,14.65698629,14.70485939,1.12550275,0.05627514,15.83036213,0.37678795,72.49174,0,50.0,27.5,4.72222222,114,1752,8760,
3140,3140,-37.75566273,145.36780299,14.61094422,0.64074156,0.03203708,15.25168578,16.20839729,1.04371538,0.05218577,17.25211267,,76.60448,0,50.0,26.94444444,4.72222222,737,1752,8760,No postcode zonal mean is available from the ΔT20 EBK prediction-standard-error raster.
3141,3141,-37.83931337,144.9919295,16.4607741,0.69917874,0.03495894,17.15995284,17.59924761,0.95569968,0.04778498,18.5549473,,60.67135,0,50.0,21.66666667,8.33333333,64,1752,8760,No postcode zonal mean is available from the ΔT20 EBK prediction-standard-error raster.
3142,3142,-37.84154251,145.01746949,16.25476774,0.69905548,0.03495277,16.95382321,17.61562538,0.95463881,0.04773194,18.57026419,,61.34166,0,50.0,23.88888889,6.94444444,133,1752,8760,No postcode zonal mean is available from the ΔT20 EBK prediction-standard-error raster.
3143,3143,-37.85667646,145.02022509,16.18682289,0.69921339,0.03496067,16.88603628,17.61425209,0.95693725,0.04784686,18.57118934,,59.91919,0,50.0,21.66666667,8.88888889,31,1752,8760,No postcode zonal mean is available from the ΔT20 EBK prediction-standard-error raster.
3144,3144,-37.85452938,145.03511783,16.14253235,0.69988128,0.03499406,16.84241362,17.6698246,0.95802977,0.04790149,18.62785437,,60.70646,0,50.0,28.05555556,5.83333333,108,1752,8760,No postcode zonal mean is available from the ΔT20 EBK prediction-standard-error raster.
3145,3145,-37.87728106,145.06213616,16.03996743,0.69753536,0.03487677,16.73750279,17.6688989,0.97436384,0.04871819,18.64326274,,59.58756,0,50.0,25.83333333,5.27777778,326,1752,8760,No postcode zonal mean is available from the ΔT20 EBK prediction-standard-error raster.
3146,3146,-37.85580695,145.06507405,16.01958656,0.69635068,0.03481753,16.71593724,17.59813881,0.96514089,0.04825704,18.56327969,,61.79875,0,50.0,26.38888889,5.55555556,388,1752,8760,No postcode zonal mean is available from the ΔT20 EBK prediction-standard-error raster.
3147,3147,-37.8670322,145.09045041,15.95360923,0.69606212,0.03480311,16.64967135,17.59263693,0.98570081,0.04928504,18.57833773,,61.82612,0,50.0,25.27777778,5.0,462,1752,8760,No postcode zonal mean is available from the ΔT20 EBK prediction-standard-error raster.
3148,3148,-37.88183895,145.10022807,15.90824556,0.69650292,0.03482515,16.60474849,17.65527534,0.99165037,0.04958252,18.64692572,,60.87881,0,50.0,25.27777778,5.0,263,1752,8760,No postcode zonal mean is available from the ΔT20 EBK prediction-standard-error raster.
3149,3149,-37.87838225,145.12849683,15.77757978,0.69406787,0.03470339,16.47164765,17.54602142,1.00531204,0.0502656,18.55133346,0.34974769,62.56537,0,50.0,26.38888889,5.0,1131,1752,8760,
3150,3150,-37.89154949,145.17533034,15.57722081,0.68861323,0.03443066,16.26583404,17.20984654,1.01012538,0.05050627,18.21997192,,63.80676,0,50.0,26.11111111,5.0,1667,1752,8760,No postcode zonal mean is available from the ΔT20 EBK prediction-standard-error raster.
3151,3151,-37.85358587,145.15041571,15.64972172,0.6923935,0.03461968,16.34211522,17.5587101,1.00561055,0.05028053,18.56432064,,65.92737,0,50.0,24.16666667,5.0,335,1752,8760,No postcode zonal mean is available from the ΔT20 EBK prediction-standard-error raster.
3152,3152,-37.86596536,145.22324126,15.39323048,0.68011909,0.03400595,16.07334957,17.37721222,1.01632438,0.05081622,18.3935366,0.35390142,68.46136,0,50.0,23.88888889,4.72222222,741,1752,8760,
3153,3153,-37.8369471,145.27325922,15.15179275,0.66381415,0.03319071,15.81560689,17.01937599,1.03014686,0.05150734,18.04952285,,73.50159,0,50.0,26.38888889,4.16666667,513,1752,8760,No postcode zonal mean is available from the ΔT20 EBK prediction-standard-error raster.
3154,3154,-37.85641229,145.32254233,15.03168411,0.63931086,0.03196554,15.67099497,15.09997665,1.03974184,0.05198709,16.13971849,,74.12727,0,50.0,24.16666667,5.0,33,1752,8760,No postcode zonal mean is available from the ΔT20 EBK prediction-standard-error raster.
3155,3155,-37.8624692,145.28417145,15.15036654,0.65694488,0.03284724,15.80731142,16.80248451,1.03063011,0.05153151,17.83311462,,71.64623,0,50.0,26.38888889,4.72222222,508,1752,8760,No postcode zonal mean is available from the ΔT20 EBK prediction-standard-error raster.
3156,3156,-37.92102263,145.29316686,15.20331117,0.66718611,0.03335931,15.87049727,15.85218009,1.02507533,0.05125377,16.87725542,0.36054909,66.828,0,50.0,26.38888889,4.72222222,613,1752,8760,
3158,3158,-37.90548138,145.32907844,15.08865706,0.65300045,0.03265002,15.74165751,14.9447214,1.03536451,0.05176823,15.9800859,,70.13586,0,50.0,27.77777778,5.27777778,44,1752,8760,No postcode zonal mean is available from the ΔT20 EBK prediction-standard-error raster.
3159,3159,-37.92110209,145.3904944,14.91179738,0.63749967,0.03187498,15.54929705,14.68898699,1.05331693,0.05266585,15.74230392,,72.35296,0,50.0,29.44444444,5.55555556,12,1752,8760,No postcode zonal mean is available from the ΔT20 EBK prediction-standard-error raster.
3160,3160,-37.93141091,145.35421708,15.0187951,0.65140681,0.03257034,15.67020191,15.06230164,1.03925214,0.05196261,16.10155378,,69.36185,0,50.0,25.0,5.83333333,50,1752,8760,No postcode zonal mean is available from the ΔT20 EBK prediction-standard-error raster.
3161,3161,-37.87204815,145.02158684,16.11990484,0.69890895,0.03494545,16.81881379,17.51978798,0.96413051,0.04820653,18.48391849,,58.43351,0,50.0,27.22222222,5.83333333,188,1752,8760,No postcode zonal mean is available from the ΔT20 EBK prediction-standard-error raster.
3162,3162,-37.89138033,145.02536189,16.04813671,0.7001119,0.03500559,16.74824861,17.6000042,0.97057249,0.04852862,18.57057669,,56.66678,0,50.0,25.55555556,5.27777778,236,1752,8760,No postcode zonal mean is available from the ΔT20 EBK prediction-standard-error raster.
3163,3163,-37.89446611,145.05914082,16.021833,0.69759008,0.0348795,16.71942308,17.80279579,0.97430379,0.04871519,18.77709958,0.34775379,57.80048,0,50.0,25.83333333,5.27777778,380,1752,8760,
3165,3165,-37.92210894,145.06698521,15.94301213,0.69801695,0.03490085,16.64102909,17.71082687,0.97323368,0.04866168,18.68406055,,55.53508,0,50.0,25.0,5.27777778,1106,1752,8760,No postcode zonal mean is available from the ΔT20 EBK prediction-standard-error raster.
3166,3166,-37.90168516,145.09826008,15.89739963,0.69682291,0.03484115,16.59422254,17.72595515,0.99134634,0.04956732,18.71730148,,58.9347,0,50.0,27.22222222,4.72222222,445,1752,8760,No postcode zonal mean is available from the ΔT20 EBK prediction-standard-error raster.
3167,3167,-37.92440037,145.09427451,15.85513926,0.69643773,0.03482189,16.55157699,17.8296282,0.98563222,0.04928161,18.81526042,,56.64723,0,50.0,24.16666667,4.72222222,279,1752,8760,No postcode zonal mean is available from the ΔT20 EBK prediction-standard-error raster.
3168,3168,-37.91594144,145.13217956,15.73728065,0.69542094,0.03477105,16.43270159,17.81583494,1.00043406,0.0500217,18.81626899,,59.35255,0,50.0,26.38888889,4.72222222,428,1752,8760,No postcode zonal mean is available from the ΔT20 EBK prediction-standard-error raster.
3169,3169,-37.94307101,145.11932706,15.71623818,0.69718221,0.03485911,16.41342039,17.85661456,0.99376766,0.04968838,18.85038222,,56.2686,0,50.0,26.38888889,4.72222222,344,1752,8760,No postcode zonal mean is available from the ΔT20 EBK prediction-standard-error raster.
3170,3170,-37.92911097,145.18383404,15.55482419,0.69154414,0.03457721,16.24636834,17.55889931,1.0049536,0.05024768,18.56385291,,60.65955,0,50.0,25.83333333,4.72222222,538,1752,8760,No postcode zonal mean is available from the ΔT20 EBK prediction-standard-error raster.
3171,3171,-37.9456714,145.1578469,15.59190354,0.6953583,0.03476791,16.28726184,17.84602928,0.99929999,0.049965,18.84532927,,57.91431,0,50.0,26.11111111,4.72222222,529,1752,8760,No postcode zonal mean is available from the ΔT20 EBK prediction-standard-error raster.
3172,3172,-37.97386453,145.13365241,15.62140758,0.69695594,0.0348478,16.31836352,17.59361034,0.98997565,0.04949878,18.58358599,0.34801689,54.13887,0,50.0,25.0,4.44444444,292,1752,8760,
3173,3173,-38.00538746,145.16732403,15.50860284,0.70227798,0.0351139,16.21088081,16.84287183,0.99200812,0.04960041,17.83487995,,52.74268,0,50.0,25.27777778,4.72222222,843,1752,8760,No postcode zonal mean is available from the ΔT20 EBK prediction-standard-error raster.
3174,3174,-37.96393803,145.18102081,15.50658972,0.69636216,0.03481811,16.20295187,17.96558481,0.99998528,0.04999926,18.96557009,,57.24374,0,50.0,26.66666667,4.44444444,631,1752,8760,No postcode zonal mean is available from the ΔT20 EBK prediction-standard-error raster.
3175,3175,-38.01863117,145.20311692,15.41598783,0.69052787,0.03452639,16.1065157,16.68469058,0.99443298,0.04972165,17.67912356,0.34953734,53.41469,0,50.0,26.66666667,4.44444444,795,1752,8760,
3177,3177,-37.99060256,145.24020053,15.34196687,0.68468064,0.03423403,16.02664751,17.43352699,1.00181206,0.0500906,18.43533905,,57.8761,0,50.0,26.66666667,4.44444444,656,1752,8760,No postcode zonal mean is available from the ΔT20 EBK prediction-standard-error raster.
3178,3178,-37.92429173,145.24381494,15.35777225,0.68426384,0.03421319,16.04203609,16.95064825,1.01363881,0.05068194,17.96428706,,63.97357,0,50.0,25.27777778,4.44444444,482,1752,8760,No postcode zonal mean is available from the ΔT20 EBK prediction-standard-error raster.
3179,3179,-37.90165964,145.21857071,15.44080203,0.68388932,0.03419447,16.12469135,16.84310618,1.01150137,0.05057507,17.85460755,,64.85509,0,50.0,26.66666667,4.72222222,235,1752,8760,No postcode zonal mean is available from the ΔT20 EBK prediction-standard-error raster.
3180,3180,-37.89059708,145.24933642,15.3360424,0.67779789,0.03388989,16.01384029,17.25775961,1.01861249,0.05093062,18.2763721,,67.34795,0,50.0,26.66666667,4.44444444,242,1752,8760,No postcode zonal mean is available from the ΔT20 EBK prediction-standard-error raster.
3181,3181,-37.85276615,144.9975309,,0.69832273,0.03491614,,17.55114937,0.95501614,0.04775081,18.5061655,,59.48788,0,50.0,24.44444444,8.33333333,87,1752,8760,No postcode zonal mean is available from the ΔT20 EBK prediction-standard-error raster.
3182,3182,-37.86292465,144.98021532,,0.702521,0.03512605,,17.17032509,0.95406793,0.0477034,18.12439302,,57.85226,0,50.0,25.55555556,8.61111111,44,1752,8760,No postcode zonal mean is available from the ΔT20 EBK prediction-standard-error raster.
3183,3183,-37.86769762,145.00031587,,0.69728354,0.03486418,,17.16853065,0.95502958,0.04775148,18.12356023,,58.07062,0,50.0,20.27777778,8.05555556,95,1752,8760,No postcode zonal mean is available from the ΔT20 EBK prediction-standard-error raster.
3184,3184,-37.88078598,144.98549734,,0.69886078,0.03494304,,16.5377903,0.95542979,0.04777149,17.49322009,,56.21045,0,50.0,21.94444444,9.44444444,85,1752,8760,No postcode zonal mean is available from the ΔT20 EBK prediction-standard-error raster.
3185,3185,-37.88612771,145.0061164,,0.69739922,0.03486996,,16.93935585,0.96299287,0.04814964,17.90234872,,56.43083,0,50.0,22.22222222,8.33333333,105,1752,8760,No postcode zonal mean is available from the ΔT20 EBK prediction-standard-error raster.
3186,3186,-37.90843928,144.9960027,,0.69784161,0.03489208,,16.55698077,0.96692811,0.04834641,17.52390888,,53.81156,0,50.0,25.55555556,5.55555556,346,1752,8760,No postcode zonal mean is available from the ΔT20 EBK prediction-standard-error raster.
3187,3187,-37.91732353,145.01667626,15.96938467,0.69843917,0.03492196,16.66782384,17.09561941,0.96827908,0.04841395,18.06389849,,53.76079,0,50.0,25.83333333,5.55555556,410,1752,8760,No postcode zonal mean is available from the ΔT20 EBK prediction-standard-error raster.
3188,3188,-37.93799574,145.0145665,15.90852165,0.69878026,0.03493901,16.60730191,16.85416434,0.96805055,0.04840253,17.82221488,,51.65685,0,50.0,26.11111111,5.55555556,403,1752,8760,No postcode zonal mean is available from the ΔT20 EBK prediction-standard-error raster.
3189,3189,-37.94145771,145.05778112,15.88702602,0.69980301,0.03499015,16.58682903,17.45890236,0.96909794,0.0484549,18.4280003,,53.28899,0,50.0,23.61111111,4.72222222,218,1752,8760,No postcode zonal mean is available from the ΔT20 EBK prediction-standard-error raster.
3190,3190,-37.95038315,145.04042013,15.87048292,0.70087637,0.03504382,16.57135929,17.1276371,0.96559179,0.04827959,18.09322889,,51.63239,0,50.0,25.83333333,5.0,297,1752,8760,No postcode zonal mean is available from the ΔT20 EBK prediction-standard-error raster.
3191,3191,-37.95357394,145.01462497,15.84765911,0.69939379,0.03496969,16.5470529,16.10484505,0.96591665,0.04829583,17.0707617,,50.15583,0,50.0,24.16666667,5.83333333,159,1752,8760,No postcode zonal mean is available from the ΔT20 EBK prediction-standard-error raster.
3192,3192,-37.96355963,145.06036133,15.82223902,0.70056606,0.0350283,16.52280508,17.17873383,0.96638226,0.04831911,18.14511609,0.34373802,51.37441,0,50.0,26.38888889,5.0,358,1752,8760,
3193,3193,-37.97803613,145.03231431,15.78172445,0.70186652,0.03509333,16.48359098,16.30511665,0.96154004,0.048077,17.2666567,,48.66323,3,50.0,25.83333333,5.83333333,437,1752,8760,No postcode zonal mean is available from the ΔT20 EBK prediction-standard-error raster.
3194,3194,-37.97775515,145.09668729,15.75302804,0.70044673,0.03502234,16.45347477,17.23004133,0.97136419,0.04856821,18.20140552,,52.00936,0,50.0,25.0,4.72222222,244,1752,8760,No postcode zonal mean is available from the ΔT20 EBK prediction-standard-error raster.
3195,3195,-38.00554397,145.10960374,15.64617172,0.70074075,0.03503704,16.34691247,16.61671617,0.97693723,0.04884686,17.5936534,,50.03468,0,50.0,26.38888889,5.0,710,1752,8760,No postcode zonal mean is available from the ΔT20 EBK prediction-standard-error raster.
3196,3196,-38.04820096,145.12561779,15.54208194,0.70400556,0.03520028,16.2460875,16.19994164,0.97943954,0.04897198,17.17938118,0.34367999,46.75108,3,50.0,26.66666667,5.0,578,1752,8760,
3197,3197,-38.07456993,145.13802331,15.4952095,0.6961897,0.03480949,16.1913992,16.24924278,0.97904518,0.04895226,17.22828796,,45.00633,3,50.0,26.38888889,5.27777778,228,1752,8760,No postcode zonal mean is available from the ΔT20 EBK prediction-standard-error raster.
3198,3198,-38.10475124,145.1384619,15.4475572,0.69571993,0.034786,16.14327712,16.22268613,0.97399051,0.04869953,17.19667664,,42.41365,3,50.0,25.83333333,4.72222222,463,1752,8760,No postcode zonal mean is available from the ΔT20 EBK prediction-standard-error raster.
3199,3199,-38.16015594,145.13880439,15.38243313,0.70131363,0.03506568,16.08374676,16.3477195,0.98014567,0.04900728,17.32786517,,37.93759,3,50.0,26.11111111,4.72222222,745,1752,8760,No postcode zonal mean is available from the ΔT20 EBK prediction-standard-error raster.
3200,3200,-38.12027975,145.16064276,15.41970226,0.69433453,0.03471673,16.11403678,16.51817131,0.98679099,0.04933955,17.50496231,,42.42588,3,50.0,26.66666667,4.16666667,72,1752,8760,No postcode zonal mean is available from the ΔT20 EBK prediction-standard-error raster.
3201,3201,-38.09277783,145.17579428,15.43700484,0.69442033,0.03472102,16.13142517,16.62675272,0.98751982,0.04937599,17.61427254,,45.56776,3,50.0,25.83333333,4.44444444,512,1752,8760,No postcode zonal mean is available from the ΔT20 EBK prediction-standard-error raster.
3202,3202,-37.95606639,145.09319421,15.77764781,0.69777788,0.03488889,16.47542569,17.18726956,0.98335941,0.04916797,18.17062897,,53.73194,0,50.0,,,,1752,8760,Annual residential load is unavailable. No postcode zonal mean is available from the ΔT20 EBK prediction-standard-error raster.
3204,3204,-37.91572181,145.03922237,15.96938487,0.69956695,0.03497835,16.66895182,17.82942876,0.96960136,0.04848007,18.79903012,,54.87901,0,50.0,20.27777778,7.77777778,734,1752,8760,No postcode zonal mean is available from the ΔT20 EBK prediction-standard-error raster.
3205,3205,-37.8339845,144.95735256,16.55852572,0.7096622,0.03548311,17.26818792,17.65917397,0.95722184,0.04786109,18.6163958,,60.12834,0,50.0,23.05555556,6.66666667,40,1752,8760,No postcode zonal mean is available from the ΔT20 EBK prediction-standard-error raster.
3206,3206,-37.84656315,144.96126904,,0.70866851,0.03543343,,17.38258807,0.95548099,0.04777405,18.33806906,,58.93299,0,50.0,23.88888889,8.05555556,55,1752,8760,No postcode zonal mean is available from the ΔT20 EBK prediction-standard-error raster.
3207,3207,-37.83028029,144.92342485,16.27816096,0.71231803,0.0356159,16.99047899,17.32483864,0.94932988,0.04746649,18.27416852,,59.58323,0,50.0,22.5,6.94444444,327,1752,8760,No postcode zonal mean is available from the ΔT20 EBK prediction-standard-error raster.
3211,3211,-37.93201777,144.46688064,14.92175818,0.69311762,0.03465588,15.61487579,17.16338116,0.91787167,0.04589358,18.08125283,0.33102349,44.83489,1,50.0,32.5,4.72222222,19,1752,8760,
3212,3212,-38.02140315,144.44978767,15.01295626,0.68578918,0.03428946,15.69874545,16.55485034,0.90810865,0.04540543,17.46295899,0.32637676,35.76771,7,50.0,29.72222222,4.16666667,2288,1752,8760,
3213,3213,-37.97007126,144.28846814,14.55653196,0.70004835,0.03500242,15.25658031,16.93651951,0.92485842,0.04624292,17.86137793,0.32651342,34.93604,7,50.0,29.16666667,4.72222222,20,1752,8760,
3214,3214,-38.07424272,144.3707268,14.89337666,0.69138712,0.03456936,15.58476378,16.98480088,0.90796971,0.04539849,17.89277059,,26.96226,7,50.0,26.38888889,4.44444444,687,1752,8760,No postcode zonal mean is available from the ΔT20 EBK prediction-standard-error raster.
3215,3215,-38.10832107,144.33416268,14.84055586,0.69951337,0.03497567,15.54006924,16.35456041,0.91118247,0.04555912,17.26574288,0.31440896,22.04511,8,50.0,29.44444444,4.72222222,445,1752,8760,
3216,3216,-38.18766692,144.30959146,14.85461949,0.70651699,0.03532585,15.56113649,16.65179036,0.89960518,0.04498026,17.55139554,0.30107132,13.71545,10,50.0,28.33333333,5.0,1418,1752,8760,
3217,3217,-38.25112326,144.29803105,14.87167512,0.71636581,0.03581829,15.58804093,15.90984413,0.88908784,0.04445439,16.79893197,0.26483139,8.95127,15,50.0,29.72222222,4.44444444,7450,1752,8760,
3218,3218,-38.11555798,144.21704861,14.58224289,0.7236352,0.03618176,15.30587809,16.39920114,0.90916367,0.04545818,17.30836482,0.30959782,17.96239,10,50.0,30.27777778,5.27777778,587,1752,8760,
3219,3219,-38.17250509,144.38546664,14.96373496,0.6963006,0.03481503,15.66003556,16.50121498,0.8974829,0.04487414,17.39869788,,19.85589,8,50.0,27.22222222,4.72222222,263,1752,8760,No postcode zonal mean is available from the ΔT20 EBK prediction-standard-error raster.
3220,3220,-38.15549472,144.34823041,14.89231714,0.69992562,0.03499628,15.59224276,16.61531639,0.90391606,0.0451958,17.51923245,,18.63536,9,50.0,29.72222222,5.55555556,308,1752,8760,No postcode zonal mean is available from the ΔT20 EBK prediction-standard-error raster.
3221,3221,-38.15701301,144.1373039,14.56647003,0.73166286,0.03658314,15.29813289,16.24521282,0.89657818,0.04482891,17.141791,0.30866608,14.40611,17,50.0,29.44444444,5.55555556,102,1752,8760,
3222,3222,-38.20246092,144.56498979,15.20951188,0.66830077,0.03341504,15.87781265,16.0830346,0.85630994,0.0428155,16.93934454,0.31379828,20.93208,8,50.0,29.16666667,3.61111111,634,1752,8760,
3223,3223,-38.15777449,144.68663566,15.29032443,0.6529429,0.03264714,15.94326733,15.83352118,0.84939162,0.04246958,16.6829128,,20.84305,4,50.0,28.88888889,3.61111111,1201,1752,8760,No postcode zonal mean is available from the ΔT20 EBK prediction-standard-error raster.
3224,3224,-38.1862906,144.44399436,15.0677335,0.68924587,0.03446229,15.75697938,16.01725943,0.88862933,0.04443147,16.90588876,0.31105189,23.49789,8,50.0,28.33333333,3.05555556,534,1752,8760,
3225,3225,-38.27196413,144.60013403,15.23364235,0.65890914,0.03294546,15.89255149,15.13700532,0.82618122,0.04130906,15.96318654,0.31246048,13.42992,8,50.0,28.33333333,3.88888889,452,1752,8760,
3226,3226,-38.25956634,144.53835226,15.17142248,0.67259389,0.03362969,15.84401638,15.82428993,0.84965137,0.04248257,16.6739413,,18.71779,8,50.0,27.77777778,3.61111111,1085,1752,8760,No postcode zonal mean is available from the ΔT20 EBK prediction-standard-error raster.
3227,3227,-38.26060299,144.42756186,15.04105095,0.68819142,0.03440957,15.72924237,15.52081595,0.87731282,0.04386564,16.39812877,0.30430152,19.8788,8,50.0,28.05555556,4.72222222,217,1752,8760,
3228,3228,-38.33244405,144.27070901,14.87528058,0.72160351,0.03608018,15.59688409,15.15159946,0.87840867,0.04392043,16.03000813,0.27728263,8.70724,16,50.0,26.94444444,3.88888889,936,1752,8760,
3230,3230,-38.38084351,144.15430225,14.78526216,0.7150622,0.03575311,15.50032436,14.17971316,0.8675605,0.04337802,15.04727366,0.23507524,2.62443,21,50.0,28.88888889,5.0,121,1752,8760,
3231,3231,-38.44681707,144.05543795,14.68426078,0.71367329,0.03568366,15.39793407,13.88112113,0.82848435,0.04142422,14.70960548,0.26874363,12.76023,22,50.0,27.5,5.55555556,89,1752,8760,
3232,3232,-38.53381353,143.92431308,14.55685487,0.69706993,0.0348535,15.2539248,12.75234846,0.77846528,0.03892326,13.53081375,0.27520561,15.66114,27,50.0,28.05555556,5.27777778,72,1752,8760,
3233,3233,-38.75733815,143.61134864,14.43822047,0.61025456,0.03051273,15.04847503,13.09006834,0.71315909,0.03565795,13.80322742,0.16798711,4.19283,30,50.0,26.66666667,5.0,188,1752,8760,
3234,3234,-38.63259665,143.82984333,14.50402061,0.66076298,0.03303815,15.16478359,12.64912956,0.73387629,0.03669381,13.38300584,0.23357819,16.22962,27,50.0,,,,1752,8760,Annual residential load is unavailable.
3235,3235,-38.43860944,143.91995129,14.47133972,0.71951839,0.03597592,15.19085811,13.20173733,0.80339815,0.04016991,14.00513548,0.26660788,11.05429,29,50.0,29.44444444,5.55555556,13,1752,8760,
3236,3236,-38.51007176,143.69957212,14.29852005,0.64928083,0.03246404,14.94780087,13.08754137,0.6655876,0.03327938,13.75312898,0.19734432,5.25814,42,50.0,29.72222222,4.16666667,13,1752,8760,
3237,3237,-38.64386914,143.54295718,14.30121006,0.58654569,0.02932728,14.88775575,12.73037437,0.70241028,0.03512051,13.43278466,0.1504491,9.72917,53,50.0,26.11111111,4.72222222,13,1752,8760,
3238,3238,-38.759952,143.45160412,14.34316546,0.587016,0.0293508,14.93018146,13.1914495,0.73084513,0.03654226,13.92229463,0.15004821,17.47334,60,50.0,27.22222222,3.61111111,10,1752,8760,
3239,3239,-38.55756095,143.42752294,14.20311558,0.56746114,0.02837306,14.77057672,13.33908274,0.70796245,0.03539812,14.0470452,0.14105993,1.67204,86,50.0,26.94444444,3.33333333,12,1752,8760,
3240,3240,-38.25330878,144.13866751,14.60977933,0.7255296,0.03627648,15.33530893,15.43132743,0.87434472,0.04371724,16.30567216,0.28125298,6.0082,20,50.0,28.88888889,3.88888889,55,1752,8760,
3241,3241,-38.26027639,143.93076895,14.21640539,0.74329612,0.03716481,14.95970151,15.23292601,0.85555709,0.04277785,16.0884831,0.26213257,13.07595,26,50.0,26.38888889,2.77777778,273,1752,8760,
3242,3242,-38.33907391,143.78401464,14.14366857,0.74543956,0.03727198,14.88910813,15.03490654,0.82114955,0.04105748,15.85605609,,2.55909,35,50.0,27.22222222,3.88888889,51,1752,8760,No postcode zonal mean is available from the ΔT20 EBK prediction-standard-error raster.
3243,3243,-38.47381017,143.79769045,14.25472709,0.71737595,0.0358688,14.97210304,13.83854103,0.78671466,0.03933573,14.62525569,0.2239917,4.05887,33,50.0,24.44444444,3.05555556,13,1752,8760,
3249,3249,-38.33945575,143.40896677,14.04776397,0.69693937,0.03484697,14.74470334,14.41078072,0.79487739,0.03974387,15.20565811,0.18410731,7.58588,89,50.0,28.05555556,3.33333333,51,1752,8760,
3250,3250,-38.34538763,143.57654811,13.94058754,0.72579551,0.03628978,14.66638305,14.92118682,0.85200956,0.04260048,15.77319637,0.21228312,1.68034,45,50.0,27.22222222,2.5,375,1752,8760,
3251,3251,-38.14096676,143.65835403,13.70591908,0.79162653,0.03958133,14.49754561,15.91458589,0.90417575,0.04520879,16.81876164,0.24838457,7.28081,33,50.0,23.61111111,3.05555556,16,1752,8760,
3254,3254,-38.29649894,143.52748654,13.85740875,0.74578782,0.03728939,14.60319657,15.18108803,0.88085846,0.04404292,16.06194649,0.18845272,7.70042,45,50.0,,,,1752,8760,Annual residential load is unavailable.
3260,3260,-38.19238337,143.2279827,14.0280453,0.78375939,0.03918797,14.81180468,15.19178616,0.91857311,0.04592866,16.11035927,0.15837434,7.69093,85,50.0,32.5,2.77777778,92,1752,8760,
3264,3264,-38.23863522,142.87883611,14.02445422,0.76262501,0.03813125,14.78707922,14.58427789,0.85965174,0.04298259,15.44392964,0.14336703,2.6766,90,50.0,41.38888889,4.16666667,25,1752,8760,
3265,3265,-38.3248773,142.82269153,14.00187715,0.75075191,0.0375376,14.75262906,14.75877375,0.8364526,0.04182263,15.59522635,0.13855759,4.82035,93,50.0,34.72222222,3.61111111,40,1752,8760,
3266,3266,-38.34209699,143.0454657,14.18684544,0.67105037,0.03355252,14.85789581,14.35128347,0.82229697,0.04111485,15.17358044,0.12979949,8.15418,95,50.0,28.05555556,2.77777778,56,1752,8760,
3267,3267,-38.46146522,143.08678143,14.22512584,0.64700208,0.0323501,14.87212792,14.41819007,0.76403908,0.03820195,15.18222915,0.1311346,7.68587,97,50.0,,,,1752,8760,Annual residential load is unavailable.
3268,3268,-38.51549318,142.94494195,14.26069319,0.62461557,0.03123078,14.88530876,14.46070208,0.69907672,0.03495384,15.1597788,0.1161577,0.95949,94,50.0,28.05555556,3.88888889,56,1752,8760,
3269,3269,-38.63324646,143.1139222,14.27378642,0.59547492,0.02977375,14.86926134,14.13219306,0.72008418,0.03600421,14.85227724,0.12314465,1.23638,97,50.0,25.83333333,3.88888889,26,1752,8760,
3270,3270,-38.57344575,142.84811538,14.31924168,0.62237875,0.03111894,14.94162043,14.46092073,0.69346847,0.03467342,15.15438919,,3.18281,90,50.0,28.33333333,4.16666667,34,1752,8760,No postcode zonal mean is available from the ΔT20 EBK prediction-standard-error raster.
3271,3271,-37.91021414,143.01500678,13.77010164,0.82005871,0.04100294,14.59016035,15.64545008,0.9499711,0.04749855,16.59542117,0.19616401,36.18827,10,50.0,,,,1752,8760,Annual residential load is unavailable.
3272,3272,-37.96383761,142.86995573,13.63504612,0.81584169,0.04079208,14.45088781,15.34135626,0.9153782,0.04576891,16.25673446,0.16742427,32.46939,13,50.0,32.5,5.27777778,29,1752,8760,
3273,3273,-37.98312526,142.67937325,13.50183151,0.80924314,0.04046216,14.31107465,15.51488966,0.91982268,0.04599113,16.43471234,0.15490211,17.87953,19,50.0,,,,1752,8760,Annual residential load is unavailable.
3274,3274,-37.9527656,142.52264146,13.24397919,0.81765812,0.04088291,14.0616373,15.38133794,0.94458864,0.04722943,16.32592658,0.14535767,6.87208,18,50.0,,,,1752,8760,Annual residential load is unavailable.
3275,3275,-38.28801378,142.46537755,13.93237646,0.72910073,0.03645504,14.66147719,15.03733983,0.77009777,0.03850489,15.8074376,0.11917689,8.35525,59,50.0,,,,1752,8760,Annual residential load is unavailable.
3276,3276,-38.12245843,142.46442563,13.67774546,0.76419045,0.03820952,14.44193591,15.14317723,0.8494772,0.04247386,15.99265443,0.12178934,3.18722,37,50.0,,,,1752,8760,Annual residential load is unavailable.
3277,3277,-38.41096298,142.67406584,14.13204119,0.69258812,0.03462941,14.82462931,14.81971803,0.74202612,0.03710131,15.56174415,0.13237451,7.47439,95,50.0,32.77777778,3.61111111,32,1752,8760,
3278,3278,-38.27320793,142.61429929,13.95698446,0.74982583,0.03749129,14.70681029,14.93147284,0.80641423,0.04032071,15.73788707,0.1318514,4.8357,90,50.0,,,,1752,8760,Annual residential load is unavailable.
3279,3279,-38.19521796,142.65665225,13.90087,0.75448378,0.03772419,14.65535378,14.9633914,0.81590302,0.04079515,15.77929442,0.13066603,4.69092,71,50.0,,,,1752,8760,Annual residential load is unavailable.
3280,3280,-38.3667558,142.48818393,14.08397526,0.72117484,0.03605874,14.8051501,15.24882389,0.74266041,0.03713302,15.9914843,0.1128865,1.70688,77,50.0,32.77777778,3.33333333,1199,1752,8760,
3281,3281,-38.25500117,142.51785065,13.89952192,0.74317877,0.03715894,14.64270069,15.01941685,0.79501865,0.03975093,15.8144355,0.12656136,11.13193,64,50.0,35.0,3.61111111,37,1752,8760,
3282,3282,-38.29431675,142.38136434,14.02802708,0.71493606,0.0357468,14.74296314,14.85407122,0.75827541,0.03791377,15.61234663,,1.26921,50,50.0,32.77777778,3.61111111,104,1752,8760,No postcode zonal mean is available from the ΔT20 EBK prediction-standard-error raster.
3283,3283,-38.2262474,142.26536394,14.0659978,0.71588801,0.0357944,14.78188581,14.99785767,0.74890939,0.03744547,15.74676706,0.10082289,4.14408,35,50.0,31.66666667,3.33333333,42,1752,8760,
3284,3284,-38.19470122,142.09548849,14.28703281,0.66654469,0.03332723,14.9535775,14.93611455,0.70772254,0.03538613,15.6438371,0.0932171,3.95881,45,50.0,33.05555556,5.0,71,1752,8760,
3285,3285,-38.26843394,142.02474325,14.3291624,0.64029537,0.03201477,14.96945777,14.8689939,0.70952722,0.03547636,15.57852112,0.10103082,3.74417,49,50.0,32.22222222,4.44444444,38,1752,8760,
3286,3286,-38.0333967,142.01816144,14.02966224,0.73421019,0.03671051,14.76387243,15.08653525,0.85686691,0.04284335,15.94340216,0.11923097,14.13903,44,50.0,,,,1752,8760,Annual residential load is unavailable.
3287,3287,-38.08863221,142.27357651,13.66586848,0.77326116,0.03866306,14.43912963,15.21503957,0.87422056,0.04371103,16.08926013,0.11021042,2.48197,34,50.0,,,,1752,8760,Annual residential load is unavailable.
3289,3289,-37.87093859,142.3693175,13.35468613,0.80312338,0.04015617,14.15780951,15.08597587,0.97099495,0.04854975,16.05697083,0.1362484,17.45054,15,50.0,,,,1752,8760,Annual residential load is unavailable.
3292,3292,-38.06582827,141.10985518,14.07774955,0.61164417,0.03058221,14.68939372,13.89882774,0.72247633,0.03612382,14.62130407,0.10457763,0.70301,42,50.0,31.38888889,4.16666667,10,1752,8760,
3293,3293,-37.73259149,142.5455103,12.35001097,0.81956264,0.04097813,13.16957361,15.31479709,0.93634795,0.0468174,16.25114503,0.18140459,30.66097,5,50.0,,,,1752,8760,Annual residential load is unavailable.
3294,3294,-37.58949001,142.31096222,12.25952978,0.83476945,0.04173847,13.09429923,15.40574392,0.88777538,0.04438877,16.2935193,0.18116579,30.90192,2,50.0,30.55555556,4.16666667,33,1752,8760,
3300,3300,-37.7901367,142.00251642,13.85453629,0.79154001,0.039577,14.6460763,15.46465879,1.01234842,0.05061742,16.47700721,0.13625536,14.51675,20,50.0,32.5,2.77777778,172,1752,8760,
3301,3301,-37.7227473,142.12651871,13.79891147,0.78702098,0.03935105,14.58593245,15.4413858,0.97344561,0.04867228,16.41483141,0.14179321,13.16351,9,50.0,38.61111111,3.61111111,16,1752,8760,
3302,3302,-37.83893153,141.75105059,14.1176409,0.77633512,0.03881676,14.89397602,15.02209335,0.98969135,0.04948457,16.0117847,0.12276045,6.80114,30,50.0,,,,1752,8760,Annual residential load is unavailable.
3303,3303,-37.94098346,141.66524384,14.08083355,0.75268163,0.03763408,14.83351518,14.43605569,0.90060474,0.04503024,15.33666043,0.10814886,7.71505,50,50.0,,,,1752,8760,Annual residential load is unavailable.
3304,3304,-38.01100741,141.44270894,14.05957891,0.65361401,0.0326807,14.71319292,14.32270911,0.73275032,0.03663752,15.05545943,0.10022518,0.86333,56,50.0,32.77777778,2.77777778,23,1752,8760,
3305,3305,-38.28090364,141.46071096,14.02071227,0.58230662,0.02911533,14.60301889,14.05024287,0.68402909,0.03420145,14.73427196,0.09672124,5.24148,46,50.0,30.55555556,3.05555556,312,1752,8760,
3309,3309,-37.81089809,141.52837561,14.07534792,0.7447058,0.03723529,14.82005372,14.42598934,0.88320166,0.04416008,15.30919099,0.11428214,4.30388,47,50.0,,,,1752,8760,Annual residential load is unavailable.
3310,3310,-37.73019231,141.56519837,14.08392512,0.74523309,0.03726165,14.82915821,15.42398974,0.89204247,0.04460212,16.31603221,0.12247586,6.05272,33,50.0,,,,1752,8760,Annual residential load is unavailable.
3311,3311,-37.57892145,141.30177889,14.19303499,0.69206911,0.03460346,14.88510411,15.42086762,0.75930095,0.03796505,16.18016857,0.11074261,0.95987,28,50.0,,,,1752,8760,Annual residential load is unavailable.
3312,3312,-37.48619373,141.13137691,14.34941122,0.75075732,0.03753787,15.10016854,15.32361511,0.72331667,0.03616583,16.04693178,0.13702733,4.50099,22,50.0,,,,1752,8760,Annual residential load is unavailable.
3314,3314,-37.38844524,142.15571812,12.70025694,0.87688021,0.04384401,13.57713715,15.34539634,0.78113093,0.03905655,16.12652727,0.18465455,50.08151,0,50.0,30.55555556,3.05555556,12,1752,8760,
3315,3315,-37.51029147,141.68583455,14.23088541,0.84631663,0.04231583,15.07720204,15.80673732,0.80250155,0.04012508,16.60923887,0.16852514,31.34034,11,50.0,,,,1752,8760,Annual residential load is unavailable.
3317,3317,-37.16040228,141.59788541,14.63512832,0.95224034,0.04761202,15.58736867,16.5845212,0.62827245,0.03141362,17.21279365,0.17138633,38.17405,2,50.0,,,,1752,8760,Annual residential load is unavailable.
3318,3318,-37.03998573,141.30111476,14.85766225,0.97892161,0.04894608,15.83658386,16.54947692,0.65951349,0.03297567,17.20899041,0.15652473,33.99292,9,50.0,,,,1752,8760,Annual residential load is unavailable.
3319,3319,-36.91217581,141.09004198,15.04524376,1.0207678,0.05103839,16.06601156,17.0912721,0.74679885,0.03733994,17.83807095,0.14484159,18.79856,9,50.0,,,,1752,8760,Annual residential load is unavailable.
3321,3321,-38.10040237,143.94556388,13.98331488,0.75908402,0.0379542,14.74239891,16.03378684,0.90532035,0.04526602,16.93910719,0.28928034,14.06321,22,50.0,28.61111111,2.77777778,131,1752,8760,
3322,3322,-38.03284159,143.66601544,13.56138474,0.79149313,0.03957466,14.35287787,16.01306744,0.94472759,0.04723638,16.95779504,0.23421194,4.9373,24,50.0,,,,1752,8760,Annual residential load is unavailable.
3323,3323,-38.0122526,143.50593983,13.68918656,0.78973121,0.03948656,14.47891777,16.12114733,0.94634616,0.04731731,17.06749349,0.22324272,5.90117,22,50.0,,,,1752,8760,Annual residential load is unavailable.
3324,3324,-37.92708202,143.3542177,13.78452036,0.79185815,0.03959291,14.5763785,15.81042669,0.98285122,0.04914256,16.79327791,0.23271524,20.69072,10,50.0,,,,1752,8760,Annual residential load is unavailable.
3325,3325,-37.89912877,143.18031083,13.81785809,0.80118014,0.04005901,14.61903822,15.62514851,0.97821323,0.04891066,16.60336175,0.20850498,34.47891,8,50.0,,,,1752,8760,Annual residential load is unavailable.
3328,3328,-38.02366515,144.05488234,14.06007011,0.74476547,0.03723827,14.80483559,16.37165839,0.92162701,0.04608135,17.2932854,0.31185111,24.89485,13,50.0,45.0,3.88888889,178,1752,8760,
3329,3329,-37.9869072,143.8826594,13.70286892,0.76729719,0.03836486,14.47016611,16.25237749,0.94559775,0.04727989,17.19797524,0.27439257,10.46193,16,50.0,35.0,3.33333333,11,1752,8760,
3330,3330,-37.93416724,143.74932599,13.47361915,0.77414762,0.03870738,14.24776676,16.26113002,0.97973189,0.04898659,17.24086191,0.28269095,9.69082,10,50.0,,,,1752,8760,Annual residential load is unavailable.
3331,3331,-37.98577947,144.18325628,14.30877765,0.71482148,0.03574107,15.02359914,16.32566359,0.93070362,0.04653518,17.25636721,0.32273063,32.37296,9,50.0,45.0,4.16666667,314,1752,8760,
3332,3332,-37.95598156,144.09654554,14.0449559,0.73188415,0.03659421,14.77684005,16.41019422,0.94278773,0.04713939,17.35298196,0.31778881,29.41874,10,50.0,45.0,3.88888889,105,1752,8760,
3333,3333,-37.87151965,144.03705943,13.79523811,0.73066038,0.03653302,14.52589849,15.54299202,0.95703642,0.04785182,16.50002844,0.3191278,28.57938,6,50.0,45.55555556,4.44444444,12,1752,8760,
3334,3334,-37.75681229,144.05918548,13.70632061,0.71613691,0.03580685,14.42245752,14.71967437,0.96789137,0.04839457,15.68756574,0.32437985,27.38391,13,50.0,46.66666667,4.72222222,30,1752,8760,
3335,3335,-37.69305495,144.68619332,14.84736918,0.68387786,0.03419389,15.53124704,17.38470659,0.92652392,0.0463262,18.31123051,0.33815444,44.75409,1,50.0,30.27777778,4.72222222,12435,1752,8760,
3336,3336,-37.70592991,144.70404137,14.98746515,0.69256864,0.03462843,15.68003379,17.51604385,0.94944138,0.04747207,18.46548523,0.34100568,46.0898,1,50.0,30.0,5.0,817,1752,8760,
3337,3337,-37.6282781,144.58577843,14.65752831,0.68709876,0.03435494,15.34462706,17.25377219,0.93192089,0.04659604,18.18569308,0.34221921,39.39832,2,50.0,30.55555556,4.72222222,2144,1752,8760,
3338,3338,-37.76189624,144.54824705,14.78820047,0.6857497,0.03428749,15.47395017,17.43725439,0.92177002,0.0460885,18.35902441,0.33533338,51.01397,0,50.0,31.11111111,4.44444444,6506,1752,8760,
3340,3340,-37.78904463,144.38345074,14.46836508,0.69568819,0.03478441,15.16405327,16.87201766,0.93226703,0.04661335,17.80428469,0.33557431,41.85606,1,50.0,45.0,4.44444444,1355,1752,8760,
3341,3341,-37.58528101,144.34616217,14.22392951,0.69554582,0.03477729,14.91947532,15.03514985,0.92450588,0.04622529,15.95965573,0.33414097,26.2617,10,50.0,46.38888889,5.27777778,37,1752,8760,
3342,3342,-37.63121094,144.22180467,14.01175622,0.69837804,0.0349189,14.71013426,14.43932055,0.93704866,0.04685243,15.37636921,0.32793147,19.35025,14,50.0,45.27777778,3.88888889,166,1752,8760,
3345,3345,-37.56655576,144.11224567,13.75300878,0.69941266,0.03497063,14.45242144,13.87460788,0.95901392,0.0479507,14.8336218,0.29213175,7.56136,16,50.0,45.55555556,5.0,51,1752,8760,
3350,3350,-37.57292511,143.86586854,13.16056065,0.69673518,0.03483676,13.85729583,14.80314965,1.03323697,0.05166185,15.83638662,0.29877323,13.50044,19,50.0,45.83333333,4.16666667,2449,1752,8760,
3351,3351,-37.68875204,142.95501905,13.36033777,0.76220211,0.03811011,14.12253988,15.17518474,1.02645733,0.05132287,16.20164207,0.27468881,54.61841,0,50.0,45.55555556,4.16666667,474,1752,8760,
3352,3352,-37.74335298,143.81737051,13.52555966,0.71988109,0.03599405,14.24544075,14.73849773,1.07719934,0.05385997,15.81569706,0.28901892,30.99656,19,50.0,45.27777778,3.88888889,820,1752,8760,
3355,3355,-37.51595319,143.79647722,13.04568823,0.70138304,0.03506915,13.74707128,15.16367392,1.0788433,0.05394217,16.24251722,0.26808858,6.15214,19,50.0,36.94444444,4.44444444,151,1752,8760,
3356,3356,-37.60177048,143.83791848,13.08952495,0.70464498,0.03523225,13.79416993,14.94835127,1.04743995,0.052372,15.99579122,,15.88576,20,50.0,45.0,4.16666667,663,1752,8760,No postcode zonal mean is available from the ΔT20 EBK prediction-standard-error raster.
3357,3357,-37.65192001,143.89726954,13.26682455,0.70829226,0.03541461,13.97511681,14.4406876,1.01067514,0.05053376,15.45136275,0.31893432,21.48982,17,50.0,46.94444444,4.16666667,785,1752,8760,
3358,3358,-37.57951657,143.79381422,13.02832832,0.70688961,0.03534448,13.73521794,14.93472154,1.06092152,0.05304608,15.99564306,,13.20579,20,50.0,46.94444444,4.16666667,289,1752,8760,No postcode zonal mean is available from the ΔT20 EBK prediction-standard-error raster.
3360,3360,-37.73855462,143.51343157,13.51985324,0.75678794,0.0378394,14.27664118,15.17466505,1.04814519,0.05240726,16.22281024,0.31592366,36.30586,10,50.0,43.88888889,4.72222222,34,1752,8760,
3361,3361,-37.72241095,143.36658653,13.68742511,0.7701744,0.03850872,14.45759951,15.26695512,1.03905091,0.05195255,16.30600602,0.30386251,40.19863,7,50.0,44.44444444,4.16666667,11,1752,8760,
3363,3363,-37.42381057,143.89152539,13.6043541,0.70512909,0.03525645,14.30948318,14.69547274,1.10357965,0.05517898,15.79905239,0.26568946,7.1195,21,50.0,43.61111111,4.44444444,90,1752,8760,
3364,3364,-37.29553549,143.98928377,13.90484229,0.71271657,0.03563583,14.61755886,15.20498705,0.98585251,0.04929263,16.19083956,0.2526597,6.54024,23,50.0,40.83333333,3.88888889,57,1752,8760,
3370,3370,-37.26178289,143.82103382,13.98135778,0.71969043,0.03598452,14.70104821,16.11666428,1.09936735,0.05496837,17.21603163,0.25628779,5.87052,23,50.0,45.0,5.0,67,1752,8760,
3371,3371,-37.20224017,143.65775829,14.33003734,0.72834505,0.03641725,15.05838239,16.33045043,1.14498271,0.05724914,17.47543314,0.25014873,6.55491,22,50.0,43.88888889,4.44444444,23,1752,8760,
3373,3373,-37.46441793,143.34020439,13.87345421,0.74561935,0.03728097,14.61907356,14.84867356,1.1018744,0.05509372,15.95054796,0.31169935,26.56236,12,50.0,44.16666667,3.88888889,103,1752,8760,
3374,3374,-37.16668971,142.88183519,13.90876137,0.78493469,0.03924673,14.69369606,16.76958563,0.79356215,0.03967811,17.56314778,0.29621387,15.87755,1,50.0,,,,1752,8760,Annual residential load is unavailable.
3375,3375,-37.3917924,143.13604265,13.85579556,0.74463465,0.03723173,14.6004302,15.32874554,1.02837248,0.05141862,16.35711802,0.31327852,40.37717,3,50.0,,,,1752,8760,Annual residential load is unavailable.
3377,3377,-37.27268991,142.94899654,13.32640747,0.78495041,0.03924752,14.11135789,16.18779285,0.89828198,0.0449141,17.08607483,0.29683737,29.01906,1,50.0,44.16666667,3.88888889,272,1752,8760,
3378,3378,-37.51152118,143.02018763,13.36595274,0.76112492,0.03805625,14.12707767,15.35671013,1.00569762,0.05028488,16.36240775,0.29967658,54.0018,0,50.0,,,,1752,8760,Annual residential load is unavailable.
3379,3379,-37.53918326,142.63664896,11.5059931,0.81137489,0.04056874,12.31736799,15.34112688,0.91991549,0.04599577,16.26104237,0.20222363,53.44705,0,50.0,,,,1752,8760,Annual residential load is unavailable.
3380,3380,-37.05766886,142.77061341,14.41963379,0.79012247,0.03950612,15.20975626,17.3752319,0.66799022,0.03339951,18.04322211,0.25986296,1.39349,1,50.0,44.44444444,3.33333333,69,1752,8760,
3381,3381,-37.16116911,142.58591505,11.98453435,0.82756539,0.04137827,12.81209973,15.81174901,0.71664918,0.03583246,16.52839819,0.23637583,21.3836,1,50.0,43.05555556,6.11111111,65,1752,8760,
3384,3384,-36.97325716,143.14812712,15.03300014,0.806029,0.04030145,15.83902913,17.2209121,0.79513293,0.03975665,18.01604503,0.30432351,33.62577,4,50.0,46.38888889,5.0,11,1752,8760,
3385,3385,-36.87493913,142.58805496,14.5284093,0.8433688,0.04216844,15.3717781,17.40670739,0.61269058,0.03063453,18.01939797,0.24946167,25.83461,1,50.0,,,,1752,8760,Annual residential load is unavailable.
3387,3387,-36.82593102,142.86962033,15.37829045,0.82032197,0.0410161,16.19861243,17.59446327,0.67868295,0.03393415,18.27314622,0.30210334,25.96416,1,50.0,,,,1752,8760,Annual residential load is unavailable.
3388,3388,-36.62762119,142.6950002,15.57218038,0.84264885,0.04213244,16.41482923,17.66738145,0.59933423,0.02996671,18.26671568,0.2656961,47.42776,1,50.0,43.05555556,5.55555556,11,1752,8760,
3390,3390,-36.56549159,142.46746881,15.50608063,0.87299969,0.04364998,16.37908032,17.84756753,0.54712813,0.02735641,18.39469566,0.21683832,60.5439,0,50.0,43.33333333,5.27777778,15,1752,8760,
3391,3391,-36.05118147,142.4430949,16.26567985,0.84761665,0.04238083,17.11329651,19.05589639,0.57091714,0.02854586,19.62681353,0.22000892,75.87417,0,50.0,,,,1752,8760,Annual residential load is unavailable.
3392,3392,-36.41270388,142.62840769,15.94265303,0.84991995,0.042496,16.79257298,18.23403643,0.58229196,0.0291146,18.81632839,0.25934767,72.00061,0,50.0,,,,1752,8760,Annual residential load is unavailable.
3393,3393,-36.19365137,142.42071339,16.11648397,0.86165742,0.04308287,16.97814139,18.83493353,0.55334424,0.02766721,19.38827777,0.22123811,68.91067,0,50.0,13.61111111,12.22222222,20,1752,8760,
3395,3395,-35.91301472,142.41813129,16.3560219,0.8345103,0.04172552,17.1905322,19.14109547,0.5878561,0.0293928,19.72895157,0.22451558,81.49955,0,50.0,,,,1752,8760,Annual residential load is unavailable.
3396,3396,-35.70896834,142.35199261,16.49094358,0.82099764,0.04104988,17.31194122,19.45614592,0.62645911,0.03132296,20.08260502,0.22616518,82.35191,0,50.0,16.38888889,11.94444444,11,1752,8760,
3400,3400,-36.71892401,142.19622824,14.78291216,0.95418596,0.0477093,15.73709812,18.06441253,0.49671993,0.024836,18.56113246,,40.02495,1,50.0,14.72222222,9.72222222,282,1752,8760,No postcode zonal mean is available from the ΔT20 EBK prediction-standard-error raster.
3401,3401,-36.85787,142.17758567,14.42511218,0.95528283,0.04776414,15.38039501,17.18268401,0.53388406,0.0266942,17.71656807,0.18214178,35.6763,1,50.0,15.83333333,10.0,91,1752,8760,
3407,3407,-37.28754934,141.83866979,14.08913596,0.90745843,0.04537292,14.99659439,16.24087357,0.69006421,0.03450321,16.93093779,0.1806227,49.15655,1,50.0,,,,1752,8760,Annual residential load is unavailable.
3409,3409,-36.85019313,141.78992335,14.83850341,1.04451087,0.05222554,15.88301428,17.2695769,0.45188845,0.02259442,17.72146535,0.15330024,1.18783,3,50.0,18.88888889,8.33333333,10,1752,8760,
3412,3412,-36.67136793,141.48900665,15.20668352,1.07267487,0.05363374,16.27935839,17.23336822,0.46562385,0.02328119,17.69899208,0.13468356,14.44841,13,50.0,,,,1752,8760,Annual residential load is unavailable.
3413,3413,-36.70865293,141.23170836,15.22206236,1.08723437,0.05436172,16.30929673,17.17548409,0.64533275,0.03226664,17.82081684,0.12155298,3.40609,10,50.0,,,,1752,8760,Annual residential load is unavailable.
3414,3414,-36.3364798,142.05067082,15.68732977,0.93993927,0.04699696,16.62726905,18.44940098,0.48633043,0.02431652,18.93573141,0.1905523,34.06643,3,50.0,16.66666667,9.16666667,15,1752,8760,
3415,3415,-36.36885877,141.35293551,15.55290662,1.01943818,0.05097191,16.57234481,17.97188303,0.53426958,0.02671348,18.50615261,0.13352924,8.42459,10,50.0,,,,1752,8760,Annual residential load is unavailable.
3418,3418,-36.27753925,141.62635727,15.67246419,0.96465428,0.04823271,16.63711847,18.2435812,0.51079598,0.0255398,18.75437718,0.14684452,6.46522,5,50.0,14.72222222,11.94444444,44,1752,8760,
3419,3419,-36.4076603,141.24955001,15.54466157,1.02348271,0.05117414,16.56814429,17.91722966,0.56093268,0.02804663,18.47816234,0.13466843,4.85004,13,50.0,16.11111111,10.0,13,1752,8760,
3420,3420,-36.2394843,141.04264442,15.73639405,0.95324915,0.04766246,16.6896432,18.24839788,0.59750822,0.02987541,18.84590611,0.14884886,22.49636,3,50.0,,,,1752,8760,Annual residential load is unavailable.
3423,3423,-36.09810422,141.97786637,16.02364679,0.89851994,0.044926,16.92216673,18.98322005,0.53787218,0.02689361,19.52109223,0.19568761,37.62705,2,50.0,,,,1752,8760,Annual residential load is unavailable.
3424,3424,-35.82527245,141.99732392,16.33418672,0.84068065,0.04203403,17.17486737,19.1059467,0.60006371,0.03000319,19.70601042,0.20652146,63.1809,0,50.0,,,,1752,8760,Annual residential load is unavailable.
3427,3427,-37.63197774,144.70123595,14.7648975,0.70318608,0.0351593,15.46808359,17.17260703,0.95181017,0.04759051,18.1244172,0.34139116,37.88847,1,50.0,30.0,4.44444444,1121,1752,8760,
3428,3428,-37.63524429,144.79103135,14.95506829,0.71951419,0.03597571,15.67458248,17.32900429,0.97230566,0.04861528,18.30130995,0.34192055,38.62513,1,50.0,28.61111111,4.16666667,24,1752,8760,
3429,3429,-37.54989798,144.73526995,14.53934639,0.71447666,0.03572383,15.25382306,16.60213817,0.97730866,0.04886543,17.57944684,0.34243525,28.71338,1,50.0,29.44444444,4.44444444,3653,1752,8760,
3430,3430,-37.48726291,144.80328898,14.16553918,0.7336856,0.03668428,14.89922477,16.10326387,0.99870872,0.04993544,17.10197259,0.34189637,22.79436,1,50.0,30.83333333,3.88888889,10,1752,8760,
3431,3431,-37.44458883,144.68300345,14.21481746,0.72174884,0.03608744,14.93656631,15.28861777,0.9795574,0.04897787,16.26817518,0.32164645,17.4024,1,50.0,30.83333333,4.16666667,155,1752,8760,
3432,3432,-37.43812196,144.77694836,14.02494364,0.73738369,0.03686918,14.76232733,15.58775503,1.0120193,0.05060097,16.59977433,,16.8931,1,50.0,,,,1752,8760,Annual residential load is unavailable. No postcode zonal mean is available from the ΔT20 EBK prediction-standard-error raster.
3433,3433,-37.40105667,144.77646619,13.87998433,0.74330188,0.03716509,14.62328621,15.10726634,1.02745427,0.05137271,16.13472061,0.32958794,12.95613,1,50.0,,,,1752,8760,Annual residential load is unavailable.
3434,3434,-37.35160901,144.74714048,13.87947744,0.73703283,0.03685164,14.61651027,14.51619595,1.03043158,0.05152158,15.54662753,0.29717012,6.91969,1,50.0,29.16666667,4.72222222,145,1752,8760,
3435,3435,-37.22645106,144.73853071,13.94502712,0.72395985,0.03619799,14.66898697,14.46712039,1.00039155,0.05001958,15.46751194,0.30842488,7.35493,2,50.0,44.16666667,4.16666667,178,1752,8760,
3437,3437,-37.50160043,144.54668498,14.3792583,0.69736257,0.03486813,15.07662087,14.43602078,0.93774042,0.04688702,15.3737612,0.33137713,28.1788,4,50.0,30.0,4.44444444,911,1752,8760,
3438,3438,-37.45238592,144.61525114,14.28930492,0.70679586,0.03533979,14.99610077,14.79928177,0.95573153,0.04778658,15.75501331,,20.34585,2,50.0,45.83333333,3.88888889,181,1752,8760,No postcode zonal mean is available from the ΔT20 EBK prediction-standard-error raster.
3440,3440,-37.4284758,144.55586853,14.24976261,0.69906964,0.03495348,14.94883225,13.8692337,0.94402874,0.04720144,14.81326244,0.32239324,21.35406,4,50.0,44.72222222,5.27777778,15,1752,8760,
3441,3441,-37.39297064,144.59318108,14.17702432,0.70338719,0.03516936,14.88041152,12.98691811,0.95596139,0.04779807,13.9428795,,16.2352,4,50.0,49.44444444,8.88888889,12,1752,8760,No postcode zonal mean is available from the ΔT20 EBK prediction-standard-error raster.
3442,3442,-37.33278673,144.55193292,14.14706245,0.70675174,0.03533759,14.85381418,13.61860171,0.94490869,0.04724543,14.5635104,0.31110059,16.01948,5,50.0,43.33333333,5.0,200,1752,8760,
3444,3444,-37.13542817,144.5284614,14.34498382,0.71949783,0.03597489,15.06448165,15.65232934,0.83725906,0.04186295,16.4895884,0.31570441,24.63712,3,50.0,44.72222222,4.44444444,328,1752,8760,
3446,3446,-37.19565548,144.34487154,14.31321852,0.71361884,0.03568094,15.02683736,14.76405697,0.79831414,0.03991571,15.56237111,0.30864383,19.69148,13,50.0,41.66666667,5.0,58,1752,8760,
3447,3447,-37.14135043,144.34907651,14.39171107,0.71171741,0.03558587,15.10342848,14.96507185,0.76507621,0.03825381,15.73014806,,15.32972,12,50.0,44.16666667,5.83333333,34,1752,8760,No postcode zonal mean is available from the ΔT20 EBK prediction-standard-error raster.
3448,3448,-37.05150886,144.3827374,14.54074575,0.72061209,0.0360306,15.26135784,16.08938479,0.72211526,0.03610576,16.81150005,0.30585005,14.32931,6,50.0,45.55555556,4.72222222,26,1752,8760,
3450,3450,-37.05929971,144.22204196,14.53699025,0.69631092,0.03481555,15.23330116,15.67375755,0.60426771,0.03021339,16.27802527,,1.20278,12,50.0,39.72222222,5.0,177,1752,8760,No postcode zonal mean is available from the ΔT20 EBK prediction-standard-error raster.
3451,3451,-37.13970296,144.21685292,14.44277842,0.70751746,0.03537587,15.15029589,15.7765411,0.70621985,0.03531099,16.48276095,0.28784898,10.14923,17,50.0,43.05555556,4.44444444,358,1752,8760,
3453,3453,-36.93390594,144.2389354,14.81205467,0.71904525,0.03595226,15.53109991,16.56900685,0.6464528,0.03232264,17.21545965,0.29495894,12.83783,6,50.0,46.11111111,4.72222222,61,1752,8760,
3458,3458,-37.45546442,144.36543809,14.15217407,0.69862451,0.03493123,14.85079858,13.06333422,0.90691054,0.04534553,13.97024475,0.3205793,27.3312,11,50.0,43.33333333,5.55555556,165,1752,8760,
3460,3460,-37.34428339,144.16125126,13.98242728,0.7044487,0.03522243,14.68687598,13.79630937,0.85483938,0.04274197,14.65114874,0.28749797,8.62577,18,50.0,41.11111111,5.83333333,143,1752,8760,
3461,3461,-37.30778918,144.17985367,14.08319872,0.70564361,0.03528218,14.78884233,13.96890113,0.84681623,0.04234081,14.81571736,0.29746217,11.06497,20,50.0,43.33333333,6.66666667,205,1752,8760,
3462,3462,-37.10675345,144.10757093,14.45659812,0.71808263,0.03590413,15.17468075,16.54281469,0.77558585,0.03877929,17.31840054,0.29063433,11.99104,22,50.0,42.5,4.72222222,44,1752,8760,
3463,3463,-36.969868,144.03081288,14.91685246,0.71495843,0.03574792,15.63181089,17.32210402,0.69454409,0.0347272,18.01664811,0.27466023,9.15828,15,50.0,44.16666667,5.0,67,1752,8760,
3464,3464,-37.02969541,143.83936927,14.81392425,0.73118305,0.03655915,15.5451073,17.01497444,0.84558004,0.042279,17.86055447,0.2734057,16.09606,22,50.0,45.83333333,3.61111111,44,1752,8760,
3465,3465,-37.03537106,143.6740776,14.86700336,0.75029598,0.0375148,15.61729933,17.03967168,0.93260541,0.04663027,17.97227709,0.27606178,10.29853,21,50.0,46.38888889,3.61111111,266,1752,8760,
3467,3467,-37.08210656,143.46997231,14.82634466,0.76520961,0.03826048,15.59155427,16.61856877,1.05251571,0.05262579,17.67108448,0.27348675,8.53155,14,50.0,44.72222222,4.16666667,25,1752,8760,
3468,3468,-37.21319791,143.40326574,14.45421843,0.74476392,0.0372382,15.19898235,15.94699579,1.12840007,0.05642,17.07539586,0.28987294,15.77952,14,50.0,,,,1752,8760,Annual residential load is unavailable.
3469,3469,-37.17473748,143.26387217,14.57924704,0.77677979,0.03883899,15.35602683,15.63063071,1.00877046,0.05043852,16.63940117,0.29755456,28.70311,6,50.0,,,,1752,8760,Annual residential load is unavailable.
3472,3472,-36.8820376,143.71793606,15.28312637,0.75761149,0.03788057,16.04073785,17.61710659,0.80724464,0.04036223,18.42435122,0.30236793,22.26604,8,50.0,45.0,5.0,32,1752,8760,
3475,3475,-36.72622847,143.51921979,15.59913178,0.77541851,0.03877093,16.3745503,17.72004261,0.76487949,0.03824397,18.48492209,0.32568938,37.43409,3,50.0,44.44444444,4.16666667,12,1752,8760,
3477,3477,-36.70429007,143.34698257,15.72824993,0.79358594,0.0396793,16.52183588,17.79254668,0.73156669,0.03657833,18.52411337,0.32893384,44.06169,2,50.0,,,,1752,8760,Annual residential load is unavailable.
3478,3478,-37.04887959,143.3217181,15.35878453,0.78277053,0.03913853,16.14155506,16.76526937,0.8490009,0.04245005,17.61427028,0.31726149,21.40662,6,50.0,43.61111111,5.27777778,49,1752,8760,
3480,3480,-36.34972181,142.93925183,16.14669312,0.7971541,0.03985771,16.94384722,18.63192529,0.62132948,0.03106647,19.25325476,0.29043762,78.96743,0,50.0,46.66666667,3.88888889,17,1752,8760,
3482,3482,-36.13748836,142.84341911,16.34350963,0.79854293,0.03992715,17.14205256,19.15200488,0.59929958,0.02996498,19.75130446,0.27035769,101.45312,0,50.0,,,,1752,8760,Annual residential load is unavailable.
3483,3483,-35.91330418,142.88387333,16.44722606,0.7831987,0.03915994,17.23042476,19.64396749,0.60197373,0.03009869,20.24594122,0.24792863,97.7362,0,50.0,16.11111111,12.77777778,17,1752,8760,
3485,3485,-35.6960208,142.72236393,16.59563321,0.79062069,0.03953103,17.3862539,19.85080742,0.61445757,0.03072288,20.46526499,0.21967286,101.90493,0,50.0,,,,1752,8760,Annual residential load is unavailable.
3487,3487,-35.55602284,142.6065399,16.7228218,0.79542856,0.03977143,17.51825035,19.69067116,0.64540062,0.03227003,20.33607179,0.21510018,87.9193,0,50.0,,,,1752,8760,Annual residential load is unavailable.
3488,3488,-35.44179154,142.46392539,16.87231716,0.80055039,0.04002752,17.67286755,19.64257439,0.67841507,0.03392075,20.32098946,0.21487695,70.27211,0,50.0,,,,1752,8760,Annual residential load is unavailable.
3489,3489,-35.31217912,142.42427983,17.08978439,0.80029562,0.04001478,17.89008,19.94605592,0.71290202,0.0356451,20.65895794,0.20735398,60.89343,0,50.0,,,,1752,8760,Annual residential load is unavailable.
3490,3490,-35.67996019,141.40766623,17.06106668,0.86783631,0.04339182,17.92890299,19.75447127,0.77111977,0.03855599,20.52559104,0.16057199,36.1106,5,50.0,17.5,10.55555556,17,1752,8760,
3491,3491,-35.43529315,142.18750943,16.89192657,0.80915169,0.04045758,17.70107826,19.46574445,0.69705419,0.03485271,20.16279864,0.21332318,49.69523,1,50.0,,,,1752,8760,Annual residential load is unavailable.
3494,3494,-34.51914573,142.17885415,17.81749124,0.97615986,0.04880799,18.79365111,21.34257379,0.97015051,0.04850753,22.3127243,0.14384488,17.8113,4,50.0,17.5,11.38888889,10,1752,8760,
3496,3496,-34.362247,141.55411655,17.79361094,1.00282948,0.05014147,18.79644041,21.84856334,0.96556313,0.04827816,22.81412647,0.1182834,11.48204,10,50.0,16.94444444,8.33333333,147,1752,8760,
3498,3498,-34.2525471,142.16862656,17.99207,1.02197762,0.05109888,19.01404762,20.06512111,1.01805487,0.05090274,21.08317599,,11.0123,5,50.0,17.77777778,8.33333333,288,1752,8760,No postcode zonal mean is available from the ΔT20 EBK prediction-standard-error raster.
3500,3500,-34.19998017,142.13370032,18.01604052,1.03800527,0.05190026,19.05404579,20.82724048,1.03311862,0.05165593,21.86035911,0.11908475,4.64984,5,50.0,16.66666667,8.61111111,988,1752,8760,
3501,3501,-34.72586734,142.39958519,17.73457821,0.92315568,0.04615778,18.65773388,21.16589692,0.90486626,0.04524331,22.07076318,0.15652767,36.99214,2,50.0,18.33333333,8.61111111,46,1752,8760,
3505,3505,-34.18771738,141.87228372,17.99457919,1.03010709,0.05150535,19.02468628,21.81084338,0.97454792,0.0487274,22.7853913,0.12481261,18.25725,6,50.0,18.05555556,8.61111111,144,1752,8760,
3506,3506,-35.18819977,141.36525529,16.96682134,0.85002384,0.04250119,17.81684518,20.35581085,0.6779167,0.03389584,21.03372755,0.13248916,9.36619,13,50.0,,,,1752,8760,Annual residential load is unavailable.
3507,3507,-35.09925243,142.04586917,17.3985295,0.8428242,0.04214121,18.2413537,20.42526045,0.81167222,0.04058361,21.23693266,0.18078552,22.99847,1,50.0,,,,1752,8760,Annual residential load is unavailable.
3509,3509,-35.1620378,141.76423267,17.20212234,0.82666687,0.04133334,18.0287892,20.2085158,0.79971817,0.03998591,21.00823398,0.15110802,5.07374,2,50.0,,,,1752,8760,Annual residential load is unavailable.
3512,3512,-35.21032255,141.1326314,16.91350969,0.87950645,0.04397532,17.79301614,19.83726365,0.57118632,0.02855932,20.40844998,0.11140586,5.58842,12,50.0,,,,1752,8760,Annual residential load is unavailable.
3515,3515,-36.80342417,144.08016404,15.16765234,0.71164359,0.03558218,15.87929593,17.75681264,0.66532109,0.03326605,18.42213373,0.29490564,15.19226,3,50.0,46.11111111,4.44444444,139,1752,8760,
3516,3516,-36.62543092,144.01201353,15.58016865,0.71561958,0.03578098,16.29578823,17.90407226,0.67685394,0.0338427,18.5809262,0.31424721,31.39869,1,50.0,43.61111111,4.44444444,32,1752,8760,
3517,3517,-36.54178928,143.85283949,15.90434585,0.73437358,0.03671868,16.63871943,18.32897186,0.65922732,0.03296137,18.98819918,0.32814118,41.68927,1,50.0,46.38888889,3.61111111,29,1752,8760,
3518,3518,-36.44916532,143.5144051,16.02296334,0.73816484,0.03690824,16.76112818,18.53633704,0.64919338,0.03245967,19.18553042,0.33482807,64.81086,0,50.0,41.38888889,5.0,33,1752,8760,
3520,3520,-36.35099765,143.77248592,16.07753885,0.73172383,0.03658619,16.80926268,18.71023808,0.63628385,0.03181419,19.34652193,0.34335969,64.03982,0,50.0,,,,1752,8760,Annual residential load is unavailable.
3521,3521,-37.11359103,144.85890118,14.03207085,0.74280615,0.03714031,14.774877,16.36806386,0.92956784,0.04647839,17.29763171,0.33209653,23.06602,1,50.0,45.55555556,3.88888889,41,1752,8760,
3522,3522,-37.04825604,144.7809712,14.29270219,0.7343133,0.03671567,15.02701549,16.49570169,0.86223757,0.04311188,17.35793927,0.32706387,27.52065,2,50.0,44.44444444,5.27777778,11,1752,8760,
3523,3523,-36.87840086,144.72809531,14.90516291,0.75359434,0.03767972,15.65875725,17.24559768,0.75661066,0.03783053,18.00220834,0.32341692,33.3351,5,50.0,45.83333333,4.44444444,192,1752,8760,
3525,3525,-36.2053522,143.557464,16.2144597,0.74284171,0.03714209,16.95730142,18.9342129,0.62663188,0.03133159,19.56084478,0.33355279,85.94749,0,50.0,43.33333333,4.72222222,19,1752,8760,
3527,3527,-36.0373771,143.28202251,16.43928553,0.74324788,0.03716239,17.18253341,19.40619131,0.60374163,0.03018708,20.00993294,0.33215427,79.99129,0,50.0,15.27777778,11.11111111,14,1752,8760,
3529,3529,-35.86087415,143.17889455,16.56819198,0.74226136,0.03711307,17.31045334,19.81420019,0.59694564,0.02984728,20.41114582,0.29143474,72.44212,0,50.0,,,,1752,8760,Annual residential load is unavailable.
3530,3530,-35.72891232,143.15876691,16.66132606,0.74153339,0.03707667,17.40285945,20.10635738,0.59720185,0.02986009,20.70355923,0.26822289,66.1274,0,50.0,,,,1752,8760,Annual residential load is unavailable.
3531,3531,-35.62093499,142.96241506,16.71458875,0.76012472,0.03800624,17.47471347,20.07545904,0.60859348,0.03042967,20.68405251,0.22159522,78.85279,0,50.0,,,,1752,8760,Annual residential load is unavailable.
3533,3533,-35.38251051,142.80131478,16.95175988,0.77076932,0.03853847,17.7225292,20.31721431,0.65377897,0.03268895,20.97099328,0.20817666,91.92275,0,50.0,18.05555556,9.72222222,18,1752,8760,
3537,3537,-36.05229106,143.71338549,16.4879626,0.70990192,0.0354951,17.19786452,18.96884539,0.59740554,0.02987028,19.56625093,0.33123021,66.41653,0,50.0,15.0,11.94444444,13,1752,8760,
3540,3540,-35.83556176,143.524173,16.6609689,0.70668679,0.03533434,17.3676557,19.8020588,0.5774023,0.02887012,20.3794611,0.31306665,49.1335,1,50.0,,,,1752,8760,Annual residential load is unavailable.
3542,3542,-35.66575485,143.43631639,16.76418433,0.70730757,0.03536538,17.47149189,19.97915273,0.56895747,0.02844787,20.54811019,0.31589219,40.89226,1,50.0,,,,1752,8760,Annual residential load is unavailable.
3544,3544,-35.47536435,143.18380819,16.87411449,0.7317738,0.03658869,17.6058883,20.30278078,0.59250714,0.02962536,20.89528792,0.26093584,56.84781,0,50.0,,,,1752,8760,Annual residential load is unavailable.
3546,3546,-35.08754421,142.91105374,17.26466287,0.76670276,0.03833514,18.03136563,20.63324757,0.67622474,0.03381124,21.30947231,0.19284403,71.54213,0,50.0,,,,1752,8760,Annual residential load is unavailable.
3549,3549,-34.78852712,142.77690748,17.58709079,0.81661872,0.04083094,18.4037095,20.41901483,0.75493463,0.03774673,21.17394946,0.17894262,60.29662,0,50.0,16.11111111,7.5,60,1752,8760,
3550,3550,-36.75811518,144.29292292,15.19312276,0.7273061,0.0363653,15.92042886,17.67209104,0.65563864,0.03278193,18.32772968,0.31511503,32.23242,5,50.0,43.05555556,5.0,835,1752,8760,
3551,3551,-36.75673561,144.48364908,15.21863608,0.74068474,0.03703424,15.95932082,17.58897443,0.68140525,0.03407026,18.27037968,0.30622407,20.38541,9,50.0,46.11111111,3.88888889,2206,1752,8760,
3555,3555,-36.80639632,144.24264522,15.08740243,0.72716905,0.03635845,15.81457148,17.06619975,0.65478745,0.03273937,17.72098721,0.30593862,26.91709,6,50.0,45.0,4.44444444,450,1752,8760,
3556,3556,-36.64842635,144.18880453,15.47765218,0.70927971,0.03546399,16.18693189,17.92672157,0.66263719,0.03313186,18.58935876,0.30683969,34.76316,7,50.0,44.72222222,3.88888889,400,1752,8760,
3557,3557,-36.65494334,144.52407913,15.36581211,0.74651477,0.03732574,16.11232688,17.72979261,0.63502118,0.03175106,18.36481379,0.29024165,8.98232,7,50.0,46.11111111,3.33333333,32,1752,8760,
3558,3558,-36.46147593,144.5832241,15.76169337,0.71986987,0.03599349,16.48156324,17.99158327,0.70107136,0.03505357,18.69265463,0.27749116,8.77762,8,50.0,42.22222222,3.88888889,34,1752,8760,
3559,3559,-36.56336469,144.82687836,15.65935226,0.72642898,0.03632145,16.38578124,18.06383952,0.7249312,0.03624656,18.78877072,0.29757053,15.1614,8,50.0,42.77777778,5.27777778,13,1752,8760,
3561,3561,-36.33989658,144.68315905,16.0630621,0.68868418,0.03443421,16.75174628,17.84494539,0.80024753,0.04001238,18.64519292,0.27489522,3.95777,8,50.0,38.33333333,6.38888889,65,1752,8760,
3562,3562,-36.0462018,144.52763434,16.48137457,0.65308739,0.03265437,17.13446196,18.58771182,0.68558805,0.0342794,19.27329987,0.31888957,18.75352,5,50.0,41.66666667,6.66666667,13,1752,8760,
3563,3563,-36.27145267,144.49872504,16.14842739,0.68367802,0.0341839,16.83210541,17.69232577,0.76807981,0.03840399,18.46040558,0.29387887,15.06665,8,50.0,15.0,10.55555556,16,1752,8760,
3564,3564,-36.15796157,144.70262141,16.40542785,0.65472364,0.03273618,17.06015149,18.41326973,0.74373242,0.03718662,19.15700215,0.29988226,2.78666,8,50.0,34.44444444,5.83333333,424,1752,8760,
3565,3565,-36.19160611,144.52470682,16.27940912,0.66622731,0.03331137,16.94563643,18.20760731,0.75780074,0.03789004,18.96540805,0.29482815,13.64309,8,50.0,,,,1752,8760,Annual residential load is unavailable.
3566,3566,-35.95635849,144.35418203,16.61290045,0.65305814,0.03265291,17.26595859,17.92973486,0.61188443,0.03059422,18.54161929,0.32746421,37.03726,1,50.0,,,,1752,8760,Annual residential load is unavailable.
3567,3567,-35.92933836,144.23689894,16.67406849,0.65148419,0.03257421,17.32555267,17.92533143,0.58516178,0.02925809,18.51049321,0.32989945,47.31163,1,50.0,,,,1752,8760,Annual residential load is unavailable.
3568,3568,-35.77525187,144.20946138,16.8102397,0.644473,0.03222365,17.45471271,18.04051128,0.55861416,0.02793071,18.59912544,0.32615844,50.22039,0,50.0,16.94444444,10.55555556,63,1752,8760,
3570,3570,-36.53835989,144.26237294,15.75267663,0.71708607,0.0358543,16.4697627,18.17442119,0.67977493,0.03398875,18.85419612,0.30400466,30.10578,8,50.0,46.11111111,5.0,24,1752,8760,
3571,3571,-36.38461903,144.18005836,15.97045313,0.71954034,0.03597702,16.68999347,18.12998469,0.68092541,0.03404627,18.8109101,0.31202959,38.85326,7,50.0,,,,1752,8760,Annual residential load is unavailable.
3572,3572,-36.33469091,144.37380248,16.04885395,0.70469677,0.03523484,16.75355071,18.38655372,0.70891005,0.0354455,19.09546377,0.31234112,21.84542,8,50.0,,,,1752,8760,Annual residential load is unavailable.
3573,3573,-36.15012175,144.36322796,16.27064433,0.69613603,0.0348068,16.96678036,18.69186919,0.68537655,0.03426883,19.37724574,0.31972574,27.92352,5,50.0,,,,1752,8760,Annual residential load is unavailable.
3575,3575,-36.06744825,144.10886014,16.48098656,0.68817032,0.03440852,17.16915688,18.9736742,0.62310611,0.03115531,19.5967803,0.33221144,51.91401,0,50.0,,,,1752,8760,Annual residential load is unavailable.
3576,3576,-36.12227891,143.91421712,16.45473829,0.70519302,0.03525965,17.1599313,18.82421332,0.60756022,0.03037801,19.43177354,0.32577467,68.3644,0,50.0,,,,1752,8760,Annual residential load is unavailable.
3579,3579,-35.81201222,143.82493397,16.88679608,0.66790112,0.03339506,17.5546972,19.27250443,0.55065351,0.02753268,19.82315794,0.31486634,39.12841,1,50.0,16.11111111,10.27777778,73,1752,8760,
3580,3580,-35.62994497,144.09051801,17.04051567,0.62391695,0.03119585,17.66443261,18.27149553,0.51376699,0.02568835,18.78526251,0.32259014,31.53104,1,50.0,16.38888889,10.83333333,42,1752,8760,
3581,3581,-35.5943599,143.81767654,17.01612283,0.65833025,0.03291651,17.67445308,19.59033457,0.52847413,0.02642371,20.11880869,0.28575745,14.91833,1,50.0,,,,1752,8760,Annual residential load is unavailable.
3583,3583,-35.50428361,143.68980382,16.97104359,0.66922142,0.03346107,17.64026501,19.70769401,0.52616013,0.02630801,20.23385414,0.28893444,12.0359,1,50.0,,,,1752,8760,Annual residential load is unavailable.
3584,3584,-35.46744121,143.64161439,16.95851223,0.67299435,0.03364972,17.63150658,19.65011623,0.52629675,0.02631484,20.17641297,,15.3847,1,50.0,17.22222222,10.83333333,28,1752,8760,No postcode zonal mean is available from the ΔT20 EBK prediction-standard-error raster.
3585,3585,-35.44300908,143.46822416,16.9648403,0.70123105,0.03506155,17.66607135,20.12249046,0.56086328,0.02804316,20.68335375,0.27860415,31.13162,1,50.0,15.27777778,9.16666667,278,1752,8760,
3586,3586,-35.39360821,143.69166527,17.02910885,0.67857691,0.03392885,17.70768576,19.66993392,0.53384367,0.02669218,20.20377759,0.27372228,13.13067,1,50.0,,,,1752,8760,Annual residential load is unavailable.
3588,3588,-35.2961081,143.43413388,16.9991272,0.68922912,0.03446146,17.68835632,20.11650185,0.54639372,0.02731969,20.66289556,,38.76031,1,50.0,,,,1752,8760,Annual residential load is unavailable. No postcode zonal mean is available from the ΔT20 EBK prediction-standard-error raster.
3589,3589,-35.24143308,143.42515664,17.04123524,0.6877954,0.03438977,17.72903064,19.75499618,0.54794107,0.02739705,20.30293726,0.25938109,42.64343,1,50.0,,,,1752,8760,Annual residential load is unavailable.
3590,3590,-35.23656138,143.49864549,17.08122542,0.68268114,0.03413406,17.76390656,19.41878441,0.54219047,0.02710952,19.96097487,,37.7203,1,50.0,,,,1752,8760,Annual residential load is unavailable. No postcode zonal mean is available from the ΔT20 EBK prediction-standard-error raster.
3591,3591,-35.21238562,143.39855412,17.07836469,0.69471783,0.03473589,17.77308252,19.78720312,0.55954752,0.02797738,20.34675063,,46.49084,1,50.0,,,,1752,8760,Annual residential load is unavailable. No postcode zonal mean is available from the ΔT20 EBK prediction-standard-error raster.
3594,3594,-35.14690978,143.36325922,17.14253873,0.69561042,0.03478052,17.83814915,19.68338509,0.56861706,0.02843085,20.25200214,0.23762734,53.54533,0,50.0,,,,1752,8760,Annual residential load is unavailable.
3595,3595,-35.18350998,143.33577775,17.10611004,0.70069621,0.03503481,17.80680625,20.00750874,0.57287363,0.02864368,20.58038237,,52.99222,0,50.0,,,,1752,8760,Annual residential load is unavailable. No postcode zonal mean is available from the ΔT20 EBK prediction-standard-error raster.
3596,3596,-35.14559489,143.23586283,17.15556414,0.71539484,0.03576974,17.87095898,20.29603622,0.59444815,0.02972241,20.89048437,0.22949135,59.29302,0,50.0,,,,1752,8760,Annual residential load is unavailable.
3597,3597,-34.90291748,143.1546144,17.39516397,0.74090381,0.03704519,18.13606778,20.28215665,0.63538537,0.03176927,20.91754202,0.18001541,41.31874,2,50.0,,,,1752,8760,Annual residential load is unavailable.
3599,3599,-34.73831939,143.09459816,17.56432085,0.76346693,0.03817335,18.32778779,20.14339714,0.67209455,0.03360473,20.81549169,0.17327416,37.49798,2,50.0,,,,1752,8760,Annual residential load is unavailable.
3607,3607,-36.84876523,145.13349637,15.12216962,0.76815053,0.03840753,15.89032015,17.46108917,0.88148347,0.04407417,18.34257264,0.35036771,51.54576,0,50.0,,,,1752,8760,Annual residential load is unavailable.
3608,3608,-36.76384765,145.11348113,15.1866061,0.75829002,0.0379145,15.94489612,17.49227716,0.85863314,0.04293166,18.3509103,0.34533089,45.2079,1,50.0,45.0,4.44444444,256,1752,8760,
3610,3610,-36.59260395,145.22251079,15.38444063,0.74371951,0.03718598,16.12816014,17.61155213,0.86362515,0.04318126,18.47517727,0.349476,50.32062,0,50.0,42.77777778,5.55555556,22,1752,8760,
3612,3612,-36.61018693,145.03567707,15.53723931,0.74570955,0.03728548,16.28294886,17.82981866,0.80762306,0.04038115,18.63744172,0.33093151,33.75423,7,50.0,43.33333333,6.11111111,30,1752,8760,
3614,3614,-36.47101112,145.34427804,15.54124944,0.71967779,0.03598389,16.26092722,17.08126259,0.88263175,0.04413159,17.96389434,0.34742036,49.48734,1,50.0,42.77777778,4.72222222,19,1752,8760,
3616,3616,-36.46926111,145.17272831,15.72420001,0.71468029,0.03573401,16.4388803,17.28924623,0.83935883,0.04196794,18.12860507,0.33309609,47.58908,4,50.0,38.61111111,5.0,256,1752,8760,
3617,3617,-36.40627112,145.18191821,15.76189869,0.71133701,0.03556685,16.47323569,17.35561704,0.83875975,0.04193799,18.19437679,,47.30226,4,50.0,,,,1752,8760,Annual residential load is unavailable. No postcode zonal mean is available from the ΔT20 EBK prediction-standard-error raster.
3618,3618,-36.36823869,145.15015199,15.88026081,0.70421313,0.03521066,16.58447394,17.2025219,0.83267444,0.04163372,18.03519634,0.32766102,44.31987,7,50.0,,,,1752,8760,Annual residential load is unavailable.
3620,3620,-36.27836314,145.07394503,16.13436815,0.68664087,0.03433204,16.82100902,17.3657451,0.80219771,0.04010989,18.16794281,0.31827932,37.9974,8,50.0,33.61111111,5.27777778,188,1752,8760,
3621,3621,-36.22648931,144.96804496,16.25967476,0.67301948,0.03365097,16.93269423,17.26020413,0.77928508,0.03896425,18.03948921,0.31139168,27.24518,8,50.0,39.44444444,5.83333333,35,1752,8760,
3622,3622,-36.25921554,144.75666528,16.24718498,0.66721676,0.03336084,16.91440174,17.79694402,0.79340333,0.03967017,18.59034735,0.29587975,12.69595,8,50.0,,,,1752,8760,Annual residential load is unavailable.
3623,3623,-36.46278,144.94156763,15.85084433,0.71643419,0.03582171,16.56727852,17.46072757,0.77394927,0.03869746,18.23467684,0.31235905,27.59688,8,50.0,,,,1752,8760,Annual residential load is unavailable.
3624,3624,-36.39986023,144.94963711,15.97165674,0.705291,0.03526455,16.67694774,17.29335346,0.78393149,0.03919657,18.07728495,0.31450206,26.55902,8,50.0,,,,1752,8760,Annual residential load is unavailable.
3629,3629,-36.29787714,145.26895781,16.02591696,0.69541427,0.03477071,16.72133123,17.35589737,0.86399437,0.04319972,18.21989174,0.32556931,33.01442,5,50.0,36.38888889,6.11111111,324,1752,8760,
3630,3630,-36.46507661,145.59808611,15.53968679,0.70664441,0.03533222,16.2463312,17.9170715,0.9287306,0.04643653,18.8458021,0.35082576,44.41848,2,50.0,40.0,4.16666667,839,1752,8760,
3631,3631,-36.44527,145.48008704,15.61252856,0.70936626,0.03546831,16.32189482,17.72889264,0.91796623,0.04589831,18.64685886,0.34792457,43.46567,3,50.0,41.38888889,4.44444444,863,1752,8760,
3633,3633,-36.29459249,145.46910591,16.04963725,0.69234036,0.03461702,16.74197761,17.39603725,0.92034458,0.04601723,18.31638183,0.32408012,27.87424,7,50.0,,,,1752,8760,Annual residential load is unavailable.
3634,3634,-36.23467286,145.53876787,16.12334008,0.68541131,0.03427057,16.80875139,17.81815332,0.91683651,0.04584183,18.73498983,0.31122665,19.47633,10,50.0,35.27777778,5.55555556,39,1752,8760,
3635,3635,-36.15554129,145.33988649,16.27659662,0.67374193,0.0336871,16.95033855,18.16322921,0.88537086,0.04426854,19.04860007,0.30148768,16.05848,11,50.0,,,,1752,8760,Annual residential load is unavailable.
3636,3636,-36.1028648,145.50588155,16.33534908,0.67084909,0.03354245,17.00619817,17.9025572,0.91686248,0.04584312,18.81941968,0.25190429,7.28411,11,50.0,42.77777778,4.16666667,126,1752,8760,
3637,3637,-35.96509762,145.29296295,16.51063421,0.64357494,0.03217875,17.15420916,17.90605148,0.72731581,0.03636579,18.63336729,0.26729325,10.75235,15,50.0,38.88888889,4.44444444,10,1752,8760,
3638,3638,-36.03494222,145.16898962,16.44937015,0.64901152,0.03245058,17.09838167,18.13489351,0.72220548,0.03611027,18.85709899,0.29301015,17.93472,13,50.0,36.94444444,5.0,69,1752,8760,
3639,3639,-35.97686991,145.0391149,16.52870015,0.62564866,0.03128243,17.15434881,17.95515075,0.64096517,0.03204826,18.59611593,0.29687879,20.32605,10,50.0,,,,1752,8760,Annual residential load is unavailable.
3640,3640,-36.00425566,145.48165698,16.4833921,0.64955701,0.03247785,17.13294911,17.47748594,0.91125186,0.04556259,18.38873781,0.26211178,5.43468,14,50.0,46.38888889,4.44444444,14,1752,8760,
3641,3641,-35.89593338,145.4439202,16.59268201,0.63353099,0.03167655,17.22621301,18.10761934,0.72020418,0.03601021,18.82782352,0.24353,10.24568,17,50.0,43.05555556,4.72222222,22,1752,8760,
3644,3644,-35.93258819,145.66361959,16.57747653,0.63956934,0.03197847,17.21704588,17.89765507,0.86540788,0.04327039,18.76306295,0.25879377,9.91479,13,50.0,35.27777778,5.0,271,1752,8760,
3646,3646,-36.2525917,145.70743689,15.99192546,0.68240043,0.03412002,16.67432589,18.15638472,0.95513586,0.04775679,19.11152058,0.32494465,23.09146,8,50.0,,,,1752,8760,Annual residential load is unavailable.
3647,3647,-36.3939907,145.69981586,15.60529677,0.70114115,0.03505706,16.30643792,17.95419933,0.95293867,0.04764693,18.90713801,,37.69297,6,50.0,,,,1752,8760,Annual residential load is unavailable. No postcode zonal mean is available from the ΔT20 EBK prediction-standard-error raster.
3649,3649,-36.06706284,145.70528255,16.37167799,0.66288532,0.03314427,17.0345633,17.92698464,1.02709425,0.05135471,18.95407889,0.24884822,6.14613,11,50.0,,,,1752,8760,Annual residential load is unavailable.
3658,3658,-37.28148658,145.13953352,13.74970219,0.75219597,0.0376098,14.50189815,14.75914988,1.00129516,0.05006476,15.76044504,0.35724324,36.63967,1,50.0,45.0,4.16666667,270,1752,8760,
3659,3659,-37.12799051,145.13154112,14.07070827,0.75033749,0.03751687,14.82104576,15.50316927,0.94875093,0.04743755,16.4519202,0.35467903,40.30162,1,50.0,,,,1752,8760,Annual residential load is unavailable.
3660,3660,-37.05641034,145.26486174,14.133651,0.75131674,0.03756584,14.88496775,16.07216382,0.95413619,0.04770681,17.02630001,0.36346911,54.47925,0,50.0,44.16666667,4.16666667,334,1752,8760,
3662,3662,-36.93569211,144.94862491,14.7095463,0.75869625,0.03793481,15.46824255,17.23536953,0.85783999,0.042892,18.09320952,0.33999799,44.26057,4,50.0,,,,1752,8760,Annual residential load is unavailable.
3663,3663,-36.9255361,145.16501293,14.95465268,0.76437107,0.03821855,15.71902374,17.44982712,0.89130573,0.04456529,18.34113284,0.3535721,56.36503,0,50.0,,,,1752,8760,Annual residential load is unavailable.
3664,3664,-36.92189258,145.2954198,14.56408703,0.75769258,0.03788463,15.32177961,17.19151703,0.93471556,0.04673578,18.1262326,0.36430892,65.15574,0,50.0,45.27777778,3.88888889,109,1752,8760,
3665,3665,-36.82026566,145.35972879,14.58009369,0.75697007,0.0378485,15.33706376,17.98483695,0.92379692,0.04618985,18.90863387,0.36341749,67.77911,0,50.0,,,,1752,8760,Annual residential load is unavailable.
3666,3666,-36.78909629,145.57547034,13.98853232,0.74522557,0.03726128,14.7337579,16.87435959,0.96253832,0.04812692,17.83689791,0.37851375,80.46725,0,50.0,43.61111111,5.0,159,1752,8760,
3669,3669,-36.64916419,145.74897633,14.31544179,0.72519878,0.03625994,15.04064057,16.87152957,0.96703098,0.04835155,17.83856055,0.37457811,66.32679,0,50.0,44.44444444,5.55555556,49,1752,8760,
3670,3670,-36.64740124,145.87678247,14.48458383,0.7213599,0.036068,15.20594374,17.05780887,0.96492415,0.04824621,18.02273302,0.38788764,69.42188,0,50.0,41.94444444,4.16666667,12,1752,8760,
3672,3672,-36.57890775,145.99676751,15.05396287,0.7035475,0.03517737,15.75751036,17.33648642,0.94037376,0.04701869,18.27686018,0.39140278,66.42218,0,50.0,38.05555556,4.44444444,530,1752,8760,
3673,3673,-36.7505966,146.0831461,13.99293058,0.72938871,0.03646944,14.72231929,16.44593673,0.9539737,0.04769869,17.39991043,0.40428166,86.10633,0,50.0,45.83333333,4.44444444,40,1752,8760,
3675,3675,-36.47761275,146.20831556,14.79072155,0.69824435,0.03491222,15.4889659,17.26571445,0.90858959,0.04542948,18.17430403,0.41070326,58.99849,0,50.0,38.61111111,5.83333333,75,1752,8760,
3677,3677,-36.362917,146.31853259,15.21518372,0.70435517,0.03521776,15.91953888,17.15157596,0.87768604,0.0438843,18.029262,0.40323213,52.38819,0,50.0,37.77777778,4.44444444,534,1752,8760,
3678,3678,-36.83762831,146.53823329,12.36253879,0.73749249,0.03687462,13.10003128,15.64707812,0.94241865,0.04712093,16.58949677,0.41742427,107.69235,0,50.0,41.38888889,4.72222222,243,1752,8760,
3682,3682,-36.1800966,146.47622804,15.37561884,0.69003073,0.03450154,16.06564957,17.76364196,0.77914547,0.03895727,18.54278743,0.39197537,50.04432,0,50.0,42.5,3.33333333,21,1752,8760,
3683,3683,-36.17877195,146.6029032,14.93317178,0.69572802,0.0347864,15.6288998,17.20107164,0.76412946,0.03820647,17.9652011,0.41523335,60.41011,0,50.0,41.38888889,4.72222222,26,1752,8760,
3685,3685,-36.03906757,146.5311875,15.72794807,0.6807549,0.03403774,16.40870297,17.76162053,0.74963817,0.03748191,18.5112587,0.3816908,50.28004,0,50.0,41.94444444,5.0,111,1752,8760,
3687,3687,-36.00471493,146.42126477,15.96442859,0.67510354,0.03375518,16.63953213,17.89027654,0.7357595,0.03678798,18.62603605,,40.07189,1,50.0,37.77777778,4.16666667,29,1752,8760,No postcode zonal mean is available from the ΔT20 EBK prediction-standard-error raster.
3688,3688,-36.15610805,146.7210937,15.13500841,0.69146963,0.03457348,15.82647804,17.38879138,0.744639,0.03723195,18.13343039,0.42550048,69.67199,0,50.0,40.55555556,4.72222222,34,1752,8760,
3690,3690,-36.11654005,146.84937437,15.646615,0.69643849,0.03482192,16.34305349,18.02560977,0.72863371,0.03643169,18.75424348,0.42167726,79.87983,0,50.0,28.33333333,6.11111111,942,1752,8760,
3691,3691,-36.31819637,147.02172302,13.9268556,0.68883958,0.03444198,14.61569518,15.94250248,0.73662164,0.03683108,16.67912411,0.41444551,101.03436,0,50.0,32.5,5.0,1221,1752,8760,
3695,3695,-36.31663869,147.1190767,14.13352198,0.69178095,0.03458905,14.82530293,15.95152915,0.74620842,0.03731042,16.69773757,0.41243011,106.25155,0,50.0,,,,1752,8760,Annual residential load is unavailable.
3697,3697,-36.66065545,147.15026983,9.78032804,0.69739714,0.03486986,10.47772518,13.35159703,0.84443468,0.04222173,14.19603171,0.40870279,106.89274,0,50.0,42.77777778,5.0,19,1752,8760,
3698,3698,-36.76613628,147.13763818,8.50254238,0.70021378,0.03501069,9.20275616,13.82753072,0.88212694,0.04410635,14.70965767,0.40982336,111.65203,0,50.0,39.44444444,6.11111111,36,1752,8760,
3699,3699,-36.83521265,147.28792177,8.17871534,0.70522151,0.03526108,8.88393685,10.27819298,0.83683275,0.04184164,11.11502573,0.42184263,102.65305,0,50.0,41.94444444,5.0,11,1752,8760,
3700,3700,-36.19783902,147.19211309,14.41331579,0.68588757,0.03429438,15.09920336,16.17874365,0.70548417,0.03527421,16.88422782,0.42286436,101.86918,0,50.0,43.05555556,3.05555556,15,1752,8760,
3701,3701,-36.51066561,147.45345157,12.96289472,0.69076334,0.03453817,13.65365805,13.64593781,0.7421934,0.03710967,14.38813121,0.41131508,76.8439,0,50.0,47.5,4.72222222,18,1752,8760,
3704,3704,-36.12163736,147.50140349,13.43237335,0.68551287,0.03427564,14.11788622,13.93185028,0.67407722,0.03370386,14.6059275,0.42185794,78.04081,0,50.0,,,,1752,8760,Annual residential load is unavailable.
3705,3705,-36.1472077,147.79888262,14.01546532,0.67261173,0.03363059,14.68807704,15.71797568,0.64467098,0.03223355,16.36264666,0.41383599,52.99637,0,50.0,45.55555556,5.83333333,25,1752,8760,
3707,3707,-36.45940513,147.92595796,12.97124705,0.62526413,0.03126321,13.59651117,12.81020978,0.67504734,0.03375237,13.48525712,0.39434439,34.25297,2,50.0,46.11111111,3.33333333,44,1752,8760,
3708,3708,-36.06957407,147.92099514,14.16773078,0.68600746,0.03430037,14.85373825,16.42318711,0.61710279,0.03085514,17.0402899,0.41667959,50.00469,0,50.0,,,,1752,8760,Annual residential load is unavailable.
3709,3709,-36.0391566,147.66753386,13.93365524,0.69718255,0.03485913,14.63083779,15.4708194,0.63036884,0.03151844,16.10118823,0.41880834,69.48338,0,50.0,47.22222222,3.61111111,10,1752,8760,
3711,3711,-37.43794839,145.71076519,13.34832458,0.7711254,0.03855627,14.11944998,13.72450812,1.06362143,0.05318107,14.78812955,,88.57051,0,50.0,43.61111111,5.55555556,21,1752,8760,No postcode zonal mean is available from the ΔT20 EBK prediction-standard-error raster.
3712,3712,-37.36655711,145.83898896,13.25482886,0.82210033,0.04110502,14.07692919,11.92515256,1.11469027,0.05573451,13.03984283,0.41712122,94.50507,0,50.0,43.88888889,8.33333333,11,1752,8760,
3713,3713,-37.33891268,145.98934104,12.31478189,0.82710294,0.04135515,13.14188483,13.4437252,1.16786385,0.05839319,14.61158905,0.43895297,93.24871,0,50.0,44.16666667,5.55555556,24,1752,8760,
3714,3714,-37.21320154,145.71967479,13.48487473,0.77622049,0.03881102,14.26109521,15.43839185,1.06082245,0.05304112,16.4992143,0.3933858,88.41832,0,50.0,46.11111111,4.72222222,117,1752,8760,
3715,3715,-36.98904726,145.7540829,13.12517407,0.74920478,0.03746024,13.87437885,15.54673668,1.02268959,0.05113448,16.56942627,0.39757308,97.18238,0,50.0,44.44444444,6.38888889,11,1752,8760,
3717,3717,-37.30920006,145.44698106,13.74669384,0.75812157,0.03790608,14.50481541,14.70858016,1.04313817,0.05215691,15.75171833,0.37515198,63.83866,0,50.0,45.55555556,4.16666667,161,1752,8760,
3718,3718,-37.16107383,145.5248707,13.50026748,0.74946987,0.03747349,14.24973735,15.38863379,1.02852064,0.05142603,16.41715443,0.37451288,72.24544,0,50.0,,,,1752,8760,Annual residential load is unavailable.
3719,3719,-37.04540412,145.60892933,13.40292714,0.74489806,0.0372449,14.14782519,15.68029017,1.01744155,0.05087208,16.69773171,0.38970795,82.92674,0,50.0,44.72222222,5.0,19,1752,8760,
3720,3720,-37.0170918,145.88088784,13.16035377,0.76213175,0.03810659,13.92248553,15.82149803,1.02984908,0.05149245,16.85134711,0.39470385,106.84573,0,50.0,45.27777778,6.38888889,76,1752,8760,
3722,3722,-37.04204759,146.12555131,11.62390128,0.83451025,0.04172551,12.45841153,15.31930016,1.05372849,0.05268642,16.37302866,0.40409803,118.44709,0,50.0,50.27777778,3.88888889,365,1752,8760,
3723,3723,-37.32587997,146.277321,9.31923348,0.83809677,0.04190484,10.15733025,12.72078021,1.15866948,0.05793347,13.87944969,0.43859082,88.35209,0,50.0,82.77777778,2.77777778,157,1752,8760,
3725,3725,-36.42708686,146.01541097,15.73266364,0.68269868,0.03413493,16.41536232,17.79469587,0.93215991,0.046608,18.72685578,0.37288567,49.72645,1,50.0,40.27777778,5.0,21,1752,8760,
3726,3726,-36.33436814,145.9895707,15.88610147,0.67825708,0.03391285,16.56435855,17.93471568,0.90867265,0.04543363,18.84338833,0.36692653,39.31257,5,50.0,,,,1752,8760,Annual residential load is unavailable.
3727,3727,-36.24921151,145.9406873,15.97677592,0.67847483,0.03392374,16.65525075,17.98847657,0.90623603,0.0453118,18.8947126,0.34347815,30.00304,7,50.0,,,,1752,8760,Annual residential load is unavailable.
3728,3728,-36.16019692,145.82795184,16.12606811,0.67929011,0.03396451,16.80535822,18.19381321,0.90422328,0.04521116,19.09803648,0.30677392,17.61489,8,50.0,25.27777778,8.33333333,25,1752,8760,
3730,3730,-36.05215861,145.972355,16.27759978,0.67329542,0.03366477,16.9508952,17.9668753,0.86370414,0.04318521,18.83057943,0.2924003,7.9258,8,50.0,25.83333333,6.94444444,1003,1752,8760,
3732,3732,-36.70952024,146.33622226,12.62159406,0.75637261,0.03781863,13.37796667,15.83635976,0.95890145,0.04794507,16.79526121,0.42618645,87.17143,0,50.0,46.66666667,3.61111111,14,1752,8760,
3733,3733,-36.75269342,146.41343199,11.37746598,0.78361307,0.03918065,12.16107905,16.07756074,0.9974464,0.04987232,17.07500714,0.4096435,94.29656,0,50.0,,,,1752,8760,Annual residential load is unavailable.
3735,3735,-36.53732448,146.60344772,12.56715164,0.65728141,0.03286407,13.22443304,16.58669693,0.85615838,0.04280792,17.44285531,0.42359954,83.56864,0,50.0,45.0,3.61111111,11,1752,8760,
3737,3737,-37.10187624,146.84185106,9.39790099,0.78282141,0.03914107,10.18072239,13.28536759,0.97750592,0.0488753,14.26287351,0.4402683,96.87411,0,50.0,45.27777778,3.88888889,95,1752,8760,
3738,3738,-36.60436028,146.78443735,11.26137474,0.64800482,0.03240024,11.90937956,15.48785744,0.85880275,0.04294014,16.34666019,0.40530744,100.21884,0,50.0,,,,1752,8760,Annual residential load is unavailable.
3739,3739,-36.63941656,146.84607982,10.68650779,0.66592665,0.03329633,11.35243444,15.06272316,0.86000845,0.04300042,15.92273161,,106.8968,0,50.0,,,,1752,8760,Annual residential load is unavailable. No postcode zonal mean is available from the ΔT20 EBK prediction-standard-error raster.
3740,3740,-36.81394199,146.86382116,9.02291556,0.74124206,0.0370621,9.76415762,13.0593569,0.91620987,0.04581049,13.97556677,0.42517724,121.98826,0,50.0,46.94444444,4.72222222,29,1752,8760,
3741,3741,-36.90355205,147.10346092,8.27558221,0.72912973,0.03645649,9.00471195,11.72758712,0.90168513,0.04508426,12.62927224,0.43415554,109.61709,0,50.0,44.44444444,6.38888889,164,1752,8760,
3744,3744,-36.79091919,146.98462677,8.77371552,0.74773057,0.03738653,9.52144608,14.05445613,0.88688604,0.0443443,14.94134218,,124.32698,0,50.0,54.72222222,4.16666667,12,1752,8760,No postcode zonal mean is available from the ΔT20 EBK prediction-standard-error raster.
3746,3746,-36.3243363,146.51318877,14.39174281,0.7076797,0.03538398,15.09942251,17.01271634,0.80485951,0.04024298,17.81757585,0.42082414,61.45583,0,50.0,,,,1752,8760,Annual residential load is unavailable.
3747,3747,-36.35473786,146.71050685,13.88071048,0.68737524,0.03436876,14.56808572,15.36099608,0.78454797,0.0392274,16.14554405,0.42022061,77.87702,0,50.0,41.66666667,4.44444444,144,1752,8760,
3749,3749,-36.35664573,146.86732159,13.74244078,0.69545963,0.03477298,14.43790042,15.73646231,0.77128694,0.03856435,16.50774925,0.41554106,90.19238,0,50.0,42.22222222,5.0,36,1752,8760,
3750,3750,-37.59093488,145.00506227,14.61972294,0.72275406,0.0361377,15.342477,16.3625789,0.98928808,0.0494644,17.35186698,0.35326296,41.41615,1,50.0,29.16666667,5.0,5814,1752,8760,
3751,3751,-37.54438662,145.0611576,14.26608595,0.73036385,0.03651819,14.9964498,16.08474159,0.99115053,0.04955753,17.07589212,,40.83154,1,50.0,27.77777778,4.44444444,317,1752,8760,No postcode zonal mean is available from the ΔT20 EBK prediction-standard-error raster.
3752,3752,-37.63166118,145.08363786,14.82334299,0.71593277,0.03579664,15.53927576,16.71571592,0.98483702,0.04924185,17.70055294,,49.26453,1,50.0,28.61111111,5.55555556,852,1752,8760,No postcode zonal mean is available from the ΔT20 EBK prediction-standard-error raster.
3753,3753,-37.47616669,144.97192598,13.79179063,0.74083363,0.03704168,14.53262426,15.73909187,1.00224378,0.05011219,16.74133565,0.34749641,29.90108,1,50.0,30.55555556,4.16666667,2777,1752,8760,
3754,3754,-37.59486541,145.11709149,14.53312716,0.72338606,0.0361693,15.25651322,16.38127525,0.99778869,0.04988943,17.37906394,,48.27434,1,50.0,30.0,5.0,1471,1752,8760,No postcode zonal mean is available from the ΔT20 EBK prediction-standard-error raster.
3755,3755,-37.55029534,145.12705599,14.29989663,0.73401868,0.03670093,15.03391532,15.6631289,1.00289103,0.05014455,16.66601993,0.35867128,45.64285,1,50.0,,,,1752,8760,Annual residential load is unavailable.
3756,3756,-37.40549477,144.95189406,13.53755228,0.75149414,0.03757471,14.28904642,15.43483126,1.01022242,0.05051112,16.44505367,0.34344171,23.66574,1,50.0,31.11111111,4.16666667,1718,1752,8760,
3757,3757,-37.4695342,145.11835639,13.99115829,0.74440442,0.03722022,14.73556271,14.36296292,1.01235038,0.05061752,15.3753133,0.35744821,39.93818,1,50.0,31.11111111,4.72222222,156,1752,8760,
3758,3758,-37.35946397,145.03414182,13.37039501,0.74847566,0.03742378,14.11887067,14.7062685,1.01559486,0.05077974,15.72186335,,28.30256,1,50.0,29.16666667,5.0,60,1752,8760,No postcode zonal mean is available from the ΔT20 EBK prediction-standard-error raster.
3759,3759,-37.64280562,145.24646586,14.5450182,0.70447014,0.03522351,15.24948833,15.68011665,1.01219777,0.05060989,16.69231442,0.36093917,60.30566,0,50.0,,,,1752,8760,Annual residential load is unavailable.
3760,3760,-37.6270007,145.28834536,14.38991585,0.70271406,0.0351357,15.09262991,15.54029928,1.0200314,0.05100157,16.56033068,,62.10216,0,50.0,,,,1752,8760,Annual residential load is unavailable. No postcode zonal mean is available from the ΔT20 EBK prediction-standard-error raster.
3761,3761,-37.58325495,145.28737972,14.25040227,0.71398542,0.03569927,14.96438769,15.46092642,1.02105685,0.05105284,16.48198327,0.3608976,59.25114,0,50.0,27.5,4.72222222,14,1752,8760,
3762,3762,-37.35423734,144.93868701,13.3062943,0.74379359,0.03718968,14.05008789,15.19699952,1.01120931,0.05056047,16.20820883,,20.08284,1,50.0,,,,1752,8760,Annual residential load is unavailable. No postcode zonal mean is available from the ΔT20 EBK prediction-standard-error raster.
3763,3763,-37.51073824,145.35812527,14.03338273,0.72961259,0.03648063,14.76299533,14.08096606,1.02774317,0.05138716,15.10870923,0.36637309,60.94853,0,50.0,46.94444444,4.72222222,35,1752,8760,
3764,3764,-37.21224532,144.93431975,13.70353915,0.74442874,0.03722144,14.44796789,15.9570405,0.98267549,0.04913377,16.93971599,0.33524328,20.48332,1,50.0,46.38888889,4.16666667,711,1752,8760,
3765,3765,-37.81276651,145.34687113,14.839114,0.62416095,0.03120805,15.46327495,15.24456933,1.05085939,0.05254297,16.29542871,0.37080657,79.32032,0,50.0,44.72222222,6.66666667,33,1752,8760,
3766,3766,-37.81725229,145.38331207,14.73364364,0.59374819,0.02968741,15.32739183,14.5707442,1.06699314,0.05334966,15.63773734,,80.8011,0,50.0,,,,1752,8760,Annual residential load is unavailable. No postcode zonal mean is available from the ΔT20 EBK prediction-standard-error raster.
3767,3767,-37.83627768,145.35020481,14.88605478,0.62202626,0.03110131,15.50808105,14.06520729,1.04808327,0.05240416,15.11329056,,77.36719,0,50.0,,,,1752,8760,Annual residential load is unavailable. No postcode zonal mean is available from the ΔT20 EBK prediction-standard-error raster.
3770,3770,-37.71138754,145.42445694,14.36410026,0.66666708,0.03333335,15.03076734,15.54198429,1.05796002,0.052898,16.5999443,0.37375866,77.31597,0,50.0,44.16666667,4.16666667,97,1752,8760,
3775,3775,-37.62538087,145.37875396,14.23695405,0.69743804,0.0348719,14.93439209,15.37401312,1.03376064,0.05168803,16.40777376,0.37585488,68.55498,0,50.0,46.38888889,5.83333333,47,1752,8760,
3777,3777,-37.59033419,145.51967881,14.04522739,0.71833591,0.0359168,14.7635633,13.26593397,1.0709947,0.05354973,14.33692866,0.38232255,77.57023,0,50.0,44.44444444,5.83333333,153,1752,8760,
3778,3778,-37.55624499,145.63541222,13.42418876,0.74489889,0.03724494,14.16908765,12.72524236,1.08410091,0.05420505,13.80934326,0.40176096,85.45152,0,50.0,,,,1752,8760,Annual residential load is unavailable.
3779,3779,-37.62762139,146.02615825,11.16303692,0.79850238,0.03992512,11.9615393,11.49731952,1.22191333,0.06109567,12.71923284,0.42552238,61.51184,0,50.0,44.44444444,7.77777778,58,1752,8760,
3781,3781,-37.94668134,145.50900902,14.35262401,0.66288414,0.03314421,15.01550815,14.53427162,1.11014226,0.05550711,15.64441388,0.37767029,68.83452,0,50.0,44.72222222,6.38888889,37,1752,8760,
3782,3782,-37.9208917,145.45699508,14.6860807,0.63763409,0.0318817,15.32371479,14.6512981,1.09503369,0.05475168,15.74633179,0.36549468,74.10276,0,50.0,44.16666667,5.83333333,67,1752,8760,
3783,3783,-37.95519689,145.638223,13.17882383,0.70935174,0.03546759,13.88817557,13.96818334,1.12590367,0.05629518,15.094087,0.39072305,57.91214,0,50.0,44.16666667,5.55555556,36,1752,8760,
3785,3785,-37.87910082,145.31618829,15.10262521,0.64629538,0.03231477,15.74892059,14.67410045,1.03637183,0.05181859,15.71047228,,71.76299,0,50.0,,,,1752,8760,Annual residential load is unavailable. No postcode zonal mean is available from the ΔT20 EBK prediction-standard-error raster.
3786,3786,-37.87671615,145.33535156,15.02620163,0.64108068,0.03205403,15.66728231,14.05707959,1.04065135,0.05203257,15.09773094,,72.98971,0,50.0,,,,1752,8760,Annual residential load is unavailable. No postcode zonal mean is available from the ΔT20 EBK prediction-standard-error raster.
3787,3787,-37.86457921,145.35162,14.94397672,0.63112193,0.0315561,15.57509865,13.84075356,1.04430311,0.05221516,14.88505666,,74.93081,0,50.0,,,,1752,8760,Annual residential load is unavailable. No postcode zonal mean is available from the ΔT20 EBK prediction-standard-error raster.
3788,3788,-37.85352084,145.37679092,14.82592132,0.61259216,0.03062961,15.43851349,14.04390785,1.05717784,0.05285889,15.1010857,,77.26334,0,50.0,43.88888889,6.66666667,11,1752,8760,No postcode zonal mean is available from the ΔT20 EBK prediction-standard-error raster.
3789,3789,-37.88851268,145.35936938,14.95794174,0.63804209,0.0319021,15.59598383,14.00807126,1.04333699,0.05216685,15.05140825,0.3668797,73.27755,0,50.0,,,,1752,8760,Annual residential load is unavailable.
3791,3791,-37.89670339,145.38590079,14.87265881,0.62986257,0.03149313,15.50252137,14.43490944,1.06177598,0.0530888,15.49668542,,74.09381,0,50.0,44.72222222,6.94444444,13,1752,8760,No postcode zonal mean is available from the ΔT20 EBK prediction-standard-error raster.
3792,3792,-37.89186982,145.40215681,14.85215203,0.62275518,0.03113776,15.47490721,14.48017616,1.05649586,0.05282479,15.53667202,,75.44276,0,50.0,,,,1752,8760,Annual residential load is unavailable. No postcode zonal mean is available from the ΔT20 EBK prediction-standard-error raster.
3793,3793,-37.87389696,145.42764264,14.75451555,0.61887106,0.03094355,15.37338662,14.50560846,1.07483686,0.05374184,15.58044532,0.3676405,78.42446,0,50.0,43.88888889,5.55555556,16,1752,8760,
3795,3795,-37.83682892,145.43343639,14.6477487,0.60546662,0.03027333,15.25321532,14.89381277,1.08142909,0.05407145,15.97524186,,79.7198,0,50.0,46.66666667,5.83333333,17,1752,8760,No postcode zonal mean is available from the ΔT20 EBK prediction-standard-error raster.
3796,3796,-37.78729156,145.38821105,14.64401336,0.60896512,0.03044826,15.25297848,15.39608075,1.07484353,0.05374218,16.47092428,,80.30614,0,50.0,44.72222222,5.55555556,57,1752,8760,No postcode zonal mean is available from the ΔT20 EBK prediction-standard-error raster.
3797,3797,-37.85458134,145.70728196,12.49416108,0.7158302,0.03579151,13.20999128,13.60030124,1.16094649,0.05804732,14.76124773,0.40654837,57.95507,0,50.0,28.61111111,6.11111111,88,1752,8760,
3799,3799,-37.70510789,145.8045801,11.94274853,0.75621145,0.03781057,12.69895998,12.45757402,1.20628193,0.0603141,13.66385595,0.42599507,63.22087,0,50.0,28.61111111,6.38888889,79,1752,8760,
3802,3802,-37.96963961,145.25602147,15.31512748,0.68535568,0.03426778,16.00048316,16.84952431,1.0087827,0.05043914,17.85830701,0.35667232,60.56307,0,50.0,27.77777778,4.72222222,255,1752,8760,
3803,3803,-38.00678727,145.26836141,15.27370379,0.67824345,0.03391217,15.95194724,17.04140898,1.00782935,0.05039147,18.04923833,,58.09731,0,50.0,27.77777778,4.72222222,136,1752,8760,No postcode zonal mean is available from the ΔT20 EBK prediction-standard-error raster.
3804,3804,-37.97642858,145.32730906,15.13223272,0.6646847,0.03323424,15.79691743,15.88259445,1.03575345,0.05178767,16.9183479,0.36264336,64.07532,0,50.0,26.66666667,4.72222222,175,1752,8760,
3805,3805,-38.03655508,145.30434158,15.17785066,0.68287396,0.0341437,15.86072462,17.10297661,1.02454526,0.05122726,18.12752187,,57.90531,0,50.0,26.11111111,4.72222222,641,1752,8760,No postcode zonal mean is available from the ΔT20 EBK prediction-standard-error raster.
3806,3806,-38.02742074,145.35174057,15.07930022,0.67071514,0.03353576,15.75001535,16.07951187,1.03375127,0.05168756,17.11326314,0.35623768,61.6428,0,50.0,26.66666667,4.44444444,2751,1752,8760,
3807,3807,-38.0344607,145.38502221,15.01254813,0.66412339,0.03320617,15.67667152,15.52968125,1.03877966,0.05193898,16.56846091,,63.34411,0,50.0,26.66666667,4.16666667,217,1752,8760,No postcode zonal mean is available from the ΔT20 EBK prediction-standard-error raster.
3808,3808,-37.9946541,145.43191619,14.90820017,0.65828857,0.03291443,15.56648875,14.99752174,1.07152659,0.05357633,16.06904834,,69.3348,0,50.0,26.11111111,5.27777778,37,1752,8760,No postcode zonal mean is available from the ΔT20 EBK prediction-standard-error raster.
3809,3809,-38.07363057,145.41694559,14.95740948,0.68241329,0.03412066,15.63982277,15.48505739,1.04973948,0.05248697,16.53479687,,62.93672,0,50.0,26.94444444,3.88888889,3585,1752,8760,No postcode zonal mean is available from the ΔT20 EBK prediction-standard-error raster.
3810,3810,-38.07016886,145.49153536,14.82045311,0.69636864,0.03481843,15.51682175,15.50364792,1.06699363,0.05334968,16.57064154,0.36776001,67.04118,0,50.0,27.77777778,3.88888889,1716,1752,8760,
3812,3812,-38.07302809,145.5685649,14.57125583,0.71368897,0.03568445,15.2849448,15.41570739,1.07887053,0.05394353,16.49457792,0.36703676,60.32254,0,50.0,24.44444444,3.61111111,366,1752,8760,
3813,3813,-38.04867272,145.62751028,13.65584172,0.73345471,0.03667274,14.38929644,15.06698157,1.09664816,0.05483241,16.16362974,,55.72676,0,50.0,26.11111111,3.33333333,19,1752,8760,No postcode zonal mean is available from the ΔT20 EBK prediction-standard-error raster.
3814,3814,-38.07254661,145.68001661,13.39689418,0.73950036,0.03697502,14.13639454,15.41404771,1.07355949,0.05367797,16.4876072,0.36375034,50.70387,0,50.0,27.22222222,3.88888889,65,1752,8760,
3815,3815,-38.06273265,145.73547582,12.84135555,0.74477806,0.0372389,13.58613361,15.21956786,1.07642027,0.05382101,16.29598812,,46.15741,1,50.0,27.22222222,3.88888889,150,1752,8760,No postcode zonal mean is available from the ΔT20 EBK prediction-standard-error raster.
3816,3816,-38.09102834,145.77243254,12.60601411,0.76898145,0.03844907,13.37499556,15.25834212,1.07254688,0.05362734,16.330889,0.38304491,42.38398,1,50.0,28.05555556,3.61111111,213,1752,8760,
3818,3818,-38.13867346,145.841683,12.48525624,0.79832375,0.03991619,13.28357999,15.13620547,1.08800951,0.05440048,16.22421498,0.36394978,35.80423,4,50.0,27.22222222,3.61111111,1174,1752,8760,
3820,3820,-38.16131288,145.93868493,12.2236964,0.84137637,0.04206882,13.06507277,15.36054448,1.13314068,0.05665703,16.49368516,0.36245871,27.30943,7,50.0,28.05555556,3.88888889,1333,1752,8760,
3821,3821,-38.09713297,146.01275303,12.11183483,0.85298148,0.04264907,12.96481631,14.84667047,1.11950351,0.05597518,15.96617399,0.33687122,21.68535,10,50.0,29.16666667,4.44444444,58,1752,8760,
3822,3822,-38.23683151,145.98608513,12.27375683,0.87381701,0.04369085,13.14757384,14.96618343,1.09793187,0.05489659,16.0641153,0.33647072,24.99638,10,50.0,28.88888889,3.88888889,11,1752,8760,
3823,3823,-38.22000755,146.06782193,12.33097607,0.90203521,0.04510176,13.23301128,14.62324966,1.0972973,0.05486486,15.72054696,0.31109066,17.70582,13,50.0,30.0,3.61111111,131,1752,8760,
3824,3824,-38.22246963,146.16795648,12.35864508,0.97266152,0.04863308,13.3313066,14.91707582,1.11940783,0.05597039,16.03648365,0.27942966,10.69731,19,50.0,29.72222222,4.16666667,109,1752,8760,
3825,3825,-38.06748884,146.347939,9.63614832,0.98335694,0.04916785,10.61950525,13.35166021,1.29484067,0.06474203,14.64650088,0.320375,11.487,30,50.0,27.5,3.88888889,634,1752,8760,
3831,3831,-37.99854461,146.01996016,10.74063994,0.8584918,0.04292459,11.59913174,14.15767077,1.19359427,0.05967971,15.35126504,0.34807796,26.41982,7,50.0,28.05555556,4.72222222,74,1752,8760,
3832,3832,-37.92206187,145.99010754,10.52459002,0.83462006,0.041731,11.35921009,13.96470528,1.20674753,0.06033738,15.17145281,,34.24682,3,50.0,,,,1752,8760,Annual residential load is unavailable. No postcode zonal mean is available from the ΔT20 EBK prediction-standard-error raster.
3833,3833,-37.80800119,146.09366596,9.64391103,0.85320927,0.04266046,10.49712031,12.08622866,1.23844243,0.06192212,13.32467109,0.37958722,40.61633,2,50.0,,,,1752,8760,Annual residential load is unavailable.
3835,3835,-38.30361202,146.17062425,13.12730242,0.97484638,0.04874232,14.1021488,14.83438199,1.02716234,0.05135812,15.86154432,0.28625801,11.6954,18,50.0,,,,1752,8760,Annual residential load is unavailable.
3840,3840,-38.27118194,146.32748523,14.11729447,1.06521344,0.05326067,15.18250792,15.32121873,1.15528807,0.0577644,16.4765068,0.20683804,2.46268,37,50.0,27.22222222,3.61111111,294,1752,8760,
3842,3842,-38.31610456,146.42358758,14.40354882,1.05471113,0.05273556,15.45825995,15.50937742,1.16945337,0.05847267,16.67883079,,3.53906,48,50.0,28.33333333,3.88888889,178,1752,8760,No postcode zonal mean is available from the ΔT20 EBK prediction-standard-error raster.
3844,3844,-38.27810855,146.61191845,14.40761351,0.88365401,0.0441827,15.29126752,14.85189724,1.02250911,0.05112546,15.87440635,0.21020526,1.86727,74,50.0,27.77777778,3.61111111,923,1752,8760,
3847,3847,-38.2198243,146.82797837,14.32137989,0.76033795,0.0380169,15.08171785,14.80677881,0.83915461,0.04195773,15.64593342,0.18956023,2.75602,95,50.0,28.88888889,3.61111111,68,1752,8760,
3850,3850,-38.10436936,147.07295136,14.25226305,0.75094246,0.03754712,15.00320551,15.76335313,0.84124766,0.04206238,16.60460079,,3.96312,87,50.0,28.05555556,3.88888889,371,1752,8760,No postcode zonal mean is available from the ΔT20 EBK prediction-standard-error raster.
3851,3851,-38.21479652,147.14088046,14.81391938,0.66249929,0.03312496,15.47641867,15.23046325,0.70521955,0.03526098,15.9356828,0.19321245,2.80796,86,50.0,27.5,5.27777778,293,1752,8760,
3852,3852,-38.10413917,147.14335963,14.3394821,0.75150069,0.03757503,15.09098278,16.10899217,0.81180187,0.04059009,16.92079404,,6.36063,88,50.0,,,,1752,8760,Annual residential load is unavailable. No postcode zonal mean is available from the ΔT20 EBK prediction-standard-error raster.
3854,3854,-38.11491796,146.59321162,13.19421162,1.06417533,0.05320877,14.25838694,15.26573419,1.30674278,0.06533714,16.57247697,0.19862358,3.42002,56,50.0,26.38888889,3.33333333,107,1752,8760,
3856,3856,-38.03589594,146.59211271,12.21827283,1.07411666,0.05370583,13.29238948,14.99366083,1.36359224,0.06817961,16.35725307,0.24801253,9.84639,52,50.0,27.5,3.33333333,17,1752,8760,
3857,3857,-38.01376229,146.67208642,12.41132618,1.07446558,0.05372328,13.48579176,15.59209662,1.41521692,0.07076085,17.00731354,0.20942178,6.54392,57,50.0,27.5,2.77777778,12,1752,8760,
3858,3858,-37.57254806,146.68553659,9.28578612,1.0070513,0.05035257,10.29283742,13.26552773,1.27182907,0.06359145,14.53735681,0.38244493,51.05212,0,50.0,28.05555556,3.61111111,89,1752,8760,
3859,3859,-37.91943432,146.87436121,12.80065689,1.00283094,0.05014155,13.80348783,15.51810538,1.32052574,0.06602629,16.83863111,0.25663427,11.5563,53,50.0,31.11111111,4.72222222,20,1752,8760,
3860,3860,-37.7139729,146.94712116,12.03883385,0.96546786,0.04827339,13.00430171,14.30507293,1.2043818,0.06021909,15.50945473,0.32958842,29.18532,19,50.0,29.44444444,3.88888889,173,1752,8760,
3862,3862,-37.50903034,147.19076264,11.6790733,0.87877369,0.04393868,12.55784699,13.97098469,1.00658342,0.05032917,14.97756811,0.3565544,42.71015,1,50.0,28.05555556,3.61111111,242,1752,8760,
3864,3864,-37.82196883,147.31491494,14.36804259,0.87419958,0.04370998,15.24224217,15.72998362,0.89505292,0.04475265,16.62503654,0.26103814,6.78776,46,50.0,,,,1752,8760,Annual residential load is unavailable.
3865,3865,-37.7991494,147.46627762,14.42404434,0.88319185,0.04415959,15.30723619,15.68823433,0.93085677,0.04654284,16.6190911,0.25872532,11.49012,37,50.0,27.22222222,3.05555556,21,1752,8760,
3869,3869,-38.3654779,146.36143315,14.19189838,0.99426128,0.04971306,15.18615966,14.32848988,1.02156741,0.05107837,15.35005728,0.25826204,9.31974,42,50.0,28.61111111,3.88888889,78,1752,8760,
3870,3870,-38.44991796,146.34958092,14.36637068,0.9262699,0.0463135,15.29264059,13.355283,0.9739468,0.04869734,14.3292298,0.27978221,18.76569,36,50.0,26.66666667,5.0,19,1752,8760,
3871,3871,-38.39918975,146.14511204,13.74437585,0.93213385,0.04660669,14.6765097,14.41080819,0.96350347,0.04817517,15.37431166,0.29884481,19.16178,18,50.0,28.61111111,4.72222222,51,1752,8760,
3873,3873,-38.3039921,146.67678316,14.61586071,0.7378005,0.03689002,15.35366121,14.49914203,0.78874886,0.03943744,15.28789089,0.19462878,2.03582,82,50.0,27.22222222,3.61111111,13,1752,8760,
3874,3874,-38.52683319,146.89464286,15.24324153,0.63185011,0.03159251,15.87509164,15.0036889,0.62125113,0.03106256,15.62494003,0.19450955,1.376,72,50.0,26.66666667,5.83333333,27,1752,8760,
3875,3875,-37.68400815,147.54958686,13.90388867,0.85080947,0.04254047,14.75469814,14.8586358,0.93047626,0.04652381,15.78911206,0.30694636,21.48461,24,50.0,28.05555556,3.61111111,853,1752,8760,
3878,3878,-37.90810177,147.673593,14.86590345,0.94969789,0.04748489,15.81560134,15.92044512,1.07107728,0.05355386,16.99152241,0.19861796,0.56617,36,50.0,29.44444444,3.61111111,123,1752,8760,
3880,3880,-37.9277787,147.75524933,14.91024358,0.87945005,0.0439725,15.78969363,14.72339567,1.02265496,0.05113275,15.74605063,0.24967318,6.18967,32,50.0,29.44444444,3.88888889,307,1752,8760,
3882,3882,-37.81284891,147.74890755,14.62257385,0.90274675,0.04513734,15.5253206,16.30696818,1.05571164,0.05278558,17.36267982,0.2671555,7.62457,30,50.0,28.61111111,3.61111111,78,1752,8760,
3885,3885,-37.27177026,148.22037182,12.72215077,0.62076528,0.03103826,13.34291605,14.10135525,0.70397877,0.03519894,14.80533402,0.36188543,28.27414,1,50.0,28.05555556,4.16666667,52,1752,8760,
3886,3886,-37.7523455,148.45149016,15.47259187,0.63553415,0.03177671,16.10812602,15.64110046,0.80017303,0.04000865,16.4412735,,30.20837,6,50.0,,,,1752,8760,Annual residential load is unavailable. No postcode zonal mean is available from the ΔT20 EBK prediction-standard-error raster.
3887,3887,-37.69287447,148.05415666,14.62732602,0.71206679,0.03560334,15.33939281,15.03342823,0.859462,0.0429731,15.89289023,0.30048638,17.81476,16,50.0,27.5,4.44444444,11,1752,8760,
3888,3888,-37.3611904,148.60448125,13.36940061,0.60704805,0.0303524,13.97644866,13.89834606,0.70378182,0.03518909,14.60212788,0.37972705,41.8156,1,50.0,27.22222222,5.0,81,1752,8760,
3889,3889,-37.54589856,148.87776933,14.70807264,0.62396996,0.0311985,15.3320426,14.42725654,0.71972258,0.03598613,15.14697912,0.41619834,61.80728,0,50.0,,,,1752,8760,Annual residential load is unavailable.
3890,3890,-37.48997072,149.21110561,14.63061756,0.61402506,0.03070125,15.24464262,14.43934854,0.68645807,0.0343229,15.1258066,0.43498338,91.26149,0,50.0,,,,1752,8760,Annual residential load is unavailable.
3891,3891,-37.54811703,149.52038094,15.29548319,0.60255313,0.03012766,15.89803632,14.80426286,0.66124055,0.03306203,15.46550341,0.44270609,118.44936,0,50.0,,,,1752,8760,Annual residential load is unavailable.
3892,3892,-37.50981164,149.79884262,15.63937046,0.58553255,0.02927663,16.22490301,15.2106079,0.64737171,0.03236859,15.85797961,0.43519604,143.0159,0,50.0,25.27777778,6.11111111,88,1752,8760,
3893,3893,-37.55129168,147.90365009,13.66670728,0.74469062,0.03723453,14.4113979,14.51330984,0.83856058,0.04192803,15.35187043,0.34419349,24.32827,15,50.0,,,,1752,8760,Annual residential load is unavailable.
3895,3895,-37.36276688,147.85250999,13.14660761,0.67570098,0.03378505,13.8223086,15.54186317,0.78626196,0.0393131,16.32812513,0.36566602,33.80718,1,50.0,,,,1752,8760,Annual residential load is unavailable.
3896,3896,-37.17797545,147.90125483,12.59799358,0.67936088,0.03396804,13.27735446,13.45151027,0.80685563,0.04034278,14.2583659,0.39035107,45.5398,1,50.0,,,,1752,8760,Annual residential load is unavailable.
3898,3898,-37.03634361,147.5085381,10.74263243,0.70011258,0.03500563,11.44274501,12.40973286,0.85966621,0.04298331,13.26939907,0.41623483,80.2428,0,50.0,33.61111111,7.77777778,45,1752,8760,
3900,3900,-36.87262903,147.91217181,11.8183292,0.66645035,0.03332252,12.48477956,12.07252332,0.74065942,0.03703297,12.81318274,0.39068548,63.12887,0,50.0,,,,1752,8760,Annual residential load is unavailable.
3902,3902,-37.81617266,147.81146868,14.68799723,0.87307848,0.04365392,15.56107572,16.3561055,1.02871806,0.0514359,17.38482356,,7.27904,26,50.0,30.55555556,3.33333333,27,1752,8760,No postcode zonal mean is available from the ΔT20 EBK prediction-standard-error raster.
3903,3903,-37.81431341,147.86874278,14.7420679,0.84516186,0.04225809,15.58722976,15.66495852,1.00037541,0.05001877,16.66533393,0.26741037,5.07862,24,50.0,28.88888889,3.88888889,46,1752,8760,
3904,3904,-37.86857213,147.84333421,14.86539421,0.86945186,0.04347259,15.73484607,15.85704146,1.02775881,0.05138794,16.88480028,0.25134501,2.79623,26,50.0,28.05555556,5.27777778,169,1752,8760,
3909,3909,-37.81641646,148.01232533,14.91134933,0.76498733,0.03824937,15.67633667,14.9843412,0.96351701,0.04817585,15.94785821,0.25982798,5.43221,17,50.0,28.33333333,4.72222222,241,1752,8760,
3910,3910,-38.15457083,145.19742733,15.33085152,0.70798795,0.0353994,16.03883947,16.12238751,0.98881307,0.04944065,17.11120058,0.34387138,42.18171,3,50.0,26.38888889,4.16666667,288,1752,8760,
3911,3911,-38.19535472,145.17287794,15.3038557,0.71006669,0.03550333,16.01392239,15.62690397,0.97857302,0.04892865,16.60547699,0.333949,37.69826,3,50.0,26.66666667,4.16666667,55,1752,8760,
3912,3912,-38.22542514,145.21623402,15.20941726,0.70606631,0.03530332,15.91548357,15.6335469,0.97850539,0.04892527,16.61205229,0.34613131,39.08033,3,50.0,28.33333333,3.88888889,226,1752,8760,
3913,3913,-38.26780884,145.1714998,15.15070613,0.70798011,0.03539901,15.85868624,15.67442513,0.96731596,0.0483658,16.64174109,,33.44881,3,50.0,27.77777778,4.44444444,120,1752,8760,No postcode zonal mean is available from the ΔT20 EBK prediction-standard-error raster.
3915,3915,-38.30438318,145.12708443,15.13344171,0.70805304,0.03540265,15.84149476,15.56650257,0.96069113,0.04803456,16.5271937,0.33512403,28.27986,3,50.0,27.5,4.44444444,167,1752,8760,
3916,3916,-38.41878374,145.0478828,15.12290413,0.70294297,0.03514715,15.8258471,14.62555122,0.94845338,0.04742267,15.5740046,0.32604721,19.63824,3,50.0,26.11111111,6.11111111,32,1752,8760,
3918,3918,-38.33681049,145.16909025,15.02860146,0.70587695,0.03529385,15.73447841,15.34620989,0.9621251,0.04810626,16.30833499,,30.75483,3,50.0,25.83333333,3.88888889,79,1752,8760,No postcode zonal mean is available from the ΔT20 EBK prediction-standard-error raster.
3919,3919,-38.35237386,145.20278114,15.00186348,0.70956556,0.03547828,15.71142904,14.56418631,0.96029195,0.0480146,15.52447825,,33.33304,3,50.0,23.88888889,3.88888889,80,1752,8760,No postcode zonal mean is available from the ΔT20 EBK prediction-standard-error raster.
3920,3920,-38.3908682,145.20044288,14.98096123,0.71057119,0.03552856,15.69153242,14.39949851,0.95599477,0.04779974,15.35549327,0.33577675,32.77433,3,50.0,,,,1752,8760,Annual residential load is unavailable.
3921,3921,-38.35106314,145.32508324,15.35541358,0.72235787,0.03611789,16.07777145,14.43596299,0.95692852,0.04784643,15.39289151,0.34484483,43.92617,1,50.0,,,,1752,8760,Annual residential load is unavailable.
3922,3922,-38.48550921,145.2081702,15.33414852,0.71717094,0.03585855,16.05131945,14.95072168,0.92499787,0.04624989,15.87571956,,34.88018,3,50.0,28.05555556,5.27777778,566,1752,8760,No postcode zonal mean is available from the ΔT20 EBK prediction-standard-error raster.
3923,3923,-38.47881262,145.27980213,15.5177758,0.72162879,0.03608144,16.23940459,14.81834267,0.9196527,0.04598263,15.73799536,,40.72338,2,50.0,27.77777778,5.83333333,43,1752,8760,No postcode zonal mean is available from the ΔT20 EBK prediction-standard-error raster.
3925,3925,-38.52809369,145.41069242,15.3874433,0.7209701,0.03604851,16.10841341,14.56395149,0.88916856,0.04445843,15.45312005,0.34595484,44.71778,1,50.0,26.66666667,5.0,449,1752,8760,
3926,3926,-38.3511777,145.10018217,15.1031541,0.70943663,0.03547183,15.81259074,15.22427839,0.95339389,0.04766969,16.17767228,0.32826075,24.54403,3,50.0,25.55555556,5.0,77,1752,8760,
3927,3927,-38.38133869,145.15898366,14.98584819,0.70724266,0.03536213,15.69309084,15.11120491,0.95681219,0.04784061,16.06801711,,29.20251,3,50.0,24.72222222,5.27777778,57,1752,8760,No postcode zonal mean is available from the ΔT20 EBK prediction-standard-error raster.
3928,3928,-38.40032293,144.9665816,15.19706755,0.72034271,0.03601714,15.91741026,14.81774864,0.96488262,0.04824413,15.78263126,,12.39831,3,50.0,25.0,5.55555556,26,1752,8760,No postcode zonal mean is available from the ΔT20 EBK prediction-standard-error raster.
3929,3929,-38.45835502,144.97827609,15.18489755,0.71899271,0.03594964,15.90389026,14.94962152,0.95347441,0.04767372,15.90309593,0.31300709,15.10226,3,50.0,26.11111111,5.55555556,57,1752,8760,
3930,3930,-38.19507441,145.09289068,15.32590866,0.70862694,0.03543135,16.0345356,15.68230367,0.96812336,0.04840617,16.65042704,,32.35354,3,50.0,26.38888889,5.55555556,327,1752,8760,No postcode zonal mean is available from the ΔT20 EBK prediction-standard-error raster.
3931,3931,-38.23043463,145.06028006,15.22126897,0.71023299,0.03551165,15.93150196,15.88019595,0.9571244,0.04785622,16.83732035,,27.59152,3,50.0,26.94444444,5.0,520,1752,8760,No postcode zonal mean is available from the ΔT20 EBK prediction-standard-error raster.
3933,3933,-38.24702856,145.11899415,15.20815681,0.70957961,0.03547898,15.91773642,15.80822666,0.96589491,0.04829475,16.77412157,,30.55774,3,50.0,28.05555556,4.72222222,17,1752,8760,No postcode zonal mean is available from the ΔT20 EBK prediction-standard-error raster.
3934,3934,-38.27546519,145.03073141,15.22121633,0.70502835,0.03525142,15.92624468,15.40887964,0.95222884,0.04761144,16.36110848,0.32364014,22.41954,3,50.0,26.11111111,5.55555556,261,1752,8760,
3936,3936,-38.32724924,145.00132906,15.19503633,0.71230633,0.03561532,15.90734267,15.05641018,0.95691101,0.04784555,16.0133212,0.30938298,17.20149,3,50.0,26.94444444,5.27777778,662,1752,8760,
3937,3937,-38.37301114,145.02524093,15.15568102,0.71050096,0.03552505,15.86618198,14.93273509,0.9534194,0.04767097,15.88615448,0.32076311,17.68454,3,50.0,26.66666667,5.55555556,40,1752,8760,
3938,3938,-38.35567572,144.93283872,15.22448635,,,,14.66966693,,,,,10.44764,3,50.0,27.5,5.27777778,156,1752,8760,No postcode zonal mean is available from the ΔT20 EBK prediction-standard-error raster.
3939,3939,-38.42119198,144.89551162,15.24338013,0.72947863,0.03647393,15.97285876,15.23820216,0.9867979,0.04933989,16.22500006,0.29497409,6.80951,3,50.0,26.66666667,4.72222222,592,1752,8760,
3940,3940,-38.37212035,144.8740818,15.26515802,0.72956177,0.03647809,15.99471978,15.44548988,0.99870799,0.0499354,16.44419787,,5.06235,3,50.0,26.38888889,4.44444444,179,1752,8760,No postcode zonal mean is available from the ΔT20 EBK prediction-standard-error raster.
3941,3941,-38.38857283,144.82003227,15.26980591,0.71541584,0.03577079,15.98522175,15.17440134,1.00929613,0.05046481,16.18369747,,0.88433,3,50.0,27.22222222,5.27777778,493,1752,8760,No postcode zonal mean is available from the ΔT20 EBK prediction-standard-error raster.
3942,3942,-38.36871016,144.77230465,,0.69333011,0.03466651,,14.39273262,0.88448696,0.04422435,15.27721958,,4.2205,3,50.0,26.38888889,5.83333333,190,1752,8760,No postcode zonal mean is available from the ΔT20 EBK prediction-standard-error raster.
3943,3943,-38.34471256,144.74206828,,0.68444799,0.0342224,,14.19573741,0.73057809,0.0365289,14.9263155,,1.02659,6,50.0,27.22222222,6.38888889,180,1752,8760,No postcode zonal mean is available from the ΔT20 EBK prediction-standard-error raster.
3944,3944,-38.32278315,144.70039878,,0.65817298,0.03290865,,14.05623563,0.70513606,0.0352568,14.76137169,,3.07982,7,50.0,26.11111111,5.27777778,74,1752,8760,No postcode zonal mean is available from the ΔT20 EBK prediction-standard-error raster.
3945,3945,-38.39505537,145.67706838,14.36558607,0.74815819,0.03740791,15.11374426,14.88901224,0.91717417,0.04585871,15.80618642,0.3449247,39.78037,1,50.0,28.61111111,5.27777778,21,1752,8760,
3946,3946,-38.44017176,145.73582946,14.26297661,0.74450609,0.0372253,15.0074827,14.71152306,0.89391181,0.04469559,15.60543487,0.33257669,33.23613,1,50.0,28.05555556,5.83333333,13,1752,8760,
3950,3950,-38.44806286,145.8236117,13.90409425,0.77594078,0.03879704,14.68003503,14.7099028,0.91813304,0.04590665,15.62803584,0.33743927,30.69359,3,50.0,28.05555556,4.16666667,165,1752,8760,
3951,3951,-38.51265736,145.7473354,14.15850011,0.75477149,0.03773857,14.9132716,14.76261975,0.88496149,0.04424807,15.64758124,0.34152535,25.34933,1,50.0,27.22222222,5.27777778,25,1752,8760,
3953,3953,-38.46108399,145.97944808,13.89091292,0.81134045,0.04056702,14.70225337,14.92968928,0.91166306,0.04558315,15.84135234,0.31972112,30.83062,7,50.0,27.22222222,3.61111111,218,1752,8760,
3954,3954,-38.55980737,145.95205605,14.22422668,0.76113726,0.03805686,14.98536394,14.79738635,0.86238214,0.04311911,15.65976849,,19.73528,3,50.0,,,,1752,8760,Annual residential load is unavailable. No postcode zonal mean is available from the ΔT20 EBK prediction-standard-error raster.
3956,3956,-38.69956409,145.85043399,14.49444521,0.74709126,0.03735456,15.24153647,14.61245429,0.78146137,0.03907307,15.39391567,0.30300669,2.72113,1,50.0,26.66666667,4.44444444,192,1752,8760,
3957,3957,-38.59315374,146.09117869,14.33605422,0.83708031,0.04185402,15.17313452,14.68155167,0.84605477,0.04230274,15.52760644,0.31107277,24.60389,5,50.0,,,,1752,8760,Annual residential load is unavailable.
3958,3958,-38.67053003,146.01468789,14.49748467,0.76400634,0.03820032,15.261491,14.60088825,0.79010408,0.0395052,15.39099233,0.30032584,14.51276,1,50.0,,,,1752,8760,Annual residential load is unavailable.
3959,3959,-38.74937107,146.08544441,14.627091,0.78655552,0.03932778,15.41364652,14.45979631,0.78419652,0.03920983,15.24399283,0.31919046,19.6694,1,50.0,30.27777778,4.72222222,50,1752,8760,
3960,3960,-38.83316555,146.21269884,14.69205312,0.7978173,0.03989086,15.48987042,13.83520737,0.83021472,0.04151074,14.6654221,0.33632552,32.85196,2,50.0,26.94444444,3.05555556,108,1752,8760,
3962,3962,-38.61462859,146.34898623,14.64656165,0.84644147,0.04232207,15.49300312,14.02145366,0.91349579,0.04567479,14.93494945,0.30985671,28.88508,27,50.0,24.72222222,3.88888889,21,1752,8760,
3964,3964,-38.68479122,146.2692661,14.62422466,0.82262409,0.0411312,15.44684875,14.5465641,0.8680003,0.04340001,15.4145644,,35.64918,13,50.0,26.11111111,3.61111111,10,1752,8760,No postcode zonal mean is available from the ΔT20 EBK prediction-standard-error raster.
3965,3965,-38.6904701,146.47505749,14.88859243,0.82198325,0.04109916,15.71057569,14.64048297,0.93004813,0.04650241,15.5705311,0.31411919,19.84866,25,50.0,25.83333333,4.44444444,17,1752,8760,
3966,3966,-38.62539717,146.43479284,14.79767695,0.83645924,0.04182296,15.63413619,14.44750269,0.93379032,0.04668952,15.381293,0.29307437,21.46719,32,50.0,28.88888889,4.44444444,20,1752,8760,
3967,3967,-38.65459597,146.54194347,14.94780777,0.82809737,0.04140487,15.77590514,14.57415962,0.96643256,0.04832163,15.54059218,0.29564783,12.93993,34,50.0,,,,1752,8760,Annual residential load is unavailable.
3971,3971,-38.5292937,146.64224972,15.02498775,0.77933405,0.0389667,15.8043218,14.44407551,0.90600508,0.04530025,15.35008059,0.23397479,3.48896,55,50.0,28.88888889,4.16666667,85,1752,8760,
3975,3975,-38.06901095,145.23044381,15.29387699,0.69369946,0.03468497,15.98757645,16.51698454,1.00369565,0.05018478,17.52068018,,50.76944,0,50.0,27.5,4.44444444,301,1752,8760,No postcode zonal mean is available from the ΔT20 EBK prediction-standard-error raster.
3976,3976,-38.03860876,145.26859816,15.24107806,0.68556279,0.03427814,15.92664084,17.03663143,1.01510088,0.05075504,18.05173231,0.35247177,55.52205,0,50.0,26.94444444,4.72222222,388,1752,8760,
3977,3977,-38.12040223,145.2690695,15.19279837,0.69919899,0.03495995,15.89199736,16.00631227,1.00112117,0.05005606,17.00743344,0.354406,49.44264,1,50.0,27.22222222,3.88888889,4663,1752,8760,
3978,3978,-38.13266905,145.3732909,15.04001616,0.69379864,0.03468993,15.7338148,15.63519343,1.02357839,0.05117892,16.65877181,0.36171438,56.14183,0,50.0,26.94444444,3.88888889,12546,1752,8760,
3979,3979,-38.44674744,145.61360763,14.83192862,0.74639042,0.03731952,15.57831904,15.12525383,0.88525692,0.04426285,16.01051075,0.33630256,37.46767,1,50.0,,,,1752,8760,Annual residential load is unavailable.
3980,3980,-38.20533917,145.3708026,15.04642316,0.70994908,0.03549745,15.75637225,15.74324126,1.00502059,0.05025103,16.74826185,0.35367262,52.16712,0,50.0,26.11111111,5.0,44,1752,8760,
3981,3981,-38.21090036,145.65844136,14.32520499,0.73513429,0.03675671,15.06033928,15.57673392,1.01471289,0.05073564,16.59144682,0.35564019,52.19149,0,50.0,27.22222222,3.61111111,128,1752,8760,
3984,3984,-38.30581516,145.55927191,14.7557616,0.73722087,0.03686104,15.49298247,15.14741281,0.9649323,0.04824661,16.1123451,0.35090761,53.26822,0,50.0,27.77777778,3.88888889,606,1752,8760,
3987,3987,-38.3218029,145.68001153,14.01099493,0.75518619,0.03775931,14.76618113,14.95897918,0.96134962,0.04806748,15.9203288,,47.26653,1,50.0,27.77777778,4.72222222,28,1752,8760,No postcode zonal mean is available from the ΔT20 EBK prediction-standard-error raster.
3988,3988,-38.3183575,145.80258227,13.58674125,0.7813298,0.03906649,14.36807105,14.89688502,0.96874687,0.04843734,15.86563189,0.3559977,43.3139,4,50.0,28.05555556,4.16666667,43,1752,8760,
3990,3990,-38.45105083,145.52620715,15.17003495,0.72524932,0.03626247,15.89528426,15.32416132,0.89964281,0.04498214,16.22380412,0.34472373,41.94612,1,50.0,,,,1752,8760,Annual residential load is unavailable.
3991,3991,-38.47673442,145.46584215,15.3201277,0.71823415,0.03591171,16.03836185,15.00596677,0.894521,0.04472605,15.90048778,0.34657374,43.90841,1,50.0,29.44444444,4.44444444,14,1752,8760,
3992,3992,-38.52149355,145.57763351,15.07252083,0.72763898,0.03638195,15.8001598,14.95931272,0.86393396,0.0431967,15.82324668,0.3376745,33.27099,1,50.0,28.05555556,4.16666667,78,1752,8760,
3995,3995,-38.61529509,145.57667299,15.06449786,0.71790663,0.03589533,15.78240449,14.89720182,0.83797616,0.04189881,15.73517798,0.33824866,27.43668,1,50.0,26.38888889,3.05555556,881,1752,8760,
3996,3996,-38.61076702,145.76849018,14.60806961,0.71293901,0.03564695,15.32100862,14.92058173,0.78236487,0.03911824,15.7029466,0.3185521,14.81023,1,50.0,27.5,3.88888889,358,1752,8760,
4000,4000,-27.46518435,153.02368539,21.38804881,0.5888719,0.02944359,21.9769207,24.09961128,0.49358507,0.02467925,24.59319635,,41.7722,1,50.0,4.44444444,10.83333333,27,1752,8760,No postcode zonal mean is available from the ΔT20 EBK prediction-standard-error raster.
4005,4005,-27.46420435,153.04629789,21.39966869,0.58867413,0.02943371,21.98834282,23.71659279,0.49378251,0.02468913,24.21037529,,42.82459,1,50.0,4.16666667,8.61111111,41,1752,8760,No postcode zonal mean is available from the ΔT20 EBK prediction-standard-error raster.
4006,4006,-27.44931191,153.03280706,21.35633945,0.58965555,0.02948278,21.94599501,23.92143186,0.49434827,0.02471741,24.41578013,,43.7507,1,50.0,,,,1752,8760,Annual residential load is unavailable. No postcode zonal mean is available from the ΔT20 EBK prediction-standard-error raster.
4007,4007,-27.43389225,153.06642347,21.29803314,0.59021415,0.02951071,21.88824729,23.86603737,0.49529577,0.02476479,24.36133314,,46.72849,1,50.0,4.16666667,7.5,115,1752,8760,No postcode zonal mean is available from the ΔT20 EBK prediction-standard-error raster.
4008,4008,-27.39340701,153.11867366,21.11337571,0.59083984,0.02954199,21.70421554,22.6038663,0.49721474,0.02486074,23.10108105,0.13212362,53.13987,0,50.0,,,,1752,8760,Annual residential load is unavailable.
4009,4009,-27.43229478,153.08976617,21.26565806,0.58966045,0.02948302,21.85531851,23.66462898,0.49572855,0.02478643,24.16035753,,47.97127,1,50.0,,,,1752,8760,Annual residential load is unavailable. No postcode zonal mean is available from the ΔT20 EBK prediction-standard-error raster.
4010,4010,-27.43475816,153.04608546,21.30287075,0.59089857,0.02954493,21.89376932,23.80651283,0.49600562,0.02480028,24.30251846,,45.76618,1,50.0,,,,1752,8760,Annual residential load is unavailable. No postcode zonal mean is available from the ΔT20 EBK prediction-standard-error raster.
4011,4011,-27.41751581,153.06223049,21.25050735,0.59104622,0.02955231,21.84155358,23.30729485,0.49709374,0.02485469,23.80438858,,48.17897,1,50.0,4.16666667,8.88888889,48,1752,8760,No postcode zonal mean is available from the ΔT20 EBK prediction-standard-error raster.
4012,4012,-27.39821252,153.05459488,21.19456182,0.59242989,0.02962149,21.78699171,23.56232033,0.49986493,0.02499325,24.06218526,,49.81678,1,50.0,3.88888889,9.16666667,87,1752,8760,No postcode zonal mean is available from the ΔT20 EBK prediction-standard-error raster.
4013,4013,-27.39140975,153.07343187,21.14392853,0.59323306,0.02966165,21.73716159,23.42614174,0.50005616,0.02500281,23.92619789,,51.2756,0,50.0,4.16666667,9.16666667,37,1752,8760,No postcode zonal mean is available from the ΔT20 EBK prediction-standard-error raster.
4014,4014,-27.36864467,153.08491458,21.12060138,0.59546709,0.02977335,21.71606847,22.15764373,0.49965395,0.0249827,22.65729768,,54.04878,0,50.0,4.16666667,8.05555556,159,1752,8760,No postcode zonal mean is available from the ΔT20 EBK prediction-standard-error raster.
4017,4017,-27.31412567,153.05062632,,0.58665386,0.02933269,,22.19755854,0.48954804,0.0244774,22.68710658,0.13213047,58.36684,0,50.0,3.61111111,7.5,280,1752,8760,
4018,4018,-27.34061454,153.03881978,21.17703629,0.59756425,0.02987821,21.77460054,23.14047813,0.48884842,0.02444242,23.62932655,,55.20085,0,50.0,3.33333333,8.05555556,149,1752,8760,No postcode zonal mean is available from the ΔT20 EBK prediction-standard-error raster.
4019,4019,-27.24735745,153.09055001,,0.57797332,0.02889867,,22.3557031,0.49033847,0.02451692,22.84604157,,65.6613,0,50.0,3.88888889,8.05555556,162,1752,8760,No postcode zonal mean is available from the ΔT20 EBK prediction-standard-error raster.
4020,4020,-27.21360081,153.10780763,,0.57710108,0.02885505,,22.07729748,0.49052173,0.02452609,22.56781921,,68.78769,0,50.0,4.44444444,8.05555556,425,1752,8760,No postcode zonal mean is available from the ΔT20 EBK prediction-standard-error raster.
4021,4021,-27.22423001,153.08334662,,0.57740006,0.02887,,22.97886739,0.49076289,0.02453814,23.46963029,,66.09561,0,50.0,3.88888889,7.77777778,23,1752,8760,No postcode zonal mean is available from the ΔT20 EBK prediction-standard-error raster.
4022,4022,-27.21112638,153.05525081,,0.57900912,0.02895046,,22.22705015,0.49163324,0.02458166,22.71868339,,64.28617,0,50.0,3.61111111,7.22222222,129,1752,8760,No postcode zonal mean is available from the ΔT20 EBK prediction-standard-error raster.
4025,4025,-27.14943157,153.40633146,21.59132132,0.57152833,0.02857642,22.16284966,20.75244155,0.49230556,0.02461528,21.24474711,0.14607941,91.47664,0,50.0,,,,1752,8760,Annual residential load is unavailable.
4030,4030,-27.4330441,153.03071931,21.28995196,0.59125931,0.02956297,21.88121127,23.42876286,0.49763239,0.02488162,23.92639525,,45.32714,1,50.0,4.44444444,7.77777778,118,1752,8760,No postcode zonal mean is available from the ΔT20 EBK prediction-standard-error raster.
4031,4031,-27.40702128,153.0298309,21.23145485,0.59494415,0.02974721,21.826399,23.64926593,0.49978267,0.02498913,24.14904859,0.12889113,47.97299,1,50.0,4.72222222,8.33333333,59,1752,8760,
4032,4032,-27.38434145,153.02308308,21.20223999,0.59859791,0.0299299,21.8008379,23.66258278,0.49841612,0.02492081,24.1609989,,50.09914,0,50.0,3.33333333,8.61111111,78,1752,8760,No postcode zonal mean is available from the ΔT20 EBK prediction-standard-error raster.
4034,4034,-27.36550184,153.0468474,21.17111664,0.59837312,0.02991866,21.76948976,22.98441124,0.4924222,0.02462111,23.47683344,,52.88443,0,50.0,3.61111111,6.94444444,508,1752,8760,No postcode zonal mean is available from the ΔT20 EBK prediction-standard-error raster.
4035,4035,-27.35288531,152.98165061,21.21980536,0.59864463,0.02993223,21.81844999,22.87308947,0.48804227,0.02440211,23.36113175,,51.49705,0,50.0,3.88888889,8.88888889,247,1752,8760,No postcode zonal mean is available from the ΔT20 EBK prediction-standard-error raster.
4036,4036,-27.3020207,153.0221605,21.18138967,0.58393365,0.02919668,21.76532332,22.31174258,0.49058345,0.02452917,22.80232603,,57.10103,0,50.0,3.33333333,7.5,61,1752,8760,No postcode zonal mean is available from the ΔT20 EBK prediction-standard-error raster.
4037,4037,-27.33999053,152.93698558,21.16163663,0.59845314,0.02992266,21.76008976,22.06857901,0.48912191,0.0244561,22.55770093,,47.74549,1,50.0,5.55555556,7.5,11,1752,8760,No postcode zonal mean is available from the ΔT20 EBK prediction-standard-error raster.
4051,4051,-27.42102615,152.98628094,21.30285045,0.59721587,0.02986079,21.90006632,22.99366465,0.49770847,0.02488542,23.49137312,,45.07888,1,50.0,4.16666667,7.77777778,160,1752,8760,No postcode zonal mean is available from the ΔT20 EBK prediction-standard-error raster.
4053,4053,-27.39833418,152.98892856,21.26188765,0.59907195,0.0299536,21.86095959,23.36054624,0.49765711,0.02488286,23.85820335,,47.56954,1,50.0,4.16666667,7.77777778,441,1752,8760,No postcode zonal mean is available from the ΔT20 EBK prediction-standard-error raster.
4054,4054,-27.40475318,152.95300861,21.25114886,0.59908447,0.02995422,21.85023333,22.88989957,0.49791243,0.02489562,23.387812,0.12561955,45.98562,2,50.0,3.88888889,8.05555556,105,1752,8760,
4055,4055,-27.40037539,152.91855867,21.17862701,0.59897502,0.02994875,21.77760204,21.81348902,0.49715932,0.02485797,22.31064834,,44.14912,2,50.0,4.16666667,8.61111111,144,1752,8760,No postcode zonal mean is available from the ΔT20 EBK prediction-standard-error raster.
4059,4059,-27.4506584,153.00724631,21.35435057,0.5910444,0.02955222,21.94539496,23.18719673,0.49624661,0.02481233,23.68344335,,42.64249,1,50.0,4.44444444,8.88888889,35,1752,8760,No postcode zonal mean is available from the ΔT20 EBK prediction-standard-error raster.
4060,4060,-27.44313408,152.98394777,21.33153458,0.5960217,0.02980108,21.92755627,22.61433601,0.49829699,0.02491485,23.112633,,42.66501,2,50.0,3.61111111,10.27777778,32,1752,8760,No postcode zonal mean is available from the ΔT20 EBK prediction-standard-error raster.
4061,4061,-27.44580498,152.94149725,21.25663109,0.59875877,0.02993794,21.85538986,21.76553959,0.49678536,0.02483927,22.26232495,,41.28313,2,50.0,4.16666667,8.61111111,48,1752,8760,No postcode zonal mean is available from the ΔT20 EBK prediction-standard-error raster.
4064,4064,-27.46300509,152.99973859,21.37202517,0.58988315,0.02949416,21.96190832,23.19735146,0.49467708,0.02473385,23.69202853,,41.0954,1,50.0,5.0,8.88888889,17,1752,8760,No postcode zonal mean is available from the ΔT20 EBK prediction-standard-error raster.
4065,4065,-27.46006885,152.97791542,21.34876871,0.59143601,0.0295718,21.94020472,22.33854321,0.497516,0.0248758,22.83605921,,40.69014,2,50.0,5.83333333,8.61111111,21,1752,8760,No postcode zonal mean is available from the ΔT20 EBK prediction-standard-error raster.
4066,4066,-27.47608758,152.95886496,21.3200284,0.59196169,0.02959808,21.91199009,21.62131264,0.49620406,0.0248102,22.1175167,0.12217195,38.43859,2,50.0,3.61111111,8.33333333,101,1752,8760,
4067,4067,-27.49913837,153.00344314,21.40518856,0.58223323,0.02911166,21.98742179,23.44528135,0.49224803,0.0246124,23.93752938,,37.51213,1,50.0,,,,1752,8760,Annual residential load is unavailable. No postcode zonal mean is available from the ΔT20 EBK prediction-standard-error raster.
4068,4068,-27.49906334,152.98203781,21.34030366,0.58290197,0.0291451,21.92320563,22.77906227,0.49435106,0.02471755,23.27341333,,36.72757,2,50.0,5.0,8.61111111,95,1752,8760,No postcode zonal mean is available from the ΔT20 EBK prediction-standard-error raster.
4069,4069,-27.49475882,152.88910648,21.0655661,0.59306954,0.02965348,21.65863564,21.11521039,0.49763527,0.02488176,21.61284566,0.11873757,35.06817,2,50.0,4.16666667,9.16666667,154,1752,8760,
4070,4070,-27.55750075,152.87135569,20.91137363,0.58615737,0.02930787,21.497531,21.91487703,0.4976676,0.02488338,22.41254463,0.11508447,27.96246,2,50.0,3.61111111,9.16666667,79,1752,8760,
4073,4073,-27.54608303,152.95219398,21.14239852,0.58148601,0.0290743,21.72388453,23.28276253,0.49571195,0.0247856,23.77847448,,30.81297,2,50.0,3.33333333,8.88888889,11,1752,8760,No postcode zonal mean is available from the ΔT20 EBK prediction-standard-error raster.
4074,4074,-27.55123513,152.92633589,21.06480702,0.58149788,0.02907489,21.64630491,23.16569755,0.4977906,0.02488953,23.66348815,,29.5321,2,50.0,4.16666667,8.88888889,37,1752,8760,No postcode zonal mean is available from the ΔT20 EBK prediction-standard-error raster.
4075,4075,-27.54782579,152.97896206,21.19739482,0.57867063,0.02893353,21.77606544,23.18836965,0.49154875,0.02457744,23.6799184,,31.58473,2,50.0,4.72222222,7.22222222,279,1752,8760,No postcode zonal mean is available from the ΔT20 EBK prediction-standard-error raster.
4076,4076,-27.58242173,152.92849203,20.99109192,0.57568283,0.02878414,21.56677475,22.86575794,0.49061914,0.02453096,23.35637708,0.11856038,26.25014,2,50.0,3.61111111,7.77777778,49,1752,8760,
4077,4077,-27.59535893,152.9720104,21.03492052,0.56697102,0.02834855,21.60189154,23.29395103,0.48779933,0.02438997,23.78175036,,26.50459,2,50.0,3.88888889,7.77777778,600,1752,8760,No postcode zonal mean is available from the ΔT20 EBK prediction-standard-error raster.
4078,4078,-27.62012207,152.9585988,20.97700707,0.56264183,0.02813209,21.5396489,23.00371563,0.48576244,0.02428812,23.48947807,,23.4509,2,50.0,3.33333333,8.05555556,57,1752,8760,No postcode zonal mean is available from the ΔT20 EBK prediction-standard-error raster.
4101,4101,-27.48258156,153.01381079,21.4325285,0.5871952,0.02935976,22.0197237,23.78984588,0.49292853,0.02464643,24.2827744,,39.60891,1,50.0,4.72222222,7.22222222,22,1752,8760,No postcode zonal mean is available from the ΔT20 EBK prediction-standard-error raster.
4102,4102,-27.49366633,153.03387619,21.46458626,0.58296482,0.02914824,22.04755108,23.81760292,0.49300638,0.02465032,24.3106093,0.12563805,39.34864,1,50.0,5.0,7.5,16,1752,8760,
4103,4103,-27.51069958,153.02986847,21.40514803,0.58101017,0.02905051,21.9861582,23.53501974,0.49289273,0.02464464,24.02791247,,37.48677,1,50.0,4.44444444,8.05555556,48,1752,8760,No postcode zonal mean is available from the ΔT20 EBK prediction-standard-error raster.
4104,4104,-27.51379076,153.01337844,21.3818655,0.5810888,0.02905444,21.9629543,23.29850197,0.49277251,0.02463863,23.79127448,,36.44269,1,50.0,5.55555556,7.22222222,30,1752,8760,No postcode zonal mean is available from the ΔT20 EBK prediction-standard-error raster.
4105,4105,-27.53182734,153.01733395,21.31561579,0.58093383,0.02904669,21.89654962,23.38957829,0.49219714,0.02460986,23.88177543,,34.83216,1,50.0,4.16666667,8.05555556,45,1752,8760,No postcode zonal mean is available from the ΔT20 EBK prediction-standard-error raster.
4106,4106,-27.54927564,153.0036405,21.22495188,0.58033606,0.0290168,21.80528794,23.35756111,0.49091901,0.02454595,23.84848012,,32.4865,1,50.0,,,,1752,8760,Annual residential load is unavailable. No postcode zonal mean is available from the ΔT20 EBK prediction-standard-error raster.
4107,4107,-27.54978156,153.03288723,21.27014008,0.58098423,0.02904921,21.85112431,23.12212563,0.4914664,0.02457332,23.61359202,,33.86649,1,50.0,3.33333333,10.0,46,1752,8760,No postcode zonal mean is available from the ΔT20 EBK prediction-standard-error raster.
4108,4108,-27.56550113,153.02282249,21.19334602,0.58052335,0.02902617,21.77386938,23.66379877,0.4902845,0.02451422,24.15408327,0.12229458,31.85829,1,50.0,3.61111111,9.16666667,62,1752,8760,
4109,4109,-27.58187509,153.05867913,21.21196365,0.57808384,0.02890419,21.7900475,23.66585892,0.49069311,0.02453466,24.15655203,,32.43036,1,50.0,3.05555556,9.72222222,192,1752,8760,No postcode zonal mean is available from the ΔT20 EBK prediction-standard-error raster.
4110,4110,-27.61192272,153.00899221,21.07597351,0.56423236,0.02821162,21.64020587,22.45015841,0.48692892,0.02434645,22.93708733,,26.80562,1,50.0,3.88888889,8.61111111,654,1752,8760,No postcode zonal mean is available from the ΔT20 EBK prediction-standard-error raster.
4111,4111,-27.54863694,153.05338904,21.30804968,0.58098035,0.02904902,21.88903003,22.49600083,0.49196123,0.02459806,22.98796207,,35.08027,1,50.0,,,,1752,8760,Annual residential load is unavailable. No postcode zonal mean is available from the ΔT20 EBK prediction-standard-error raster.
4112,4112,-27.60685875,153.09364521,21.18337107,0.56318098,0.02815905,21.74655205,23.1996054,0.49056784,0.02452839,23.69017324,,32.74091,1,50.0,3.33333333,9.44444444,35,1752,8760,No postcode zonal mean is available from the ΔT20 EBK prediction-standard-error raster.
4113,4113,-27.58809229,153.08498538,21.21787589,0.57322009,0.028661,21.79109598,23.40145623,0.49161812,0.02458091,23.89307435,,33.6144,1,50.0,4.72222222,7.5,193,1752,8760,No postcode zonal mean is available from the ΔT20 EBK prediction-standard-error raster.
4114,4114,-27.64627367,153.10926286,21.13460142,0.56113086,0.02805654,21.69573228,22.92496922,0.49228244,0.02461412,23.41725166,,31.15047,1,50.0,3.61111111,6.94444444,200,1752,8760,No postcode zonal mean is available from the ΔT20 EBK prediction-standard-error raster.
4115,4115,-27.63356169,153.0309447,21.06437718,0.5601799,0.028009,21.62455708,22.77622986,0.48717872,0.02435894,23.26340858,0.11880526,26.28716,1,50.0,3.33333333,9.16666667,151,1752,8760,
4116,4116,-27.63046013,153.05590231,21.1124471,0.56116108,0.02805805,21.67360818,22.84183229,0.48838892,0.02441945,23.33022121,,28.24106,1,50.0,3.33333333,8.61111111,185,1752,8760,No postcode zonal mean is available from the ΔT20 EBK prediction-standard-error raster.
4117,4117,-27.64394283,153.08300913,21.11785419,0.56019647,0.02800982,21.67805066,21.86798286,0.48921091,0.02446055,22.35719378,,29.24261,1,50.0,3.88888889,7.5,38,1752,8760,No postcode zonal mean is available from the ΔT20 EBK prediction-standard-error raster.
4118,4118,-27.67271977,153.05206939,21.01150719,0.56188703,0.02809435,21.57339422,22.38819953,0.48649902,0.02432495,22.87469855,,24.8704,1,50.0,3.61111111,7.22222222,449,1752,8760,No postcode zonal mean is available from the ΔT20 EBK prediction-standard-error raster.
4119,4119,-27.60886388,153.11130818,21.18439865,0.56289837,0.02814492,21.74729702,23.18880653,0.49122781,0.02456139,23.68003434,,33.8832,1,50.0,3.61111111,7.77777778,84,1752,8760,No postcode zonal mean is available from the ΔT20 EBK prediction-standard-error raster.
4120,4120,-27.5071967,153.04773082,21.45319176,0.58107367,0.02905368,22.03426543,23.66661263,0.49260794,0.0246304,24.15922056,,38.68128,1,50.0,3.61111111,7.22222222,51,1752,8760,No postcode zonal mean is available from the ΔT20 EBK prediction-standard-error raster.
4121,4121,-27.52439254,153.05714951,21.3971594,0.5810716,0.02905358,21.978231,23.31329791,0.49233792,0.0246169,23.80563582,,37.53091,1,50.0,4.44444444,9.44444444,139,1752,8760,No postcode zonal mean is available from the ΔT20 EBK prediction-standard-error raster.
4122,4122,-27.54265256,153.09086014,21.32748865,0.58238519,0.02911926,21.90987384,23.18242734,0.49357244,0.02467862,23.67599979,,37.81713,1,50.0,3.88888889,8.88888889,235,1752,8760,No postcode zonal mean is available from the ΔT20 EBK prediction-standard-error raster.
4123,4123,-27.57874336,153.12547613,21.23313432,0.57176022,0.02858801,21.80489454,22.14474787,0.49342711,0.02467136,22.63817498,0.12608899,37.168,1,50.0,3.61111111,8.05555556,511,1752,8760,
4124,4124,-27.7528678,152.920924,20.78737976,0.56363022,0.02818151,21.35100998,21.0782656,0.47534799,0.0237674,21.55361359,0.11215125,9.23091,2,50.0,6.11111111,10.27777778,1751,1752,8760,
4125,4125,-27.72468327,153.04696872,20.95812478,0.56121834,0.02806092,21.51934312,21.54700233,0.4857776,0.02428888,22.03277994,0.1154063,21.39814,1,50.0,3.61111111,7.22222222,1933,1752,8760,
4127,4127,-27.62618456,153.14849069,21.1886433,0.56085018,0.02804251,21.74949347,21.94995268,0.49643215,0.02482161,22.44638483,0.12309541,35.59673,1,50.0,3.61111111,7.77777778,132,1752,8760,
4128,4128,-27.65699877,153.17505841,21.1818985,0.55918328,0.02795916,21.74108178,22.02764893,0.49759445,0.02487972,22.52524337,,36.05181,1,50.0,3.88888889,7.77777778,69,1752,8760,No postcode zonal mean is available from the ΔT20 EBK prediction-standard-error raster.
4129,4129,-27.68444026,153.18640598,21.17349625,0.55885641,0.02794282,21.73235266,22.22541376,0.49710404,0.0248552,22.7225178,,35.75669,1,50.0,3.33333333,7.22222222,126,1752,8760,No postcode zonal mean is available from the ΔT20 EBK prediction-standard-error raster.
4130,4130,-27.66875455,153.23841237,21.27919455,0.55873021,0.02793651,21.83792476,20.99893379,0.50039471,0.02501974,21.4993285,0.12494158,41.15564,1,50.0,4.16666667,8.61111111,61,1752,8760,
4131,4131,-27.67037142,153.13874885,21.12702223,0.55967999,0.027984,21.68670221,22.5372606,0.49513043,0.02475652,23.03239103,,32.19768,1,50.0,3.33333333,7.5,217,1752,8760,No postcode zonal mean is available from the ΔT20 EBK prediction-standard-error raster.
4132,4132,-27.6815777,153.09137185,21.06734393,0.56055504,0.02802775,21.62789897,22.59952467,0.49125721,0.02456286,23.09078187,,27.52657,1,50.0,4.44444444,9.44444444,336,1752,8760,No postcode zonal mean is available from the ΔT20 EBK prediction-standard-error raster.
4133,4133,-27.72652934,153.10211839,21.02752728,0.56029596,0.0280148,21.58782324,21.56871478,0.49006042,0.02450302,22.0587752,,26.3187,1,50.0,5.83333333,10.27777778,2741,1752,8760,No postcode zonal mean is available from the ΔT20 EBK prediction-standard-error raster.
4151,4151,-27.49906265,153.06149877,21.48929405,0.58217,0.0291085,22.07146405,23.5866286,0.4928904,0.02464452,24.079519,,40.14997,1,50.0,5.27777778,8.33333333,46,1752,8760,No postcode zonal mean is available from the ΔT20 EBK prediction-standard-error raster.
4152,4152,-27.50326508,153.10010447,21.39976609,0.58642963,0.02932148,21.98619573,23.14986295,0.49368234,0.02468412,23.64354528,0.12910989,41.85832,1,50.0,4.16666667,8.33333333,252,1752,8760,
4153,4153,-27.50912917,153.13378107,21.30363321,0.58587741,0.02929387,21.88951062,22.4551051,0.49493081,0.02474654,22.95003592,,43.38142,1,50.0,3.61111111,9.16666667,13,1752,8760,No postcode zonal mean is available from the ΔT20 EBK prediction-standard-error raster.
4154,4154,-27.4887753,153.1655213,21.21681154,0.58656103,0.02932805,21.80337257,21.91997261,0.49655762,0.02482788,22.41653023,,47.13464,1,50.0,4.16666667,8.61111111,28,1752,8760,No postcode zonal mean is available from the ΔT20 EBK prediction-standard-error raster.
4155,4155,-27.51662569,153.16818823,21.23223795,0.58257875,0.02912894,21.8148167,21.9027977,0.49720688,0.02486034,22.40000458,,45.02527,1,50.0,3.88888889,8.05555556,22,1752,8760,No postcode zonal mean is available from the ΔT20 EBK prediction-standard-error raster.
4156,4156,-27.56049027,153.15757851,21.24301097,0.5736712,0.02868356,21.81668217,21.15270933,0.49575568,0.02478778,21.64846501,,40.86704,1,50.0,3.05555556,8.33333333,21,1752,8760,No postcode zonal mean is available from the ΔT20 EBK prediction-standard-error raster.
4157,4157,-27.56585668,153.20159404,21.26297648,0.56585555,0.02829278,21.82883202,21.44346319,0.50079583,0.02503979,21.94425902,0.12773719,43.79356,1,50.0,3.05555556,7.5,205,1752,8760,
4158,4158,-27.48444628,153.20070631,21.19387436,0.58745542,0.02937277,21.78132978,21.78934161,0.4982259,0.02491129,22.28756751,0.13054138,49.82795,1,50.0,4.72222222,8.33333333,28,1752,8760,
4159,4159,-27.50289493,153.20735605,21.21222551,0.5825645,0.02912823,21.79479001,22.44059181,0.49887536,0.02494377,22.93946717,,48.83241,1,50.0,3.61111111,8.33333333,221,1752,8760,No postcode zonal mean is available from the ΔT20 EBK prediction-standard-error raster.
4160,4160,-27.50020565,153.2456092,,0.58073929,0.02903696,,22.12395973,0.49993226,0.02499661,22.62389199,,51.80372,0,50.0,3.88888889,8.33333333,265,1752,8760,No postcode zonal mean is available from the ΔT20 EBK prediction-standard-error raster.
4161,4161,-27.53246026,153.2289121,21.27287165,0.56933549,0.02846677,21.84220714,22.46703021,0.50070251,0.02503513,22.96773272,,48.22055,1,50.0,3.05555556,7.5,140,1752,8760,No postcode zonal mean is available from the ΔT20 EBK prediction-standard-error raster.
4163,4163,-27.53296261,153.26726367,21.3456955,0.56211806,0.0281059,21.90781356,22.15001869,0.50541771,0.02527089,22.65543641,,51.15746,0,50.0,4.72222222,6.94444444,236,1752,8760,No postcode zonal mean is available from the ΔT20 EBK prediction-standard-error raster.
4164,4164,-27.56767675,153.26089028,21.35176309,0.56020328,0.02801016,21.91196636,21.73761318,0.50568407,0.0252842,22.24329726,0.13105938,48.41521,1,50.0,3.61111111,7.22222222,288,1752,8760,
4165,4165,-27.61723656,153.24844297,21.3281571,0.55846202,0.0279231,21.88661912,20.913637,0.50308265,0.02515413,21.41671965,0.12758575,44.51263,1,50.0,3.33333333,8.33333333,1248,1752,8760,
4169,4169,-27.48078768,153.04254589,21.44167773,0.58714321,0.02935716,22.02882094,23.6814518,0.4934604,0.02467302,24.1749122,,41.01334,1,50.0,4.16666667,8.33333333,32,1752,8760,No postcode zonal mean is available from the ΔT20 EBK prediction-standard-error raster.
4170,4170,-27.47057618,153.0796408,21.41683024,0.5889195,0.02944597,22.00574973,23.37845174,0.49445852,0.02472293,23.87291026,,43.78689,1,50.0,4.44444444,8.61111111,161,1752,8760,No postcode zonal mean is available from the ΔT20 EBK prediction-standard-error raster.
4171,4171,-27.4550037,153.06154819,21.38460922,0.58928668,0.02946433,21.97389591,23.62999306,0.49443635,0.02472182,24.12442941,,44.42243,1,50.0,5.27777778,8.33333333,41,1752,8760,No postcode zonal mean is available from the ΔT20 EBK prediction-standard-error raster.
4172,4172,-27.45400044,153.10817512,21.27934551,0.59023552,0.02951178,21.86958103,23.23636513,0.49538434,0.02476922,23.73174947,,46.83677,1,50.0,5.0,7.5,26,1752,8760,No postcode zonal mean is available from the ΔT20 EBK prediction-standard-error raster.
4173,4173,-27.47341449,153.12703184,21.28618134,0.59066024,0.02953301,21.87684159,22.71210925,0.49499964,0.02474998,23.20710889,,46.10467,1,50.0,3.88888889,8.61111111,84,1752,8760,No postcode zonal mean is available from the ΔT20 EBK prediction-standard-error raster.
4174,4174,-27.44653604,153.13142552,21.19737053,0.59106726,0.02955336,21.78843779,23.15854666,0.49581861,0.02479093,23.65436527,,48.79634,1,50.0,3.88888889,8.88888889,142,1752,8760,No postcode zonal mean is available from the ΔT20 EBK prediction-standard-error raster.
4178,4178,-27.43604597,153.15259112,21.08797305,0.58850798,0.0294254,21.67648103,21.88308091,0.49743528,0.02487176,22.38051619,,50.94992,0,50.0,4.16666667,8.05555556,200,1752,8760,No postcode zonal mean is available from the ΔT20 EBK prediction-standard-error raster.
4179,4179,-27.46493101,153.17498671,21.1457871,0.59017061,0.02950853,21.73595771,22.36227252,0.49633699,0.02481685,22.85860951,,49.75905,1,50.0,4.16666667,8.05555556,124,1752,8760,No postcode zonal mean is available from the ΔT20 EBK prediction-standard-error raster.
4183,4183,-27.54641112,153.45437018,21.86574295,0.55965717,0.02798286,22.42540012,20.41721976,0.51138824,0.02556941,20.928608,0.13722367,66.15939,0,50.0,7.5,6.38888889,25,1752,8760,
4184,4184,-27.6923816,153.3777132,,0.55825031,0.02791252,,20.65948982,0.50914264,0.02545713,21.16863246,,53.40069,0,50.0,4.44444444,6.94444444,686,1752,8760,No postcode zonal mean is available from the ΔT20 EBK prediction-standard-error raster.
4205,4205,-27.68708602,153.15662966,21.13246568,0.55935561,0.02796778,21.69182129,22.29976845,0.49514313,0.02475716,22.79491158,,32.95012,1,50.0,4.16666667,7.5,180,1752,8760,No postcode zonal mean is available from the ΔT20 EBK prediction-standard-error raster.
4207,4207,-27.78088855,153.141432,21.14574322,0.56001053,0.02800053,21.70575375,21.17186829,0.49502702,0.02475135,21.66689531,0.1182419,28.72038,2,50.0,3.88888889,7.5,2632,1752,8760,
4208,4208,-27.75530466,153.38148726,21.35197653,0.55871361,0.02793568,21.91069015,20.97257541,0.50051051,0.02502553,21.47308591,0.12523805,52.50927,0,50.0,3.61111111,8.33333333,418,1752,8760,
4209,4209,-27.84143361,153.30852249,21.36252257,0.55794711,0.02789736,21.92046969,21.17406481,0.50166487,0.02508324,21.67572968,0.12388062,45.13157,1,50.0,3.61111111,6.94444444,1806,1752,8760,
4210,4210,-27.9055881,153.22866802,21.16768842,0.55808637,0.02790432,21.72577479,20.70604842,0.49822688,0.02491134,21.20427529,0.12571286,38.6608,2,50.0,4.72222222,8.05555556,153,1752,8760,
4211,4211,-28.08592595,153.25451995,20.77216035,0.55694679,0.02784734,21.32910715,19.1230883,0.50237256,0.02511863,19.62546086,0.1174115,37.49405,1,50.0,4.16666667,8.05555556,284,1752,8760,
4212,4212,-27.90227831,153.33128626,21.39891834,0.5571402,0.02785701,21.95605854,22.43270367,0.50390781,0.02519539,22.93661148,0.12527038,48.34855,1,50.0,4.16666667,7.77777778,520,1752,8760,
4213,4213,-28.13529544,153.31874506,20.86416458,0.55558465,0.02777923,21.41974923,19.83319181,0.50601738,0.02530087,20.33920919,0.11812971,42.85306,1,50.0,3.88888889,8.61111111,327,1752,8760,
4214,4214,-27.96173414,153.36538666,21.31084422,0.55628999,0.0278145,21.8671342,22.80606346,0.50622504,0.02531125,23.3122885,0.12740852,52.48065,0,50.0,3.88888889,8.88888889,117,1752,8760,
4215,4215,-27.96658473,153.3997255,21.31655251,0.55581307,0.02779065,21.87236559,22.89184233,0.50788007,0.025394,23.3997224,,55.31947,0,50.0,3.88888889,8.33333333,233,1752,8760,No postcode zonal mean is available from the ΔT20 EBK prediction-standard-error raster.
4216,4216,-27.90990913,153.38314731,21.43212687,0.5564993,0.02782496,21.98862616,21.39763232,0.50732086,0.02536604,21.90495317,,53.50884,0,50.0,4.16666667,8.61111111,151,1752,8760,No postcode zonal mean is available from the ΔT20 EBK prediction-standard-error raster.
4217,4217,-28.01091988,153.39887743,21.21686766,0.55545941,0.02777297,21.77232706,22.42453487,0.5063701,0.0253185,22.93090497,,53.44951,0,50.0,4.72222222,8.61111111,149,1752,8760,No postcode zonal mean is available from the ΔT20 EBK prediction-standard-error raster.
4218,4218,-28.03961928,153.4216845,21.15217361,0.55498553,0.02774928,21.70715914,22.73100592,0.50690579,0.02534529,23.23791171,,54.66215,0,50.0,4.72222222,8.05555556,376,1752,8760,No postcode zonal mean is available from the ΔT20 EBK prediction-standard-error raster.
4220,4220,-28.09343115,153.43322528,20.91826153,0.554407,0.02772035,21.47266853,22.43320538,0.50997216,0.02549861,22.94317755,,54.5484,0,50.0,4.44444444,8.61111111,192,1752,8760,No postcode zonal mean is available from the ΔT20 EBK prediction-standard-error raster.
4221,4221,-28.1275788,153.45496712,20.7695303,0.55384847,0.02769242,21.32337877,21.94402962,0.51294649,0.02564732,22.45697611,,56.23698,0,50.0,5.55555556,8.05555556,182,1752,8760,No postcode zonal mean is available from the ΔT20 EBK prediction-standard-error raster.
4223,4223,-28.22374957,153.37562207,20.70746336,0.55321708,0.02766085,21.26068044,20.2945152,0.51357716,0.02567886,20.80809236,,48.70738,1,50.0,5.27777778,7.5,80,1752,8760,No postcode zonal mean is available from the ΔT20 EBK prediction-standard-error raster.
4224,4224,-28.14861646,153.49054703,20.73504162,0.55320837,0.02766042,21.28824999,21.59864235,0.51608527,0.02580426,22.11472762,,59.59027,0,50.0,5.55555556,7.22222222,54,1752,8760,No postcode zonal mean is available from the ΔT20 EBK prediction-standard-error raster.
4225,4225,-28.16091803,153.50856235,20.75031662,0.55146947,0.02757347,21.30178609,21.61847878,0.51615521,0.02580776,22.13463398,,61.32512,0,50.0,5.83333333,6.38888889,72,1752,8760,No postcode zonal mean is available from the ΔT20 EBK prediction-standard-error raster.
4226,4226,-28.05923873,153.38696487,21.09331424,0.55519791,0.0277599,21.64851215,22.34930161,0.50598279,0.02529914,22.8552844,0.12214404,50.82189,0,50.0,4.44444444,7.5,80,1752,8760,
4227,4227,-28.11143141,153.39307874,20.96513637,0.55469051,0.02773453,21.51982688,22.46335882,0.508813,0.02544065,22.97217182,,50.37522,0,50.0,5.27777778,8.33333333,17,1752,8760,No postcode zonal mean is available from the ΔT20 EBK prediction-standard-error raster.
4228,4228,-28.18019731,153.37226863,20.75753718,0.55448828,0.02772441,21.31202546,19.8186328,0.5114921,0.0255746,20.3301249,0.11872825,47.98509,1,50.0,4.44444444,8.05555556,66,1752,8760,
4270,4270,-27.87077131,153.13471753,20.98045901,0.56022145,0.02801107,21.54068047,20.71729183,0.4892521,0.0244626,21.20654393,0.11295283,28.73707,2,50.0,5.27777778,10.55555556,39,1752,8760,
4272,4272,-27.94223222,153.1936746,21.00841943,0.55868806,0.0279344,21.56710749,19.129827,0.49425277,0.02471264,19.62407977,0.11780034,36.81655,2,50.0,4.72222222,8.05555556,94,1752,8760,
4275,4275,-28.07027019,153.14510272,20.76705317,0.55840153,0.02792008,21.32545469,19.31881808,0.49499544,0.02474977,19.81381352,0.11480207,27.80452,2,50.0,5.83333333,10.55555556,145,1752,8760,
4280,4280,-27.81079595,153.01393972,20.83052548,0.56346637,0.02817332,21.39399186,21.33062963,0.4797021,0.02398511,21.81033173,0.10940324,16.01703,2,50.0,5.83333333,9.44444444,2199,1752,8760,
4285,4285,-28.05525994,152.94876425,20.38572662,0.5625682,0.02812841,20.94829482,21.12097157,0.48650881,0.02432544,21.60748038,0.10545497,13.86269,2,50.0,5.27777778,9.72222222,888,1752,8760,
4287,4287,-28.26708241,152.80684757,19.61527442,0.56719343,0.02835967,20.18246785,19.92836272,0.51229372,0.02561469,20.44065644,0.10463303,13.52706,16,50.0,,,,1752,8760,Annual residential load is unavailable.
4300,4300,-27.6623994,152.89904753,20.81368535,0.56369072,0.02818454,21.37737607,21.85650158,0.48169921,0.02408496,22.33820079,0.10759829,16.89906,2,50.0,5.83333333,10.83333333,1193,1752,8760,
4301,4301,-27.63361984,152.85687776,20.76173681,0.56839679,0.02841984,21.3301336,22.50260191,0.48966589,0.02448329,22.9922678,,19.43554,2,50.0,5.83333333,9.72222222,1812,1752,8760,No postcode zonal mean is available from the ΔT20 EBK prediction-standard-error raster.
4303,4303,-27.60248437,152.8372994,20.75863241,0.57754197,0.0288771,21.33617437,22.71303894,0.49609682,0.02480484,23.20913576,,22.9297,3,50.0,5.83333333,11.11111111,12,1752,8760,No postcode zonal mean is available from the ΔT20 EBK prediction-standard-error raster.
4304,4304,-27.60870248,152.80391677,20.66285454,0.57829839,0.02891492,21.24115293,22.74658241,0.49666391,0.0248332,23.24324632,,22.6789,3,50.0,5.27777778,9.72222222,255,1752,8760,No postcode zonal mean is available from the ΔT20 EBK prediction-standard-error raster.
4305,4305,-27.61930945,152.75593327,20.48757459,0.58038991,0.0290195,21.0679645,22.60777707,0.49727453,0.02486373,23.1050516,,23.0121,3,50.0,5.0,10.83333333,681,1752,8760,No postcode zonal mean is available from the ΔT20 EBK prediction-standard-error raster.
4306,4306,-27.54133039,152.72027326,20.56384832,0.59003819,0.02950191,21.15388651,21.24641816,0.50090119,0.02504506,21.74731935,0.10828518,24.45422,3,50.0,5.83333333,9.72222222,4193,1752,8760,
4307,4307,-27.81595645,152.62419836,20.09841286,0.57716847,0.02885842,20.67558133,21.83177035,0.51402993,0.0257015,22.34580028,0.10546416,22.33286,4,50.0,5.55555556,10.27777778,49,1752,8760,
4309,4309,-28.01955407,152.51907232,19.51478192,0.58010915,0.02900546,20.09489107,20.92400432,0.54803994,0.027402,21.47204426,0.10695865,39.17462,3,50.0,6.11111111,9.16666667,167,1752,8760,
4310,4310,-28.08895576,152.66647622,19.63120761,0.57370676,0.02868534,20.20491437,20.60136964,0.52393582,0.02619679,21.12530547,0.10727365,22.8813,3,50.0,6.11111111,10.0,151,1752,8760,
4311,4311,-27.41323639,152.53756251,20.28351745,0.60171375,0.03008569,20.88523121,21.91758354,0.53338043,0.02666902,22.45096397,0.09738342,9.58896,2,50.0,5.83333333,10.0,191,1752,8760,
4312,4312,-27.21015203,152.61138225,19.89805809,0.59668871,0.02983444,20.4947468,21.06378712,0.53231822,0.02661591,21.59610534,0.1081084,32.99758,2,50.0,5.55555556,10.0,68,1752,8760,
4313,4313,-27.11831185,152.36786222,19.47211916,0.60280096,0.03014005,20.07492012,21.43298085,0.54089133,0.02704457,21.97387218,0.11232607,40.93595,2,50.0,6.11111111,10.0,35,1752,8760,
4314,4314,-26.90514918,152.3380173,18.72768988,0.62822579,0.03141129,19.35591567,20.78681745,0.54479629,0.02723981,21.33161374,0.11880367,64.70412,0,50.0,7.77777778,7.5,19,1752,8760,
4340,4340,-27.75258187,152.51008347,20.06616815,0.58805208,0.0294026,20.65422023,21.82725999,0.53504336,0.02675217,22.36230336,0.10402159,30.06791,3,50.0,6.11111111,10.55555556,145,1752,8760,
4341,4341,-27.76645683,152.34160106,19.98649996,0.59806231,0.02990312,20.58456226,21.54611545,0.55603471,0.02780174,22.10215015,0.09277781,31.23864,4,50.0,5.55555556,9.44444444,573,1752,8760,
4342,4342,-27.55188534,152.38577261,20.4533215,0.60967157,0.03048358,21.06299307,23.0272223,0.55244311,0.02762216,23.57966541,0.07644953,7.49614,4,50.0,5.55555556,9.16666667,40,1752,8760,
4343,4343,-27.69577379,152.26373995,19.61730066,0.61033952,0.03051698,20.22764018,20.93927742,0.57881949,0.02894097,21.51809691,0.08815919,25.42048,4,50.0,5.27777778,9.44444444,149,1752,8760,
4344,4344,-27.57852541,152.10172714,19.16996717,0.63053173,0.03152659,19.8004989,20.75225599,0.59707801,0.0298539,21.349334,0.08140207,17.79532,4,50.0,11.38888889,8.05555556,46,1752,8760,
4346,4346,-27.55976766,152.59017302,20.51990852,0.60470373,0.03023519,21.12461225,21.95957823,0.51628685,0.02581434,22.47586508,,13.70652,3,50.0,6.38888889,8.61111111,45,1752,8760,No postcode zonal mean is available from the ΔT20 EBK prediction-standard-error raster.
4347,4347,-27.61680188,152.17660509,19.49732056,0.62389342,0.03119467,20.12121398,21.57525389,0.58847575,0.02942379,22.16372964,0.08326789,23.75034,4,50.0,14.72222222,6.11111111,21,1752,8760,
4350,4350,-27.57385484,151.87843808,18.3631477,0.64687989,0.03234399,19.0100276,21.57117765,0.61334987,0.03066749,22.18452752,0.07794087,6.63525,3,50.0,11.66666667,6.94444444,1546,1752,8760,
4352,4352,-28.30674343,151.50059509,18.6701112,0.6286491,0.03143245,19.29876029,21.3478681,0.56667161,0.02833358,21.91453971,0.08984033,64.14069,0,50.0,12.77777778,6.94444444,1145,1752,8760,
4353,4353,-27.22881773,151.88746337,18.95498329,0.65243772,0.03262189,19.607421,20.71973314,0.5961031,0.02980516,21.31583624,0.09165552,34.15871,2,50.0,,,,1752,8760,Annual residential load is unavailable.
4354,4354,-27.2955402,151.86106412,18.8943598,0.6467979,0.03233989,19.5411577,21.53441345,0.60839349,0.03041967,22.14280694,0.08755961,27.32016,2,50.0,10.83333333,7.77777778,12,1752,8760,
4355,4355,-27.14301496,152.06608623,19.07051878,0.63714876,0.03185744,19.70766754,20.36469683,0.57798374,0.02889919,20.94268057,0.10495002,45.5384,3,50.0,13.61111111,5.55555556,65,1752,8760,
4356,4356,-27.65836517,151.54961512,18.69624442,0.63936195,0.0319681,19.33560637,23.14310375,0.58898684,0.02944934,23.7320906,0.07428715,32.32451,8,50.0,13.61111111,5.55555556,75,1752,8760,
4357,4357,-27.98479763,151.11352216,19.35016029,0.56532976,0.02826649,19.91549005,21.62983643,0.50700641,0.02535032,22.13684284,0.07498012,20.98287,10,50.0,7.22222222,11.38888889,28,1752,8760,
4358,4358,-27.81164099,151.74452701,18.30429751,0.65201626,0.03260081,18.95631377,22.00174232,0.6036778,0.03018389,22.60542012,0.0854973,35.80357,3,50.0,12.22222222,7.5,22,1752,8760,
4359,4359,-27.79257188,152.02213129,18.57025238,0.63050454,0.03152523,19.20075692,20.81239523,0.60233717,0.03011686,21.4147324,0.08961523,30.21298,3,50.0,20.27777778,11.94444444,10,1752,8760,
4360,4360,-27.8419193,151.89347633,18.21801114,0.64748041,0.03237402,18.86549155,22.03566541,0.60859605,0.0304298,22.64426146,,34.42701,2,50.0,,,,1752,8760,Annual residential load is unavailable. No postcode zonal mean is available from the ΔT20 EBK prediction-standard-error raster.
4361,4361,-27.92913644,151.90636612,18.30563235,0.6359959,0.03179979,18.94162825,21.71399889,0.60371742,0.03018587,22.31771631,0.09255108,43.54016,3,50.0,13.05555556,5.55555556,41,1752,8760,
4362,4362,-28.02324283,152.06289203,18.41372625,0.6143369,0.03071685,19.02806316,20.82461326,0.60556372,0.03027819,21.43017698,0.10247078,26.04561,1,50.0,12.5,6.11111111,26,1752,8760,
4363,4363,-27.70547284,151.74081802,18.29726743,0.65012107,0.03250605,18.9473885,21.93532649,0.60345754,0.03017288,22.53878403,0.08375672,26.56427,3,50.0,,,,1752,8760,Annual residential load is unavailable.
4364,4364,-27.7161992,151.42892622,18.89493355,0.62827912,0.03141396,19.52321267,23.18203703,0.56902291,0.02845115,23.75105994,0.07124774,18.89482,8,50.0,,,,1752,8760,Annual residential load is unavailable.
4365,4365,-28.02149357,151.62059701,18.20274405,0.64700676,0.03235034,18.84975081,21.29463466,0.58341076,0.02917054,21.87804543,0.09235273,45.72372,1,50.0,13.33333333,6.11111111,10,1752,8760,
4370,4370,-28.26395086,152.01451695,17.89549348,0.6073307,0.03036654,18.50282418,20.37606868,0.60355104,0.03017755,20.97961972,0.1084507,18.22112,1,50.0,5.55555556,8.61111111,377,1752,8760,
4371,4371,-28.17933529,152.31888716,18.69180195,0.59323353,0.02966168,19.28503547,18.44668919,0.61035641,0.03051782,19.0570456,0.10533904,13.16343,1,50.0,,,,1752,8760,Annual residential load is unavailable.
4372,4372,-28.30134328,152.23998604,18.11675847,0.59610419,0.02980521,18.71286266,20.73954894,0.62761192,0.0313806,21.36716086,0.10976662,9.42424,1,50.0,,,,1752,8760,Annual residential load is unavailable.
4373,4373,-28.3210398,152.36566976,18.47460419,0.58995296,0.02949765,19.06455715,18.01902311,0.60245805,0.0301229,18.62148116,0.1129417,19.72038,1,50.0,18.88888889,8.88888889,10,1752,8760,
4374,4374,-28.44234795,151.88258547,16.95724202,0.59554605,0.0297773,17.55278807,18.94817034,0.56700041,0.02835002,19.51517075,0.12029914,38.93395,1,50.0,,,,1752,8760,Annual residential load is unavailable.
4375,4375,-28.52350837,151.94562535,16.28140671,0.58471588,0.02923579,16.86612259,17.4351334,0.55576976,0.02778849,17.99090316,0.13758646,41.11945,1,50.0,,,,1752,8760,Annual residential load is unavailable.
4376,4376,-28.55281495,151.93269359,16.12786833,0.580248,0.0290124,16.70811634,17.33234686,0.54258129,0.02712906,17.87492815,,44.49931,1,50.0,,,,1752,8760,Annual residential load is unavailable. No postcode zonal mean is available from the ΔT20 EBK prediction-standard-error raster.
4377,4377,-28.546532,152.02970512,16.30755714,0.58920111,0.02946006,16.89675824,17.20632528,0.58953199,0.0294766,17.79585727,0.13209425,39.14107,1,50.0,,,,1752,8760,Annual residential load is unavailable.
4378,4378,-28.61006042,151.93623506,15.90875331,0.59164283,0.02958214,16.50039613,17.20517585,0.54356243,0.02717812,17.74873828,0.1411424,49.64928,1,50.0,,,,1752,8760,Annual residential load is unavailable.
4380,4380,-28.59244813,151.7330345,16.83520589,0.57833334,0.02891667,17.41353923,19.46649822,0.50277904,0.02513895,19.96927726,0.13364908,60.86654,0,50.0,11.11111111,5.83333333,82,1752,8760,
4381,4381,-28.7524886,151.87577715,15.85432879,0.59629541,0.02981477,16.4506242,17.88911899,0.52008209,0.0260041,18.40920108,0.14434496,66.34311,0,50.0,9.72222222,4.44444444,14,1752,8760,
4382,4382,-28.85260867,151.79940048,15.98132963,0.57927477,0.02896374,16.5606044,17.73061379,0.50605365,0.02530268,18.23666745,0.13738444,79.68175,0,50.0,11.94444444,6.38888889,11,1752,8760,
4383,4383,-28.92493175,151.94800926,15.29256055,0.57314024,0.02865701,15.86570079,17.09340096,0.56192812,0.02809641,17.65532908,0.14328489,69.12722,0,50.0,,,,1752,8760,Annual residential load is unavailable.
4384,4384,-28.73755088,151.17923229,19.5348235,0.5448216,0.02724108,20.07964511,22.24624039,0.34071067,0.01703553,22.58695106,0.13910238,55.69722,0,50.0,,,,1752,8760,Annual residential load is unavailable.
4385,4385,-28.68049788,150.91786562,19.32050793,0.53634306,0.02681715,19.85685099,21.5823545,0.33364363,0.01668218,21.91599813,0.14120232,32.02833,10,50.0,,,,1752,8760,Annual residential load is unavailable.
4387,4387,-28.46026765,151.1579311,19.28145246,0.56667087,0.02833354,19.84812333,21.81578177,0.44089653,0.02204483,22.2566783,0.12950678,60.71317,0,50.0,,,,1752,8760,Annual residential load is unavailable.
4388,4388,-28.56624834,150.60348813,20.44526345,0.51321562,0.02566078,20.95847907,23.45257573,0.36710265,0.01835513,23.81967838,0.11554804,16.3542,48,50.0,,,,1752,8760,Annual residential load is unavailable.
4390,4390,-28.23203595,150.38383011,20.56580763,0.48933736,0.02446687,21.05514499,23.62688185,0.43398336,0.02169917,24.06086521,0.10763201,3.08344,61,50.0,6.38888889,13.88888889,28,1752,8760,
4400,4400,-27.4967121,151.79760061,18.47216324,0.64786477,0.03239324,19.12002801,22.51464911,0.61518619,0.03075931,23.1298353,,13.54294,2,50.0,12.22222222,8.33333333,16,1752,8760,No postcode zonal mean is available from the ΔT20 EBK prediction-standard-error raster.
4401,4401,-27.39940533,151.71426854,18.78208333,0.64876786,0.03243839,19.43085118,22.87197695,0.61183085,0.03059154,23.48380781,0.08029782,25.88015,4,50.0,12.77777778,7.77777778,40,1752,8760,
4402,4402,-26.96563008,151.81444642,18.90059369,0.65791101,0.03289555,19.5585047,20.36061199,0.59234949,0.02961747,20.95296148,0.10495543,64.18013,0,50.0,,,,1752,8760,Annual residential load is unavailable.
4403,4403,-27.37687449,151.57801226,19.05096693,0.65065157,0.03253258,19.7016185,23.39365139,0.60922794,0.0304614,24.00287933,0.07779093,36.76604,8,50.0,,,,1752,8760,Annual residential load is unavailable.
4404,4404,-27.31740974,151.45674262,19.233962,0.66118883,0.03305944,19.89515083,23.78754328,0.62228491,0.03111425,24.40982819,0.07672545,27.14606,6,50.0,,,,1752,8760,Annual residential load is unavailable.
4405,4405,-27.28931228,151.01625544,19.72016082,0.62852791,0.0314264,20.34868873,22.73216473,0.57296397,0.0286482,23.30512871,0.05363107,16.05733,29,50.0,8.33333333,15.83333333,29,1752,8760,
4406,4406,-27.70665397,150.29197212,20.30917238,0.54816688,0.02740834,20.85733925,23.35081958,0.49849177,0.02492459,23.84931135,0.04704906,2.07692,85,50.0,,,,1752,8760,Annual residential load is unavailable.
4407,4407,-27.66048314,150.88482912,19.67668874,0.56777678,0.02838884,20.24446552,22.40514713,0.51954475,0.02597724,22.92469188,0.04255714,5.31152,41,50.0,,,,1752,8760,Annual residential load is unavailable.
4408,4408,-26.803881,151.32189045,19.57465024,0.73413017,0.03670651,20.3087804,23.36406637,0.65270997,0.0326355,24.01677634,0.09108709,31.58334,4,50.0,,,,1752,8760,Annual residential load is unavailable.
4410,4410,-26.65434384,151.1928947,19.90586315,0.78570106,0.03928505,20.69156422,22.95278729,0.67543704,0.03377185,23.62822433,0.08265086,18.89749,3,50.0,,,,1752,8760,Annual residential load is unavailable.
4411,4411,-26.85224297,150.96161102,20.03470258,0.77559773,0.03877989,20.81030031,24.20382321,0.67889846,0.03394492,24.88272167,0.05922668,4.05865,10,50.0,,,,1752,8760,Annual residential load is unavailable.
4412,4412,-26.87016272,150.81970922,20.15520667,0.73502581,0.03675129,20.89023248,23.98366008,0.64783675,0.03239184,24.63149683,0.05523691,13.91993,28,50.0,,,,1752,8760,Annual residential load is unavailable.
4413,4413,-26.38089318,150.6661874,20.69942924,0.68279141,0.03413957,21.38222065,22.68738398,0.6204177,0.03102088,23.30780167,0.09099459,9.90845,12,50.0,6.94444444,16.94444444,31,1752,8760,
4415,4415,-26.50916745,150.22913555,20.7843913,0.65439812,0.03271991,21.43878942,22.9750333,0.61272574,0.03063629,23.58775904,0.07116021,10.47921,48,50.0,5.83333333,12.5,24,1752,8760,
4416,4416,-26.99405701,149.98454629,20.69631881,0.58866132,0.02943307,21.28498013,24.47444871,0.52447174,0.02622359,24.99892045,0.05081523,9.70234,70,50.0,,,,1752,8760,Annual residential load is unavailable.
4417,4417,-27.20183607,149.13261874,21.03813138,0.56665666,0.02833283,21.60478804,24.70844298,0.52576791,0.0262884,25.23421089,0.0342695,2.91147,307,50.0,,,,1752,8760,Annual residential load is unavailable.
4418,4418,-26.25948665,150.09046383,21.12994568,0.55594479,0.02779724,21.68589047,24.3093132,0.51594591,0.0257973,24.82525912,0.07039207,6.76828,49,50.0,,,,1752,8760,Annual residential load is unavailable.
4419,4419,-26.08905197,149.69504138,21.41572378,0.55028461,0.02751423,21.96600839,24.22910228,0.51764541,0.02588227,24.74674769,0.08600236,22.60843,35,50.0,,,,1752,8760,Annual residential load is unavailable.
4420,4420,-25.40211103,149.50972797,21.68529227,0.55319652,0.02765983,22.23848879,23.4087906,0.5316141,0.0265807,23.9404047,0.09983333,34.15637,3,50.0,,,,1752,8760,Annual residential load is unavailable.
4421,4421,-27.25882479,150.47581372,20.28452861,0.520873,0.02604365,20.80540161,23.38230336,0.47673926,0.02383696,23.85904262,0.03441207,2.62529,94,50.0,8.33333333,13.88888889,29,1752,8760,
4422,4422,-27.61556039,149.72731658,20.87902593,0.52054457,0.02602723,21.3995705,24.38106498,0.48347215,0.02417361,24.86453713,0.05437799,9.8613,72,50.0,,,,1752,8760,Annual residential load is unavailable.
4423,4423,-27.35791072,149.50344205,20.9334467,0.5545592,0.02772796,21.4880059,24.36092715,0.51736001,0.025868,24.87828716,0.04693895,13.64292,119,50.0,,,,1752,8760,Annual residential load is unavailable.
4424,4424,-26.65145808,149.9474181,20.79499731,0.55693966,0.02784698,21.35193697,24.09014643,0.51504773,0.02575239,24.60519417,0.07372784,12.79482,41,50.0,,,,1752,8760,Annual residential load is unavailable.
4425,4425,-26.62611333,149.76953847,20.89677769,0.53801733,0.02690087,21.43479503,24.30717197,0.49533603,0.0247668,24.802508,0.07951135,13.43344,32,50.0,,,,1752,8760,Annual residential load is unavailable.
4426,4426,-26.51368433,149.56589217,21.00263176,0.53724951,0.02686248,21.53988127,23.57000673,0.50152225,0.02507611,24.07152898,0.08707017,27.68985,51,50.0,,,,1752,8760,Annual residential load is unavailable.
4427,4427,-26.15363723,149.39357,21.06067302,0.54797962,0.02739898,21.60865265,24.08947004,0.51043933,0.02552197,24.59990937,0.08971859,19.46068,32,50.0,,,,1752,8760,Annual residential load is unavailable.
4428,4428,-26.46923394,149.2057562,20.97262247,0.57446709,0.02872335,21.54708956,24.41024684,0.52977069,0.02648853,24.94001753,0.07464005,5.66575,201,50.0,,,,1752,8760,Annual residential load is unavailable.
4454,4454,-25.66041464,148.70299451,20.93111816,0.60937443,0.03046872,21.54049258,22.94960133,0.56267938,0.02813397,23.51228071,0.09245278,8.42167,28,50.0,,,,1752,8760,Annual residential load is unavailable.
4455,4455,-26.69781302,148.65570248,20.8481418,0.64293251,0.03214663,21.49107431,24.5381627,0.56802123,0.02840106,25.10618393,0.04315097,1.55542,304,50.0,7.77777778,14.44444444,29,1752,8760,
4461,4461,-26.64165962,148.37137736,20.76676634,0.6391477,0.03195738,21.40591404,24.82703561,0.56610638,0.02830532,25.393142,0.02756715,6.18685,106,50.0,,,,1752,8760,Annual residential load is unavailable.
4462,4462,-26.53149143,148.20698542,20.752034,0.66763859,0.03338193,21.41967259,24.6538164,0.57859623,0.02892981,25.23241263,0.02975792,9.7163,36,50.0,,,,1752,8760,Annual residential load is unavailable.
4465,4465,-26.23587287,147.90784017,20.97745509,0.66374859,0.03318743,21.64120368,23.73432119,0.59463665,0.02973183,24.32895783,0.06488988,14.69736,7,50.0,,,,1752,8760,Annual residential load is unavailable.
4467,4467,-26.34298436,147.4531809,21.19933135,0.68477399,0.0342387,21.88410534,23.74989158,0.60774723,0.03038736,24.3576388,0.0602186,12.18366,4,50.0,,,,1752,8760,Annual residential load is unavailable.
4468,4468,-26.69440307,146.94565025,21.65932513,0.76027735,0.03801387,22.41960249,25.19503533,0.68887256,0.03444363,25.88390789,0.07833792,7.68169,9,50.0,,,,1752,8760,Annual residential load is unavailable.
4470,4470,-26.31487481,146.15115475,22.16554355,0.79539609,0.0397698,22.96093964,25.74134371,0.73230921,0.03661546,26.47365292,0.06438412,13.29024,12,50.0,8.61111111,15.0,14,1752,8760,
4472,4472,-24.59101115,145.44531404,23.29741034,0.76428741,0.03821437,24.06169775,27.11987068,0.72358332,0.03617917,27.843454,0.06714151,6.92181,20,50.0,8.88888889,14.16666667,19,1752,8760,
4474,4474,-25.92968624,144.80091789,23.29740693,0.83357359,0.04167868,24.13098052,26.32025998,0.79574217,0.03978711,27.11600215,0.06825944,11.87622,11,50.0,,,,1752,8760,Annual residential load is unavailable.
4477,4477,-25.35900986,147.15476887,21.48121123,0.68532044,0.03426602,22.16653167,23.48536186,0.63436817,0.03171841,24.11973002,0.08746,28.3678,2,50.0,,,,1752,8760,Annual residential load is unavailable.
4478,4478,-25.05058938,146.26222897,22.08923856,0.69068783,0.03453439,22.77992638,25.23744306,0.64179975,0.03208999,25.87924281,0.0744362,19.78836,8,50.0,,,,1752,8760,Annual residential load is unavailable.
4479,4479,-26.65719825,145.53465605,22.65431543,0.95306391,0.0476532,23.60737933,26.09904447,0.90096679,0.04504834,27.00001126,0.05923349,14.79072,12,50.0,,,,1752,8760,Annual residential load is unavailable.
4480,4480,-26.54216087,143.47486151,23.88067427,0.91742734,0.04587137,24.79810161,27.39999222,0.87578053,0.04378903,28.27577275,0.11541239,1.13214,75,50.0,,,,1752,8760,Annual residential load is unavailable.
4481,4481,-25.56742694,141.71341365,24.55381528,0.9055743,0.04527872,25.45938959,28.09561474,0.87171806,0.0435859,28.9673328,0.10455082,6.42178,15,50.0,,,,1752,8760,Annual residential load is unavailable.
4482,4482,-25.54845948,139.46825456,24.26243843,0.9996958,0.04998479,25.26213423,27.78544405,0.9369297,0.04684649,28.72237375,0.13625616,20.39649,3,50.0,,,,1752,8760,Annual residential load is unavailable.
4486,4486,-28.64343357,147.93532268,21.69059753,0.7619406,0.03809703,22.45253812,25.01250443,0.70252499,0.03512625,25.71502942,0.08783363,27.65696,8,50.0,,,,1752,8760,Annual residential load is unavailable.
4487,4487,-27.88371791,149.03087401,21.34715545,0.66801368,0.03340068,22.01516914,24.67526875,0.62245246,0.03112262,25.29772122,0.05761295,1.26027,180,50.0,8.05555556,13.05555556,16,1752,8760,
4488,4488,-27.86840304,147.37663686,21.74724477,0.88445153,0.04422258,22.6316963,25.52584363,0.81897462,0.04094873,26.34481825,0.08430643,2.8117,16,50.0,,,,1752,8760,Annual residential load is unavailable.
4489,4489,-27.2774997,146.07261825,22.34450114,0.91781323,0.04589066,23.26231437,26.01457748,0.843263,0.04216315,26.85784048,0.06497614,4.3714,13,50.0,,,,1752,8760,Annual residential load is unavailable.
4490,4490,-28.12334615,145.90905753,22.30111889,0.9738018,0.04869009,23.27492069,26.03759139,0.88187768,0.04409388,26.91946907,0.10487294,15.9657,7,50.0,,,,1752,8760,Annual residential load is unavailable.
4491,4491,-28.21273252,145.01681082,22.57030479,0.98672937,0.04933647,23.55703416,26.23419083,0.86297327,0.04314866,27.0971641,0.12265565,57.55221,0,50.0,,,,1752,8760,Annual residential load is unavailable.
4492,4492,-27.97300091,142.49672753,23.21400736,0.97618108,0.04880905,24.19018844,26.33967063,0.92407256,0.04620363,27.26374319,0.11830507,4.15899,92,50.0,,,,1752,8760,Annual residential load is unavailable.
4493,4493,-28.80452597,144.34738292,22.28257292,0.9437801,0.04718901,23.22635302,26.03044644,0.76746039,0.03837302,26.79790683,0.15394518,36.56793,6,50.0,,,,1752,8760,Annual residential load is unavailable.
4494,4494,-28.17429706,149.52299547,21.05957064,0.49993228,0.02499661,21.55950291,24.44863352,0.4667698,0.02333849,24.91540333,0.09273153,5.06993,77,50.0,,,,1752,8760,Annual residential load is unavailable.
4496,4496,-28.48528379,149.34890712,21.22641698,0.57154519,0.02857726,21.79796218,24.56986034,0.52905832,0.02645292,25.09891866,0.1493042,7.16795,59,50.0,,,,1752,8760,Annual residential load is unavailable.
4497,4497,-28.50806891,148.91815,21.42357676,0.66096552,0.03304828,22.08454228,24.82248311,0.61670785,0.03083539,25.43919096,0.13872425,19.16609,18,50.0,,,,1752,8760,Annual residential load is unavailable.
4498,4498,-28.37506669,149.85076147,20.9877001,0.45709506,0.02285475,21.44479516,24.36160738,0.42633487,0.02131674,24.78794225,0.1444601,3.3324,69,50.0,,,,1752,8760,Annual residential load is unavailable.
4500,4500,-27.30162142,152.93245084,21.10086671,0.5864891,0.02932445,21.68735581,21.75521008,0.49323612,0.02466181,22.2484462,0.12906955,48.93366,1,50.0,5.27777778,9.44444444,744,1752,8760,
4501,4501,-27.28188968,152.98594813,21.1538353,0.58085779,0.02904289,21.73469309,22.66205482,0.49219709,0.02460985,23.15425192,,54.65431,0,50.0,5.83333333,9.44444444,285,1752,8760,No postcode zonal mean is available from the ΔT20 EBK prediction-standard-error raster.
4502,4502,-27.26499377,152.97240094,21.1323417,0.5809312,0.02904656,21.7132729,22.83894539,0.49303752,0.02465188,23.33198291,,54.25501,0,50.0,5.83333333,9.72222222,24,1752,8760,No postcode zonal mean is available from the ΔT20 EBK prediction-standard-error raster.
4503,4503,-27.23157983,152.97027604,21.04857239,0.58239252,0.02911963,21.63096491,21.89102892,0.49448779,0.02472439,22.38551671,0.13381732,55.84142,0,50.0,5.27777778,10.55555556,1012,1752,8760,
4504,4504,-27.18675833,152.93098027,20.96634619,0.58807405,0.0294037,21.55442023,21.81098782,0.49870762,0.02493538,22.30969544,0.13098079,55.34513,0,50.0,5.83333333,9.72222222,714,1752,8760,
4505,4505,-27.14861941,152.9845744,21.02840835,0.58276721,0.02913836,21.61117556,21.78908684,0.49664511,0.02483226,22.28573195,0.13480432,62.13096,0,50.0,5.55555556,9.72222222,2022,1752,8760,
4506,4506,-27.13360166,152.92334324,20.87524943,0.59487921,0.02974396,21.47012865,21.93523128,0.50287682,0.02514384,22.43810811,,58.50115,0,50.0,5.55555556,9.16666667,2452,1752,8760,No postcode zonal mean is available from the ΔT20 EBK prediction-standard-error raster.
4507,4507,-26.98893076,153.13577746,21.13623124,0.5766633,0.02883317,21.71289454,20.59543188,0.49623255,0.02481163,21.09166443,0.14221791,84.92864,0,50.0,6.11111111,10.55555556,133,1752,8760,
4508,4508,-27.18270092,153.01640797,21.06358967,0.58054572,0.02902729,21.64413539,21.82658323,0.49317959,0.02465898,22.31976282,,62.56511,0,50.0,5.27777778,10.83333333,142,1752,8760,No postcode zonal mean is available from the ΔT20 EBK prediction-standard-error raster.
4509,4509,-27.23281461,153.03121801,21.09281567,0.57973116,0.02898656,21.67254683,22.28610977,0.49198416,0.02459921,22.77809393,0.13653377,61.0601,0,50.0,5.27777778,11.38888889,332,1752,8760,
4510,4510,-27.071961,152.95941449,20.89888839,0.59330846,0.02966542,21.49219685,21.37902303,0.50180417,0.02509021,21.88082719,0.13337025,65.78728,0,50.0,5.55555556,9.16666667,2019,1752,8760,
4511,4511,-27.07013448,153.08478878,21.16558873,0.58122228,0.02906111,21.74681102,21.06330617,0.49567837,0.02478392,21.55898454,0.13861729,75.31072,0,50.0,5.27777778,10.27777778,44,1752,8760,
4512,4512,-27.02621625,152.85543748,20.36631777,0.58893622,0.02944681,20.95525399,21.12470906,0.50495384,0.02524769,21.6296629,0.13000329,62.8795,0,50.0,5.55555556,8.88888889,40,1752,8760,
4514,4514,-26.94617438,152.72883153,19.64076028,0.57658327,0.02882916,20.21734355,20.29464615,0.50183025,0.02509151,20.79647641,0.12812104,64.56588,0,50.0,5.27777778,10.27777778,424,1752,8760,
4515,4515,-26.755743,152.47871766,18.78348764,0.60586239,0.03029312,19.38935003,19.86081678,0.52274198,0.0261371,20.38355875,0.12775684,79.69567,0,50.0,5.55555556,9.16666667,242,1752,8760,
4516,4516,-27.00889705,152.96124999,20.77626262,0.59214464,0.02960723,21.36840727,20.63210736,0.50254197,0.0251271,21.13464933,0.13503295,70.97345,0,50.0,5.27777778,10.0,65,1752,8760,
4517,4517,-26.95073614,152.96897195,20.6818138,0.58178772,0.02908939,21.26360152,20.25158315,0.50159395,0.0250797,20.75317711,0.13170984,76.39223,0,50.0,,,,1752,8760,Annual residential load is unavailable.
4518,4518,-26.90541197,152.93789726,20.39853492,0.57395307,0.02869765,20.97248799,20.9103887,0.50528329,0.02526416,21.41567199,0.13564859,78.56183,0,50.0,5.55555556,10.55555556,157,1752,8760,
4519,4519,-26.85092884,152.89103275,20.29766292,0.5968902,0.02984451,20.89455313,20.48112619,0.51232029,0.02561601,20.99344648,0.13738736,81.18391,0,50.0,5.27777778,9.44444444,168,1752,8760,
4520,4520,-27.3253086,152.83089599,20.87994661,0.59651966,0.02982598,21.47646627,20.44512059,0.50024089,0.02501204,20.94536149,0.12631054,38.75071,2,50.0,6.11111111,9.72222222,87,1752,8760,
4521,4521,-27.15182237,152.76647417,20.41612885,0.59331555,0.02966578,21.0094444,19.88473661,0.50541303,0.02527065,20.39014964,0.1232593,46.4158,1,50.0,6.94444444,11.38888889,67,1752,8760,
4550,4550,-26.80823707,152.98230682,20.31330136,0.62326745,0.03116337,20.9365688,20.6787218,0.5205822,0.02602911,21.199304,,89.97746,0,50.0,6.11111111,9.44444444,58,1752,8760,No postcode zonal mean is available from the ΔT20 EBK prediction-standard-error raster.
4551,4551,-26.79958218,153.08641428,20.75950208,0.629248,0.0314624,21.38875008,21.52388235,0.52167048,0.02608352,22.04555283,0.14545804,96.79628,0,50.0,4.16666667,6.94444444,2764,1752,8760,
4552,4552,-26.73738111,152.75852925,19.20583127,0.61422879,0.03071144,19.82006006,19.37563458,0.52332247,0.02616612,19.89895705,0.13961982,87.38128,0,50.0,4.16666667,7.5,175,1752,8760,
4553,4553,-26.76064557,152.952843,20.38275462,0.62070286,0.03103514,21.00345748,20.81310091,0.51924315,0.02596216,21.33234406,0.14843524,92.94503,0,50.0,4.16666667,7.22222222,974,1752,8760,
4554,4554,-26.72757602,152.960489,20.13681205,0.61475957,0.03073798,20.75157161,20.51586155,0.52869977,0.02643499,21.04456132,,96.51548,0,50.0,5.0,6.11111111,15,1752,8760,No postcode zonal mean is available from the ΔT20 EBK prediction-standard-error raster.
4555,4555,-26.69328289,152.94903327,20.0503766,0.61349281,0.03067464,20.66386941,20.84867583,0.53746253,0.02687313,21.38613836,0.15667221,99.323,0,50.0,5.55555556,6.38888889,385,1752,8760,
4556,4556,-26.69771027,153.05284031,20.66352925,0.61172985,0.03058649,21.2752591,21.44764267,0.53718228,0.02685911,21.98482495,0.16722651,104.09817,0,50.0,4.44444444,6.11111111,741,1752,8760,
4557,4557,-26.69593869,153.1057948,20.78812103,0.60782704,0.03039135,21.39594807,22.43761838,0.53709937,0.02685497,22.97471776,0.16952014,107.20013,0,50.0,4.16666667,9.44444444,48,1752,8760,
4558,4558,-26.65348995,153.07858828,20.83865388,0.6151481,0.03075741,21.45380198,22.25712254,0.55007575,0.02750379,22.80719829,,109.61834,0,50.0,4.72222222,7.5,352,1752,8760,No postcode zonal mean is available from the ΔT20 EBK prediction-standard-error raster.
4559,4559,-26.65712288,152.97850263,20.32062124,0.61723682,0.03086184,20.93785806,21.02975537,0.55088448,0.02754422,21.58063985,,104.24649,0,50.0,4.72222222,8.05555556,59,1752,8760,No postcode zonal mean is available from the ΔT20 EBK prediction-standard-error raster.
4560,4560,-26.61075638,152.92973764,20.18979128,0.61733147,0.03086657,20.80712275,20.46695338,0.55551198,0.0277756,21.02246536,0.16200119,106.24578,0,50.0,4.44444444,7.22222222,464,1752,8760,
4561,4561,-26.54433083,152.99054842,20.72292859,0.61045445,0.03052272,21.33338305,20.96849023,0.56837828,0.02841891,21.53686852,0.17034568,100.49741,0,50.0,4.44444444,7.22222222,279,1752,8760,
4562,4562,-26.46656498,152.98706301,20.59231461,0.60289457,0.03014473,21.19520918,20.27553578,0.56926292,0.02846315,20.8447987,0.17358333,92.10549,0,50.0,4.72222222,8.05555556,106,1752,8760,
4563,4563,-26.42758465,152.88117958,20.65447094,0.61383626,0.03069181,21.2683072,20.14230276,0.57577652,0.02878883,20.71807928,0.17425764,85.32549,0,50.0,5.0,6.94444444,129,1752,8760,
4564,4564,-26.60622909,153.08165322,20.94448488,0.61773285,0.03088664,21.56221772,21.20435742,0.5604237,0.02802118,21.76478112,,109.80514,0,50.0,5.27777778,5.83333333,181,1752,8760,No postcode zonal mean is available from the ΔT20 EBK prediction-standard-error raster.
4565,4565,-26.2983251,153.00291959,21.49365842,0.6067337,0.03033669,22.10039213,20.55130184,0.58728358,0.02936418,21.13858542,0.18628353,75.01519,0,50.0,5.0,8.05555556,97,1752,8760,
4566,4566,-26.42321453,153.06099927,21.39320572,0.60229681,0.03011484,21.99550253,21.17016112,0.57033385,0.02851669,21.74049497,,90.05962,0,50.0,5.27777778,7.5,85,1752,8760,No postcode zonal mean is available from the ΔT20 EBK prediction-standard-error raster.
4567,4567,-26.40554163,153.09617515,21.48900574,0.60600962,0.03030048,22.09501536,21.27121456,0.5748407,0.02874204,21.84605526,,89.67373,0,50.0,4.44444444,6.66666667,110,1752,8760,No postcode zonal mean is available from the ΔT20 EBK prediction-standard-error raster.
4568,4568,-26.3653766,152.85137205,20.79268251,0.61237839,0.03061892,21.4050609,20.01856931,0.58386952,0.02919348,20.60243883,0.17381316,77.98208,0,50.0,4.72222222,6.66666667,64,1752,8760,
4569,4569,-26.32441021,152.83076724,20.72637512,0.61398541,0.03069927,21.34036053,20.16498057,0.58259873,0.02912994,20.7475793,0.17246759,73.15148,0,50.0,4.16666667,6.66666667,18,1752,8760,
4570,4570,-26.16973613,152.59706512,20.64652753,0.61169651,0.03058483,21.25822404,20.90978721,0.59198559,0.02959928,21.5017728,0.18024342,56.36001,0,50.0,6.38888889,9.16666667,1559,1752,8760,
4571,4571,-26.20327925,152.98877764,21.45489271,0.60478885,0.03023944,22.05968156,20.1458048,0.59412403,0.0297062,20.73992883,0.19016731,64.76613,0,50.0,,,,1752,8760,Annual residential load is unavailable.
4572,4572,-26.67076602,153.10403353,20.82976151,0.60960108,0.03048005,21.43936259,21.88691139,0.54553926,0.02727696,22.43245065,,109.40383,0,50.0,5.0,9.16666667,16,1752,8760,No postcode zonal mean is available from the ΔT20 EBK prediction-standard-error raster.
4573,4573,-26.51000345,153.07604194,21.1703741,0.5968729,0.02984364,21.767247,20.77370531,0.57307037,0.02865352,21.34677567,,99.57529,0,50.0,5.55555556,7.77777778,173,1752,8760,No postcode zonal mean is available from the ΔT20 EBK prediction-standard-error raster.
4574,4574,-26.60697293,152.79993542,19.32302577,0.62216046,0.03110802,19.94518623,19.33743119,0.54263398,0.0271317,19.88006517,0.14178686,95.11139,0,50.0,4.44444444,6.66666667,16,1752,8760,
4575,4575,-26.72688072,153.12549003,20.76857185,0.61535684,0.03076784,21.3839287,22.06378958,0.52701719,0.02635086,22.59080677,,105.56998,0,50.0,5.0,7.22222222,234,1752,8760,No postcode zonal mean is available from the ΔT20 EBK prediction-standard-error raster.
4580,4580,-26.07025615,153.01645067,22.02415403,0.60651056,0.03032553,22.63066459,20.33869161,0.62516473,0.03125824,20.96385635,0.19655132,53.22666,0,50.0,3.88888889,6.94444444,155,1752,8760,
4581,4581,-25.26007381,153.14273318,22.27532678,0.61792145,0.03089607,22.89324824,20.66337956,0.6782095,0.03391047,21.34158906,0.19406624,62.8423,0,50.0,4.44444444,8.05555556,38,1752,8760,
4600,4600,-26.08103579,152.23972442,20.39649013,0.6235857,0.03117929,21.02007583,21.80884857,0.59009059,0.02950453,22.39893916,0.17982947,26.98364,2,50.0,9.44444444,10.0,10,1752,8760,
4601,4601,-25.94309745,151.92110051,20.24473383,0.62554323,0.03127716,20.87027706,21.40176201,0.57980312,0.02899016,21.98156514,0.17079018,11.62392,2,50.0,13.88888889,6.94444444,13,1752,8760,
4605,4605,-26.09264338,151.80918595,20.15936353,0.67314306,0.03365715,20.83250659,22.054185,0.57558699,0.02877935,22.62977199,0.16894883,19.74642,2,50.0,13.33333333,5.55555556,56,1752,8760,
4606,4606,-26.26887086,151.80005998,19.80821925,0.7100756,0.03550378,20.51829484,22.41179922,0.55810431,0.02790522,22.96990353,0.16467658,15.93173,2,50.0,12.77777778,6.94444444,31,1752,8760,
4608,4608,-26.38582404,151.82320908,19.46528022,0.71639102,0.03581955,20.18167124,21.60762455,0.55920651,0.02796033,22.16683106,0.15819909,22.50812,1,50.0,,,,1752,8760,Annual residential load is unavailable.
4610,4610,-26.52948107,151.55309551,19.48307311,0.7153868,0.03576934,20.19845991,21.83848135,0.5927621,0.0296381,22.43124344,0.1217235,52.52112,0,50.0,12.77777778,6.11111111,178,1752,8760,
4611,4611,-26.17616369,151.76325692,20.14152254,0.69337238,0.03466862,20.83489491,22.82208443,0.57072008,0.028536,23.39280451,0.16895117,19.14203,2,50.0,,,,1752,8760,Annual residential load is unavailable.
4612,4612,-26.00115107,151.62637302,20.75172648,0.66845062,0.03342253,21.4201771,22.39155652,0.5835857,0.02917929,22.97514222,0.17357903,40.26509,2,50.0,,,,1752,8760,Annual residential load is unavailable.
4613,4613,-26.18054091,151.38403055,20.45174839,0.70866609,0.0354333,21.16041448,22.31174016,0.57491052,0.02874553,22.88665068,0.16158209,56.55825,0,50.0,,,,1752,8760,Annual residential load is unavailable.
4614,4614,-26.84721891,151.93123249,18.73647561,0.65005398,0.0325027,19.38652959,20.25043296,0.57494604,0.0287473,20.825379,0.11141864,69.99481,0,50.0,,,,1752,8760,Annual residential load is unavailable.
4615,4615,-26.71987975,151.93280517,18.88030293,0.66220501,0.03311025,19.54250794,20.95797946,0.56488931,0.02824447,21.52286878,0.12787309,55.83642,0,50.0,13.61111111,5.55555556,117,1752,8760,
4620,4620,-25.65463222,152.28103407,21.38558654,0.55820047,0.02791002,21.94378702,21.91763656,0.62336281,0.03116814,22.54099937,0.17578255,38.66275,2,50.0,,,,1752,8760,Annual residential load is unavailable.
4621,4621,-25.50380253,152.03592566,21.6555599,0.56028144,0.02801407,22.21584134,22.66764475,0.62854433,0.03142722,23.29618908,0.17591641,46.5803,1,50.0,0.83333333,15.0,30,1752,8760,
4625,4625,-25.59072173,151.66051112,21.54973416,0.61332424,0.03066621,22.1630584,23.42949224,0.61748848,0.03087442,24.04698072,0.17205634,37.78519,35,50.0,7.77777778,13.61111111,29,1752,8760,
4626,4626,-25.78050524,151.09610734,21.17751335,0.68232195,0.0341161,21.85983529,22.96928049,0.58066444,0.02903322,23.54994493,0.15712108,17.13984,37,50.0,8.33333333,14.44444444,20,1752,8760,
4627,4627,-25.36432103,150.83462205,21.23616837,0.56525208,0.0282626,21.80142045,23.1260411,0.63405934,0.03170297,23.76010044,0.16255736,23.27265,36,50.0,7.77777778,15.55555556,18,1752,8760,
4630,4630,-24.8553477,151.08438768,21.28973731,0.59268095,0.02963405,21.88241826,22.20480637,0.68939612,0.03446981,22.89420248,0.17123814,7.16127,21,50.0,,,,1752,8760,Annual residential load is unavailable.
4650,4650,-25.64267599,152.63766241,21.60137831,0.55831543,0.02791577,22.15969374,21.24293855,0.63314277,0.03165714,21.87608132,0.18006757,8.71804,1,50.0,0.55555556,14.44444444,539,1752,8760,
4655,4655,-25.34124886,152.80290892,21.73642936,0.59028892,0.02951445,22.32671828,21.98264707,0.66568637,0.03328432,22.64833344,0.18091866,38.04432,3,50.0,0.27777778,14.16666667,3473,1752,8760,
4659,4659,-25.29888424,152.6099881,21.73791643,0.5791072,0.02895536,22.31702364,21.62980813,0.66422838,0.03321142,22.29403651,0.17143305,22.12824,41,50.0,0.27777778,14.44444444,437,1752,8760,
4660,4660,-25.20777759,152.33328045,21.83957037,0.544328,0.0272164,22.38389838,21.84330428,0.67853887,0.03392694,22.52184315,0.16524893,16.85885,183,50.0,0.55555556,13.61111111,511,1752,8760,
4662,4662,-25.35366801,152.57592749,21.68864039,0.56449578,0.02822479,22.25313618,21.86108388,0.66527523,0.03326376,22.52635911,,25.86258,33,50.0,,,,1752,8760,Annual residential load is unavailable. No postcode zonal mean is available from the ΔT20 EBK prediction-standard-error raster.
4670,4670,-24.88821818,152.25932821,22.13198039,0.61499799,0.0307499,22.74697838,22.23245721,0.71846378,0.03592319,22.950921,0.15336918,2.77278,259,50.0,0.55555556,14.16666667,2749,1752,8760,
4671,4671,-25.05365495,151.76356588,21.77239221,0.53248731,0.02662437,22.30487952,22.29583166,0.70256789,0.03512839,22.99839954,0.17694907,46.85148,25,50.0,0.83333333,13.33333333,124,1752,8760,
4673,4673,-24.71701106,152.0608983,22.19439236,0.56919346,0.02845967,22.76358582,21.80272678,0.75410912,0.03770546,22.5568359,0.16839316,11.67075,257,50.0,0.83333333,14.44444444,13,1752,8760,
4674,4674,-24.53993674,151.87509624,22.25203162,0.58957251,0.02947863,22.84160413,22.02367336,0.75363922,0.03768196,22.77731258,0.1909725,37.77561,75,50.0,1.11111111,12.77777778,31,1752,8760,
4676,4676,-24.62282279,151.615245,21.99771854,0.56098362,0.02804918,22.55870217,21.43536676,0.71194863,0.03559743,22.14731539,0.1905931,52.68499,0,50.0,,,,1752,8760,Annual residential load is unavailable.
4677,4677,-24.29854564,151.68897582,22.46527392,0.62192845,0.03109642,23.08720237,21.92629304,0.7186464,0.03593232,22.64493944,0.19951102,69.76662,0,50.0,0.83333333,14.72222222,302,1752,8760,
4678,4678,-24.17556578,151.52657248,22.67545693,0.61408909,0.03070445,23.28954602,22.88358575,0.67827939,0.03391397,23.56186514,0.19664664,81.02757,0,50.0,0.55555556,14.16666667,21,1752,8760,
4680,4680,-24.21276433,151.13590955,22.46889394,0.65620256,0.03281013,23.12509649,22.74314379,0.70286129,0.03514306,23.44600507,0.18757719,48.30559,3,50.0,0.27777778,14.16666667,525,1752,8760,
4694,4694,-23.77793289,151.09466462,23.10176939,0.65938605,0.0329693,23.76115544,23.26352063,0.6976693,0.03488346,23.96118992,0.19647955,76.17151,0,50.0,,,,1752,8760,Annual residential load is unavailable.
4695,4695,-23.79611002,150.95499349,22.95348415,0.65877049,0.03293852,23.61225464,23.66658013,0.70145492,0.03507275,24.36803505,0.19506061,67.58364,0,50.0,,,,1752,8760,Annual residential load is unavailable.
4697,4697,-23.83140136,150.77496122,22.86100654,0.6584632,0.03292316,23.51946973,23.84827994,0.69029599,0.0345148,24.53857593,0.19371131,58.54545,0,50.0,,,,1752,8760,Annual residential load is unavailable.
4699,4699,-23.65253826,150.64716383,23.09538561,0.63917454,0.03195873,23.73456015,24.27456434,0.65030835,0.03251542,24.9248727,0.19525554,77.79631,0,50.0,,,,1752,8760,Annual residential load is unavailable.
4700,4700,-23.40768709,150.51019829,23.47654161,0.62049732,0.03102487,24.09703893,24.52702795,0.61983051,0.03099153,25.14685846,0.20061664,106.41284,0,50.0,2.22222222,19.16666667,204,1752,8760,
4701,4701,-23.41666309,150.63488392,23.21636838,0.62474029,0.03123701,23.84110867,23.78913127,0.64220585,0.03211029,24.43133712,0.2036408,104.05432,0,50.0,1.11111111,18.88888889,611,1752,8760,
4702,4702,-23.86871652,149.36368014,22.59454746,0.65222732,0.03261137,23.24677477,24.62598912,0.60981063,0.03049053,25.23579974,0.15046042,24.93507,1,50.0,1.94444444,22.77777778,475,1752,8760,
4703,4703,-23.00584208,150.66735042,22.50926828,0.72382196,0.0361911,23.23309024,22.480252,0.77304046,0.03865202,23.25329246,0.21914054,149.62445,0,50.0,1.66666667,20.0,1001,1752,8760,
4704,4704,-23.1274035,150.34855897,23.06977699,0.76057546,0.03802877,23.83035245,24.59008485,0.7647831,0.03823915,25.35486795,0.20755582,140.32045,0,50.0,,,,1752,8760,Annual residential load is unavailable.
4705,4705,-23.0075288,148.89610776,23.329302,0.75819578,0.03790979,24.08749778,25.38903477,0.74975024,0.03748751,26.13878501,0.19105259,22.80621,1,50.0,,,,1752,8760,Annual residential load is unavailable.
4706,4706,-22.64376657,149.67978156,23.20216436,0.80438179,0.04021909,24.00654616,24.66206229,0.79349121,0.03967456,25.4555535,0.2165344,112.56144,0,50.0,,,,1752,8760,Annual residential load is unavailable.
4707,4707,-22.24139242,149.39191877,23.26593271,0.8641573,0.04320787,24.13009001,23.49945283,0.90071918,0.04503596,24.40017201,0.19959707,112.08947,0,50.0,,,,1752,8760,Annual residential load is unavailable.
4709,4709,-23.0335742,148.3519602,23.62165312,0.68247593,0.0341238,24.30412906,25.66958323,0.66391945,0.03319597,26.33350268,,38.18126,2,50.0,,,,1752,8760,Annual residential load is unavailable. No postcode zonal mean is available from the ΔT20 EBK prediction-standard-error raster.
4710,4710,-23.26618106,150.79975955,22.87320196,0.62613541,0.03130677,23.49933737,23.70421655,0.67744707,0.03387235,24.38166362,0.21053956,121.23719,0,50.0,1.66666667,20.27777778,196,1752,8760,
4711,4711,-23.27239456,150.46352079,23.34322785,0.62513002,0.0312565,23.96835788,24.36839954,0.62294796,0.0311474,24.9913475,0.20364287,122.058,0,50.0,,,,1752,8760,Annual residential load is unavailable.
4712,4712,-23.68438277,149.67931793,22.92519866,0.62206562,0.03110328,23.54726429,25.26791664,0.55070039,0.02753502,25.81861703,0.15877525,62.85672,0,50.0,,,,1752,8760,Annual residential load is unavailable.
4713,4713,-24.13595276,149.44615985,22.55735302,0.60908893,0.03045445,23.16644195,24.25026383,0.55499474,0.02774974,24.80525857,0.12968349,36.92366,1,50.0,,,,1752,8760,Annual residential load is unavailable.
4714,4714,-23.72085521,150.39472178,23.07454605,0.64235708,0.03211785,23.71690313,23.08552612,0.5870035,0.02935018,23.67252963,0.18544898,76.02359,0,50.0,1.66666667,21.38888889,13,1752,8760,
4715,4715,-24.24627905,150.56865449,21.83820886,0.66694628,0.03334731,22.50515514,23.95485395,0.61066251,0.03053313,24.56551646,0.16998326,16.54409,21,50.0,8.61111111,15.27777778,18,1752,8760,
4716,4716,-24.5893091,150.66545191,21.41004241,0.66617492,0.03330875,22.07621733,23.70621671,0.6471303,0.03235652,24.35334701,0.16557385,7.01816,21,50.0,,,,1752,8760,Annual residential load is unavailable.
4717,4717,-23.48544835,148.79120368,23.25637062,0.58503281,0.02925164,23.84140342,26.5251072,0.54012735,0.02700637,27.06523455,0.14114904,26.5702,3,50.0,,,,1752,8760,Annual residential load is unavailable.
4718,4718,-24.77883047,149.24621859,21.94378386,0.61471323,0.03073566,22.55849709,24.50016394,0.57851201,0.0289256,25.07867594,0.12472868,22.73882,7,50.0,3.61111111,18.33333333,11,1752,8760,
4719,4719,-25.0785596,150.21132937,21.5668947,0.59221625,0.02961081,22.15911095,24.01223203,0.59760559,0.02988028,24.60983763,0.14207554,47.14274,1,50.0,,,,1752,8760,Annual residential load is unavailable.
4720,4720,-23.9380879,147.54590959,22.74367732,0.65303004,0.0326515,23.39670736,25.32414121,0.59012764,0.02950638,25.91426885,0.15002636,61.37112,0,50.0,4.72222222,17.77777778,116,1752,8760,
4721,4721,-22.37795356,147.07740453,23.94584387,0.64582991,0.0322915,24.59167378,26.8939968,0.61694235,0.03084712,27.51093915,0.18531022,115.14751,0,50.0,2.77777778,28.33333333,13,1752,8760,
4722,4722,-24.26170745,148.11041559,22.11133842,0.68516109,0.03425805,22.79649951,25.07283057,0.61882512,0.03094126,25.69165569,0.10721776,7.46118,16,50.0,,,,1752,8760,Annual residential load is unavailable.
4723,4723,-23.08438331,148.10732531,23.59877884,0.66391729,0.03319586,24.26269614,26.5386146,0.62023202,0.0310116,27.15884663,0.16832225,41.98575,1,50.0,,,,1752,8760,Annual residential load is unavailable.
4724,4724,-23.61920685,146.69827098,23.27905409,0.60649291,0.03032465,23.885547,25.60087881,0.56881458,0.02844073,26.16969339,0.1557711,33.69711,1,50.0,,,,1752,8760,Annual residential load is unavailable.
4725,4725,-23.6173832,145.33644256,24.28227692,0.7920507,0.03960254,25.07432762,27.97370896,0.7525773,0.03762886,28.72628626,0.1084806,1.4748,17,50.0,3.33333333,33.88888889,18,1752,8760,
4726,4726,-22.44430038,145.41136433,24.7488118,0.62513743,0.03125687,25.37394923,28.52924073,0.6290259,0.0314513,29.15826663,0.15047955,42.90152,1,50.0,,,,1752,8760,Annual residential load is unavailable.
4727,4727,-23.66097514,144.54531786,24.60017975,0.98693269,0.04934663,25.58711244,28.62251385,0.91937159,0.04596858,29.54188544,0.10112545,1.51243,13,50.0,,,,1752,8760,Annual residential load is unavailable.
4728,4728,-23.25533871,146.036751,23.92074558,0.5864328,0.02932164,24.50717837,26.57197153,0.57564418,0.02878221,27.14761571,0.14949264,50.84524,0,50.0,,,,1752,8760,Annual residential load is unavailable.
4730,4730,-23.70767047,143.30415441,24.95629952,0.97854245,0.04892712,25.93484198,29.09989603,0.91908302,0.04595415,30.01897905,0.11754847,15.7411,13,50.0,3.61111111,30.55555556,42,1752,8760,
4731,4731,-24.57172285,144.16404776,24.27601443,0.88562382,0.04428119,25.16163825,28.36445947,0.84237096,0.04211855,29.20683043,0.09548122,27.23902,4,50.0,,,,1752,8760,Annual residential load is unavailable.
4732,4732,-22.47634336,144.36573702,25.05503336,0.86287282,0.04314364,25.91790618,28.8427652,0.81203818,0.04060191,29.65480338,0.12841673,3.30075,14,50.0,,,,1752,8760,Annual residential load is unavailable.
4733,4733,-22.0387716,143.33493386,25.5754621,0.9186635,0.04593318,26.4941256,29.58556229,0.8772345,0.04386172,30.46279679,0.10370599,13.27338,3,50.0,,,,1752,8760,Annual residential load is unavailable.
4735,4735,-23.26739692,141.6832572,25.2328857,1.00361533,0.05018077,26.23650103,29.83370403,0.93151416,0.04657571,30.76521819,0.12048814,16.48799,5,50.0,2.22222222,30.55555556,14,1752,8760,
4736,4736,-25.04838888,143.17359725,24.5244917,0.83317326,0.04165866,25.35766497,28.33051263,0.79404488,0.03970224,29.12455751,0.11263676,8.2768,9,50.0,,,,1752,8760,Annual residential load is unavailable.
4737,4737,-21.47703682,149.09067723,23.25245511,1.0261033,0.05130516,24.2785584,22.12940754,1.10047392,0.0550237,23.22988146,0.16826221,25.38008,8,50.0,1.11111111,18.61111111,78,1752,8760,
4738,4738,-21.64686508,149.25799322,23.23611473,0.98645375,0.04932269,24.22256848,22.65925848,1.07804091,0.05390205,23.73729939,0.18339812,44.56691,6,50.0,1.38888889,19.72222222,11,1752,8760,
4739,4739,-21.86468131,149.37051819,23.22437382,0.94022786,0.04701139,24.16460168,22.52864829,1.02238251,0.05111913,23.5510308,0.19275126,71.06269,0,50.0,,,,1752,8760,Annual residential load is unavailable.
4740,4740,-21.16722375,149.11584939,23.3628502,1.08609379,0.05430469,24.44894398,23.30608175,1.15389848,0.05769492,24.45998022,0.16063847,5.42159,8,50.0,1.11111111,21.11111111,1362,1752,8760,
4741,4741,-20.94178833,148.36642125,23.48305047,0.8885158,0.04442579,24.37156627,23.27434071,1.03257089,0.05162854,24.30691161,0.1663319,53.35198,0,50.0,1.11111111,19.16666667,78,1752,8760,
4742,4742,-21.80202817,148.50348959,23.46885544,0.85134423,0.04256721,24.32019966,25.27116628,0.91759989,0.04587999,26.18876617,0.17593351,31.40203,2,50.0,,,,1752,8760,Annual residential load is unavailable.
4743,4743,-21.18532927,148.19145349,23.6390657,0.80901546,0.04045077,24.44808117,25.72938764,0.95157679,0.04757884,26.68096443,0.17576566,49.55322,1,50.0,,,,1752,8760,Annual residential load is unavailable.
4744,4744,-21.94737611,147.88979272,23.60965548,0.79366803,0.0396834,24.40332351,27.01670109,0.78795603,0.0393978,27.80465712,0.18095157,24.59333,2,50.0,1.38888889,18.88888889,20,1752,8760,
4745,4745,-22.55977791,148.34496099,23.54334447,0.74856489,0.03742824,24.29190936,25.6680142,0.72346314,0.03617316,26.39147734,0.1781909,66.63832,0,50.0,,,,1752,8760,Annual residential load is unavailable.
4746,4746,-22.67694001,148.82622114,23.46300191,0.76038454,0.03801923,24.22338645,25.92031838,0.73766666,0.03688333,26.65798504,0.18337158,51.00343,0,50.0,,,,1752,8760,Annual residential load is unavailable.
4750,4750,-21.02529424,149.14702455,23.49241765,1.04999767,0.05249988,24.54241532,23.47867636,1.1666188,0.05833094,24.64529517,,18.07193,8,50.0,1.11111111,19.72222222,88,1752,8760,No postcode zonal mean is available from the ΔT20 EBK prediction-standard-error raster.
4751,4751,-21.20296163,149.04409849,23.30729209,1.09085293,0.05454265,24.39814502,23.3678427,1.14454981,0.05722749,24.51239251,0.15599506,10.2838,8,50.0,3.05555556,20.0,39,1752,8760,
4753,4753,-21.17049469,148.96206375,23.39358288,1.01430069,0.05071503,24.40788357,23.06168012,1.12851536,0.05642577,24.19019548,0.15643704,19.51023,8,50.0,0.83333333,20.0,31,1752,8760,
4754,4754,-21.25454379,148.78757629,23.39481164,0.96202199,0.0481011,24.35683363,22.62003992,1.08784807,0.0543924,23.70788798,0.15938733,36.40494,8,50.0,1.38888889,20.0,38,1752,8760,
4756,4756,-21.12285102,148.59995417,23.47152629,0.89583905,0.04479195,24.36736535,21.38960993,1.06359207,0.0531796,22.453202,0.1599686,57.11361,0,50.0,1.11111111,19.16666667,10,1752,8760,
4757,4757,-21.18655014,148.47938569,23.48670078,0.8721968,0.04360984,24.35889759,21.15568977,1.03083272,0.05154164,22.18652248,0.16412272,68.47196,0,50.0,,,,1752,8760,Annual residential load is unavailable.
4798,4798,-20.88289593,148.74875354,23.58278822,0.87125591,0.0435628,24.45404413,23.57045257,1.12954875,0.05647744,24.70000132,0.160594,44.86753,1,50.0,,,,1752,8760,Annual residential load is unavailable.
4799,4799,-20.69955382,148.57830594,23.5684794,0.80624355,0.04031218,24.37472294,23.39631223,1.11404777,0.05570239,24.51036,0.16863152,25.38289,1,50.0,1.11111111,20.0,42,1752,8760,
4800,4800,-20.40699286,148.52227824,23.77863112,0.78041927,0.03902096,24.55905038,23.40998044,1.1539176,0.05769588,24.56389803,0.16985127,17.46072,2,50.0,1.11111111,22.5,335,1752,8760,
4802,4802,-20.26057575,148.98176994,24.16943076,0.82679731,0.04133987,24.99622807,22.58479454,1.22597969,0.06129898,23.81077423,0.18516085,41.37408,1,50.0,1.38888889,22.77777778,348,1752,8760,
4804,4804,-20.99317229,147.4876899,23.94349684,0.74554214,0.03727711,24.68903898,26.87627009,0.88242565,0.04412128,27.75869574,0.19103243,41.14885,1,50.0,,,,1752,8760,Annual residential load is unavailable.
4805,4805,-20.2150193,147.89016655,24.04712511,0.81733473,0.04086674,24.86445984,25.67962349,1.10357796,0.0551789,26.78320145,0.15867989,28.55642,26,50.0,0.55555556,30.83333333,192,1752,8760,
4806,4806,-19.8434619,147.40241452,24.16279336,0.90191986,0.04509599,25.06471322,25.94875056,1.08274036,0.05413702,27.03149093,0.14702641,17.44233,79,50.0,0.27777778,31.66666667,12,1752,8760,
4807,4807,-19.98631863,147.06563169,24.09575036,0.87776243,0.04388812,24.97351279,25.65308906,1.02423657,0.05121183,26.67732563,0.1666354,49.67553,3,50.0,0.27777778,29.72222222,123,1752,8760,
4808,4808,-19.5031821,147.34782307,24.38229108,0.94003388,0.04700169,25.32232496,25.16054285,1.11597819,0.05579891,26.27652104,0.12142496,0.44746,79,50.0,,,,1752,8760,Annual residential load is unavailable.
4809,4809,-19.60567699,147.13860708,24.24765701,1.0315964,0.05157982,25.27925341,25.16554404,1.07824718,0.05391236,26.24379123,0.13588797,8.14331,79,50.0,0.55555556,26.11111111,14,1752,8760,
4810,4810,-19.3324102,147.0248547,24.70405696,1.00557461,0.05027873,25.70963157,25.38344698,1.07404934,0.05370247,26.45749632,0.16555335,26.25005,44,50.0,0.55555556,32.22222222,252,1752,8760,
4811,4811,-19.3697467,146.77572426,24.43344224,0.97678387,0.04883919,25.41022611,25.75402275,1.03898991,0.0519495,26.79301266,0.17279375,43.86147,12,50.0,0.27777778,29.44444444,102,1752,8760,
4812,4812,-19.28618169,146.78994395,24.81670172,0.97440765,0.04872038,25.79110936,27.46958656,1.04499729,0.05224986,28.51458386,,47.24393,3,50.0,0.27777778,32.22222222,233,1752,8760,No postcode zonal mean is available from the ΔT20 EBK prediction-standard-error raster.
4814,4814,-19.29888522,146.76549533,24.58931478,0.97000114,0.04850006,25.55931592,27.10605396,1.03844069,0.05192203,28.14449465,0.17892791,48.57896,1,50.0,0.27777778,30.27777778,390,1752,8760,
4815,4815,-19.5276589,146.65025254,23.09989898,0.92953803,0.0464769,24.02943701,25.12365903,0.98958769,0.04947938,26.11324673,0.19118592,53.04957,0,50.0,0.0,30.83333333,381,1752,8760,
4816,4816,-21.04580164,145.36657348,25.02317617,0.81580767,0.04079038,25.83898384,27.47482741,0.8029221,0.04014611,28.27774951,0.20838407,28.50219,3,50.0,0.27777778,30.55555556,510,1752,8760,
4817,4817,-19.43556549,146.50248723,22.64054852,0.92141373,0.04607069,23.56196225,24.88618119,0.97026218,0.04851311,25.85644337,0.20957725,69.40596,0,50.0,0.27777778,30.55555556,761,1752,8760,
4818,4818,-19.22898993,146.54816255,23.54380744,0.94117605,0.0470588,24.48498349,24.89409759,1.0057097,0.05028549,25.8998073,0.21143763,72.218,0,50.0,0.27777778,31.11111111,1588,1752,8760,
4819,4819,-19.13882982,146.83311944,,0.97625105,0.04881255,,23.90005571,1.06779953,0.05338998,24.96785524,,55.4452,0,50.0,0.83333333,31.11111111,160,1752,8760,No postcode zonal mean is available from the ΔT20 EBK prediction-standard-error raster.
4820,4820,-20.24032241,145.95247247,24.30516076,0.75392804,0.0376964,25.0590888,26.95532558,0.77162193,0.0385811,27.72694751,0.20224575,49.78492,1,50.0,1.66666667,33.61111111,142,1752,8760,
4821,4821,-20.93135567,144.18805597,25.44688884,0.7448143,0.03724071,26.19170314,28.57327588,0.69112086,0.03455604,29.26439673,0.18796958,66.48061,0,50.0,2.5,38.33333333,15,1752,8760,
4822,4822,-20.34226679,142.91236623,26.13705263,0.90766961,0.04538348,27.04472224,29.89248375,0.84122141,0.04206107,30.73370517,0.22531302,77.74736,0,50.0,2.77777778,37.77777778,13,1752,8760,
4823,4823,-21.77407076,140.47260481,26.44667839,1.08145125,0.05407256,27.52812964,30.47420757,1.01168849,0.05058442,31.48589606,0.1528623,26.19244,1,50.0,2.5,44.44444444,12,1752,8760,
4824,4824,-20.1130452,140.31068489,26.72550853,0.98223134,0.04911157,27.70773986,30.78864423,0.90438223,0.04521911,31.69302645,0.15648416,52.78806,0,50.0,1.94444444,39.44444444,34,1752,8760,
4825,4825,-20.56069519,138.59675332,25.92890658,0.5473739,0.0273687,26.47628048,30.2649313,0.41796833,0.02089842,30.68289963,0.17764332,82.89826,0,50.0,1.66666667,37.77777778,68,1752,8760,
4828,4828,-19.61075369,138.51079011,26.70587844,0.53313877,0.02665694,27.2390172,30.65941131,0.40224645,0.02011232,31.06165775,0.15923085,4.6264,1,50.0,,,,1752,8760,Annual residential load is unavailable.
4829,4829,-23.73246239,139.46177111,24.80325976,0.74868239,0.03743412,25.55194215,29.02707465,0.66423169,0.03321158,29.69130634,0.12909439,59.84814,0,50.0,2.5,44.72222222,10,1752,8760,
4830,4830,-17.34247485,138.46949882,27.20462437,0.84163448,0.04208172,28.04625885,30.20258125,0.74779363,0.03738968,30.95037488,0.19355436,121.60815,0,50.0,0.83333333,56.11111111,17,1752,8760,
4849,4849,-18.32966748,145.97401349,24.38185405,0.9648683,0.04824342,25.34672235,22.16885527,1.0104657,0.05052329,23.17932097,0.22993324,158.52199,0,50.0,0.27777778,27.22222222,50,1752,8760,
4850,4850,-18.72222588,145.68054304,23.99170294,0.93566608,0.0467833,24.92736903,24.31518566,0.92767956,0.04638398,25.24286522,0.25328698,179.36753,0,50.0,0.0,27.77777778,146,1752,8760,
4852,4852,-17.88643412,146.07476139,24.41504455,0.9595191,0.04797595,25.37456365,22.88500807,1.04056837,0.05202842,23.92557644,0.20479538,122.91711,0,50.0,0.0,29.44444444,264,1752,8760,
4854,4854,-17.97057256,145.82630207,23.90673524,0.96041628,0.04802081,24.86715153,22.50813544,0.99980738,0.04999037,23.50794282,0.20406842,115.8413,0,50.0,0.0,28.33333333,131,1752,8760,
4855,4855,-17.76722908,145.87279967,24.00054205,0.96884334,0.04844217,24.9693854,21.27031597,1.00766935,0.05038347,22.27798531,0.19806243,99.21791,0,50.0,0.27777778,30.27777778,10,1752,8760,
4856,4856,-17.73750473,145.97791874,24.25363766,0.96874062,0.04843703,25.22237827,23.54073568,1.02306656,0.05115333,24.56380223,0.19966915,103.72107,0,50.0,0.0,29.72222222,13,1752,8760,
4858,4858,-17.59173742,146.07031469,24.48145427,0.96656832,0.04832842,25.44802259,23.58164643,1.02931725,0.05146586,24.61096368,0.20226207,100.00634,0,50.0,0.0,28.88888889,24,1752,8760,
4859,4859,-17.59544192,145.95918595,24.26029396,0.97215271,0.04860764,25.23244667,23.90672858,1.01643871,0.05082194,24.92316729,,91.17361,0,50.0,,,,1752,8760,Annual residential load is unavailable. No postcode zonal mean is available from the ΔT20 EBK prediction-standard-error raster.
4860,4860,-17.55587469,145.84644615,24.15620952,0.98467888,0.04923394,25.14088841,21.50593159,1.00747084,0.05037354,22.51340243,0.18999981,79.4784,0,50.0,0.27777778,30.55555556,141,1752,8760,
4861,4861,-17.3397196,145.93458728,24.51783178,0.98320572,0.04916029,25.5010375,22.9423705,1.02151211,0.05107561,23.96388262,0.19325343,72.88842,0,50.0,0.27777778,30.27777778,24,1752,8760,
4865,4865,-17.04931289,145.81956284,24.71433375,1.0075837,0.05037919,25.72191745,23.4645794,1.0085234,0.05042617,24.4731028,0.18588006,53.04947,0,50.0,0.27777778,30.55555556,315,1752,8760,
4868,4868,-16.97420272,145.7435529,25.21723175,1.00915921,0.05045796,26.22639096,24.53214799,1.00133794,0.0500669,25.53348593,,45.70315,5,50.0,0.0,31.11111111,203,1752,8760,No postcode zonal mean is available from the ΔT20 EBK prediction-standard-error raster.
4869,4869,-17.03007642,145.74939184,24.9763471,1.00995783,0.05049789,25.98630493,24.25202333,1.00232238,0.05011612,25.25434571,0.17989619,45.63102,5,50.0,0.0,31.38888889,789,1752,8760,
4870,4870,-17.0413747,145.66007857,24.87228827,1.01425965,0.05071298,25.88654792,22.17993492,0.99707939,0.04985397,23.17701431,0.17372349,36.10082,14,50.0,0.0,32.77777778,739,1752,8760,
4871,4871,-18.33937564,142.22112742,26.19766936,0.98121904,0.04906095,27.1788884,28.63632871,0.91623783,0.04581189,29.55256654,0.2625736,142.76684,0,50.0,0.27777778,54.72222222,197,1752,8760,
4872,4872,-18.01123688,145.14928943,23.82626219,0.97353084,0.04867654,24.79979303,24.05788622,0.92322005,0.046161,24.98110626,0.21184445,105.26739,0,50.0,0.27777778,29.72222222,92,1752,8760,
4873,4873,-16.26928975,145.28123981,26.02949794,0.96557796,0.0482789,26.99507591,21.31543757,0.94765896,0.04738295,22.26309653,0.19627393,80.78221,0,50.0,0.0,29.72222222,165,1752,8760,
4874,4874,-12.12215042,142.43031282,27.41030988,0.88269193,0.0441346,28.29300181,26.07491746,0.93275336,0.04663767,27.00767082,0.17713861,39.6126,1,50.0,0.0,69.44444444,50,1752,8760,
4875,4875,-10.68473611,142.18527787,27.82593321,0.8314076,0.04157038,28.65734081,25.53386466,0.96869034,0.04843452,26.50255501,0.34060455,184.53029,0,50.0,0.0,65.0,55,1752,8760,
4876,4876,-11.06111522,142.24625916,27.72441812,0.84685574,0.04234279,28.57127385,25.87761234,0.97009527,0.04850476,26.84770761,0.28607055,145.44741,0,50.0,0.0,80.0,31,1752,8760,
4877,4877,-16.59392595,145.49354514,25.77337646,0.99975319,0.04998766,26.77312965,22.60263962,0.97139304,0.04856965,23.57403267,0.18086635,50.44332,0,50.0,0.0,31.94444444,126,1752,8760,
4878,4878,-16.84301675,145.70924893,25.48637375,1.00542058,0.05027103,26.49179433,24.60895872,0.99765827,0.04988291,25.60661699,,46.12019,5,50.0,0.0,29.72222222,628,1752,8760,No postcode zonal mean is available from the ΔT20 EBK prediction-standard-error raster.
4879,4879,-16.78878385,145.6831713,25.58527431,1.00462741,0.05023137,26.58990172,24.11564011,0.9943712,0.04971856,25.11001131,,46.55595,5,50.0,0.0,32.77777778,760,1752,8760,No postcode zonal mean is available from the ΔT20 EBK prediction-standard-error raster.
4880,4880,-16.97862035,145.35878914,24.10413887,1.06201048,0.05310052,25.16614935,24.00610325,0.97089989,0.04854499,24.97700314,0.14955758,6.15122,14,50.0,0.0,28.88888889,419,1752,8760,
4881,4881,-16.83260051,145.56569277,25.17448994,1.02054818,0.05102741,26.19503812,21.8201361,0.98454107,0.04922705,22.80467717,0.16847959,33.49654,14,50.0,0.27777778,30.27777778,83,1752,8760,
4882,4882,-17.1916805,145.4649663,23.0243166,1.03720982,0.05186049,24.06152643,23.29489012,0.97179115,0.04858956,24.26668128,,22.22065,14,50.0,0.0,31.94444444,181,1752,8760,No postcode zonal mean is available from the ΔT20 EBK prediction-standard-error raster.
4883,4883,-17.32209378,145.49951904,23.13328016,1.02378034,0.05118902,24.1570605,21.17169074,0.97132565,0.04856628,22.14301638,0.1684044,36.00067,14,50.0,0.0,30.83333333,217,1752,8760,
4884,4884,-17.25809293,145.68701654,23.89240152,1.01263321,0.05063166,24.90503473,20.9584186,0.99678391,0.0498392,21.9552025,0.18038972,45.45502,5,50.0,0.83333333,24.72222222,146,1752,8760,
4885,4885,-17.38841022,145.62965319,23.54291765,1.00881076,0.05044054,24.55172841,20.75738071,0.98592738,0.04929637,21.74330809,0.1789339,50.17627,0,50.0,1.38888889,21.94444444,156,1752,8760,
4886,4886,-17.52721411,145.6091234,23.446661,0.99446376,0.04972319,24.44112475,19.91988209,0.97742971,0.04887149,20.8973118,0.18295668,61.54733,0,50.0,1.11111111,26.11111111,19,1752,8760,
4887,4887,-17.46156585,145.06520447,23.33312112,1.02291451,0.05114573,24.35603563,24.1261923,0.93888752,0.04694438,25.06507981,0.17783771,48.12918,2,50.0,0.0,26.11111111,18,1752,8760,
4888,4888,-17.58256235,145.43083986,23.35850676,0.99846034,0.04992302,24.3569671,21.54902522,0.95109405,0.0475547,22.50011926,0.18732488,59.79886,0,50.0,0.27777778,29.44444444,62,1752,8760,
4890,4890,-17.8844311,140.92579446,27.87459672,1.01936958,0.05096848,28.8939663,29.75613062,0.96866098,0.04843305,30.7247916,0.16775296,7.1785,4,50.0,0.0,68.05555556,33,1752,8760,
4891,4891,-17.48820213,140.87229399,28.02787751,1.00759718,0.05037986,29.03547469,29.49803497,0.95456922,0.04772846,30.4526042,0.11535652,4.76936,3,50.0,,,,1752,8760,Annual residential load is unavailable.
4892,4892,-15.29805162,142.93088488,26.94641656,0.79879126,0.03993956,27.74520782,28.27668415,0.777317,0.03886585,29.05400115,0.20223246,121.72775,0,50.0,0.0,68.05555556,19,1752,8760,
4895,4895,-15.14064188,144.92381075,26.41790759,0.83640766,0.04182038,27.25431525,25.37634558,0.85185206,0.0425926,26.22819764,0.22081068,104.51854,0,50.0,0.27777778,28.88888889,116,1752,8760,
5000,5000,-34.92855879,138.60064714,17.02955691,0.57940452,0.02897023,17.60896143,19.85441604,0.5879909,0.02939955,20.44240694,,10.20431,2,50.0,13.61111111,8.61111111,14,1752,8760,No postcode zonal mean is available from the ΔT20 EBK prediction-standard-error raster.
5006,5006,-34.90843949,138.59534016,17.19806709,0.57946181,0.02897309,17.77752891,19.79879951,0.59199543,0.02959977,20.39079494,,8.86701,2,50.0,,,,1752,8760,Annual residential load is unavailable. No postcode zonal mean is available from the ΔT20 EBK prediction-standard-error raster.
5007,5007,-34.90486508,138.57009043,17.54889679,0.58132307,0.02906615,18.13021986,20.06246986,0.60244711,0.03012236,20.66491698,,6.56095,2,50.0,11.94444444,9.16666667,41,1752,8760,No postcode zonal mean is available from the ΔT20 EBK prediction-standard-error raster.
5008,5008,-34.88643775,138.56842367,17.62797737,0.58178315,0.02908916,18.20976052,20.21981239,0.60610034,0.03030502,20.82591273,,5.99543,2,50.0,13.88888889,9.44444444,79,1752,8760,No postcode zonal mean is available from the ΔT20 EBK prediction-standard-error raster.
5009,5009,-34.8972124,138.54919918,17.61795712,0.58270551,0.02913528,18.20066263,20.23049863,0.61154078,0.03057704,20.84203941,,4.47998,2,50.0,14.72222222,8.05555556,24,1752,8760,No postcode zonal mean is available from the ΔT20 EBK prediction-standard-error raster.
5010,5010,-34.86269888,138.56799532,17.62420893,0.58164844,0.02908242,18.20585737,20.65004539,0.60285504,0.03014275,21.25290043,,6.40958,2,50.0,13.88888889,8.88888889,117,1752,8760,No postcode zonal mean is available from the ΔT20 EBK prediction-standard-error raster.
5011,5011,-34.88145279,138.53566975,17.65052643,0.58386954,0.02919348,18.23439597,20.19824028,0.62046165,0.03102308,20.81870193,,3.01664,2,50.0,13.61111111,10.0,200,1752,8760,No postcode zonal mean is available from the ΔT20 EBK prediction-standard-error raster.
5012,5012,-34.86165647,138.54666414,17.64960327,0.58331569,0.02916578,18.23291896,20.50811195,0.61274508,0.03063725,21.12085703,,4.71928,2,50.0,14.44444444,9.16666667,221,1752,8760,No postcode zonal mean is available from the ΔT20 EBK prediction-standard-error raster.
5013,5013,-34.84223795,138.54334381,17.64245923,0.58397971,0.02919899,18.22643894,20.36584536,0.61016757,0.03050838,20.97601294,0.13453461,5.94796,2,50.0,14.72222222,9.44444444,82,1752,8760,
5014,5014,-34.86834182,138.51527599,17.65001869,0.58544769,0.02927238,18.23546638,19.78622542,0.62726482,0.03136324,20.41349024,,2.09135,2,50.0,13.33333333,8.61111111,69,1752,8760,No postcode zonal mean is available from the ΔT20 EBK prediction-standard-error raster.
5015,5015,-34.78779705,138.52799059,17.64334965,0.58578847,0.02928942,18.22913812,18.88576844,0.60845625,0.03042281,19.49422469,,10.95299,2,50.0,11.11111111,9.16666667,140,1752,8760,No postcode zonal mean is available from the ΔT20 EBK prediction-standard-error raster.
5016,5016,-34.82283772,138.4977516,,0.58669062,0.02933453,,19.14836202,0.61372087,0.03068604,19.7620829,,6.82705,2,50.0,14.16666667,9.72222222,38,1752,8760,No postcode zonal mean is available from the ΔT20 EBK prediction-standard-error raster.
5017,5017,-34.803259,138.5006484,,0.58654124,0.02932706,,18.84812355,0.60810655,0.03040533,19.4562301,,8.99088,2,50.0,13.05555556,11.38888889,60,1752,8760,No postcode zonal mean is available from the ΔT20 EBK prediction-standard-error raster.
5018,5018,-34.78021591,138.49828006,,0.58710031,0.02935502,,18.440982,0.60312073,0.03015604,19.04410273,,11.55832,2,50.0,13.88888889,8.61111111,11,1752,8760,No postcode zonal mean is available from the ΔT20 EBK prediction-standard-error raster.
5019,5019,-34.84789205,138.48183207,,0.58717808,0.0293589,,19.18732643,0.62731829,0.03136591,19.81464472,,4.45551,2,50.0,12.5,12.22222222,48,1752,8760,No postcode zonal mean is available from the ΔT20 EBK prediction-standard-error raster.
5020,5020,-34.86538367,138.48507154,,0.58720174,0.02936009,,19.07314491,0.63154978,0.03157749,19.70469469,,2.63297,2,50.0,13.05555556,10.55555556,18,1752,8760,No postcode zonal mean is available from the ΔT20 EBK prediction-standard-error raster.
5021,5021,-34.87329123,138.49469654,,0.586851,0.02934255,,18.69407082,0.63116667,0.03155833,19.32523748,,1.40864,2,50.0,13.33333333,10.55555556,109,1752,8760,No postcode zonal mean is available from the ΔT20 EBK prediction-standard-error raster.
5022,5022,-34.90583278,138.49760221,,0.58641091,0.02932055,,18.8344998,0.62842817,0.03142141,19.46292797,,2.46216,2,50.0,13.05555556,10.0,135,1752,8760,No postcode zonal mean is available from the ΔT20 EBK prediction-standard-error raster.
5023,5023,-34.89314953,138.5147062,17.62469292,0.58477864,0.02923893,18.20947156,19.67315102,0.62501126,0.03125056,20.29816227,,1.48366,2,50.0,14.16666667,8.61111111,196,1752,8760,No postcode zonal mean is available from the ΔT20 EBK prediction-standard-error raster.
5024,5024,-34.93286179,138.51123481,,0.58638625,0.02931931,,18.9768589,0.61373918,0.03068696,19.59059809,,5.47722,2,50.0,13.88888889,9.44444444,172,1752,8760,No postcode zonal mean is available from the ΔT20 EBK prediction-standard-error raster.
5025,5025,-34.91115599,138.53584825,17.54594326,0.58464867,0.02923243,18.13059193,19.84575844,0.61573239,0.03078662,20.46149083,,4.2616,2,50.0,14.16666667,8.33333333,89,1752,8760,No postcode zonal mean is available from the ΔT20 EBK prediction-standard-error raster.
5031,5031,-34.92063621,138.56644969,17.4512043,0.58199264,0.02909963,18.03319694,20.04439057,0.60214737,0.03010737,20.64653794,0.1385527,7.08847,2,50.0,12.5,10.27777778,53,1752,8760,
5032,5032,-34.9254143,138.53794754,17.46719551,0.58504326,0.02925216,18.05223877,19.93168449,0.61128051,0.03056403,20.542965,,5.60411,2,50.0,12.77777778,9.44444444,87,1752,8760,No postcode zonal mean is available from the ΔT20 EBK prediction-standard-error raster.
5033,5033,-34.93893366,138.56038664,17.38844585,0.58299907,0.02914995,17.97144492,20.19320869,0.60055196,0.0300276,20.79376066,,8.04954,2,50.0,13.05555556,10.27777778,70,1752,8760,No postcode zonal mean is available from the ΔT20 EBK prediction-standard-error raster.
5034,5034,-34.95453405,138.58966895,17.02715715,0.58139566,0.02906978,17.6085528,19.52829425,0.58791631,0.02939582,20.11621056,,11.14176,2,50.0,13.05555556,9.44444444,18,1752,8760,No postcode zonal mean is available from the ΔT20 EBK prediction-standard-error raster.
5035,5035,-34.94931342,138.57774949,17.25251865,0.58233282,0.02911664,17.83485147,19.75582314,0.59146884,0.02957344,20.34729198,,9.96708,2,50.0,13.61111111,10.27777778,54,1752,8760,No postcode zonal mean is available from the ΔT20 EBK prediction-standard-error raster.
5037,5037,-34.95454186,138.55455855,17.29657173,0.58387643,0.02919382,17.88044816,19.91755274,0.59687358,0.02984368,20.51442632,,9.14687,2,50.0,13.05555556,10.27777778,120,1752,8760,No postcode zonal mean is available from the ΔT20 EBK prediction-standard-error raster.
5038,5038,-34.96923429,138.55273313,17.23094845,0.58453783,0.02922689,17.81548628,19.79899025,0.59453526,0.02972676,20.39352551,,10.50621,2,50.0,13.61111111,9.44444444,188,1752,8760,No postcode zonal mean is available from the ΔT20 EBK prediction-standard-error raster.
5039,5039,-34.98000617,138.57381972,17.0816803,0.58351956,0.02917598,17.66519986,19.74212583,0.58678417,0.02933921,20.32891,,12.47805,2,50.0,13.33333333,8.61111111,85,1752,8760,No postcode zonal mean is available from the ΔT20 EBK prediction-standard-error raster.
5040,5040,-34.96598137,138.53164215,17.25719833,0.58556698,0.02927835,17.84276531,19.41147804,0.60027826,0.03001391,20.0117563,,9.47832,2,50.0,14.44444444,10.0,12,1752,8760,No postcode zonal mean is available from the ΔT20 EBK prediction-standard-error raster.
5041,5041,-34.98513936,138.59308343,16.73120499,0.58267105,0.02913355,17.31387603,19.43099709,0.57975216,0.02898761,20.01074924,,13.92963,2,50.0,15.0,9.44444444,52,1752,8760,No postcode zonal mean is available from the ΔT20 EBK prediction-standard-error raster.
5042,5042,-35.00337162,138.58545036,16.87089103,0.58412682,0.02920634,17.45501784,19.6236515,0.57852487,0.02892624,20.20217637,,15.25493,2,50.0,14.16666667,9.16666667,123,1752,8760,No postcode zonal mean is available from the ΔT20 EBK prediction-standard-error raster.
5043,5043,-34.99611728,138.55392636,17.08767185,0.58465709,0.02923285,17.67232894,19.94446168,0.58660383,0.02933019,20.53106551,0.15332873,13.30073,2,50.0,13.33333333,9.44444444,208,1752,8760,
5044,5044,-34.9962513,138.52443967,17.11468887,0.58579558,0.02928978,17.70048445,18.859471,0.59367832,0.02968392,19.45314932,,12.62663,2,50.0,12.5,9.72222222,63,1752,8760,No postcode zonal mean is available from the ΔT20 EBK prediction-standard-error raster.
5045,5045,-34.97595809,138.51903001,17.20469856,0.58634436,0.02931722,17.79104292,18.84911973,0.6003444,0.03001722,19.44946413,,10.32165,2,50.0,12.5,11.38888889,76,1752,8760,No postcode zonal mean is available from the ΔT20 EBK prediction-standard-error raster.
5046,5046,-35.00704784,138.54011167,17.02389793,0.58594507,0.02929725,17.609843,19.58541298,0.58751684,0.02937584,20.17292982,,14.0891,2,50.0,13.88888889,9.16666667,170,1752,8760,No postcode zonal mean is available from the ΔT20 EBK prediction-standard-error raster.
5047,5047,-35.02842903,138.55130571,16.88582897,0.58620153,0.02931008,17.47203051,19.24548378,0.58111379,0.02905569,19.82659757,,16.64772,2,50.0,12.77777778,10.83333333,99,1752,8760,No postcode zonal mean is available from the ΔT20 EBK prediction-standard-error raster.
5048,5048,-35.01640119,138.5254422,16.96086645,0.586924,0.0293462,17.54779045,18.99118614,0.58735432,0.02936772,19.57854046,,14.85613,2,50.0,13.33333333,9.44444444,103,1752,8760,No postcode zonal mean is available from the ΔT20 EBK prediction-standard-error raster.
5049,5049,-35.04459925,138.52531823,16.80778885,0.58798465,0.02939923,17.3957735,18.7739764,0.58093285,0.02904664,19.35490925,,17.96506,2,50.0,12.5,9.44444444,43,1752,8760,No postcode zonal mean is available from the ΔT20 EBK prediction-standard-error raster.
5050,5050,-35.02462653,138.59083106,16.5597477,0.58394341,0.02919717,17.14369111,18.56462773,0.57239808,0.0286199,19.13702581,,17.56722,2,50.0,11.38888889,10.83333333,16,1752,8760,No postcode zonal mean is available from the ΔT20 EBK prediction-standard-error raster.
5051,5051,-35.03264779,138.62176683,15.92243705,0.58245972,0.02912299,16.50489677,17.26747181,0.56392804,0.0281964,17.83139984,,19.76048,2,50.0,13.05555556,10.0,129,1752,8760,No postcode zonal mean is available from the ΔT20 EBK prediction-standard-error raster.
5052,5052,-35.00342989,138.64104793,15.70316488,0.58077495,0.02903875,16.28393982,16.85189911,0.56314186,0.02815709,17.41504096,0.15527228,18.3019,2,50.0,12.22222222,11.38888889,15,1752,8760,
5061,5061,-34.95550891,138.60649614,16.68091265,0.58080032,0.02904002,17.26171298,19.58528481,0.58141364,0.02907068,20.16669844,,12.34977,2,50.0,13.05555556,11.94444444,20,1752,8760,No postcode zonal mean is available from the ΔT20 EBK prediction-standard-error raster.
5062,5062,-34.98174733,138.63026949,16.04158852,0.5805415,0.02902708,16.62213002,18.58580849,0.56981532,0.02849077,19.15562381,,15.90667,2,50.0,13.05555556,10.27777778,85,1752,8760,No postcode zonal mean is available from the ΔT20 EBK prediction-standard-error raster.
5063,5063,-34.95107095,138.62214916,16.4160161,0.57884113,0.02894206,16.99485723,19.78015785,0.57615302,0.02880765,20.35631087,,13.18955,2,50.0,12.22222222,10.0,65,1752,8760,No postcode zonal mean is available from the ΔT20 EBK prediction-standard-error raster.
5064,5064,-34.9611491,138.64594474,15.9210859,0.57795823,0.02889791,16.49904413,18.75910123,0.56636016,0.02831801,19.32546139,,15.61519,2,50.0,13.05555556,9.72222222,54,1752,8760,No postcode zonal mean is available from the ΔT20 EBK prediction-standard-error raster.
5065,5065,-34.93861615,138.63872863,16.34866571,0.5775605,0.02887803,16.92622622,19.77681923,0.57282744,0.02864137,20.34964667,0.14461677,13.80128,2,50.0,12.77777778,9.72222222,57,1752,8760,
5066,5066,-34.94065332,138.66007141,15.84839049,0.57613642,0.02880682,16.42452692,18.19352804,0.56130178,0.02806509,18.75482982,,15.6625,2,50.0,12.77777778,9.44444444,33,1752,8760,No postcode zonal mean is available from the ΔT20 EBK prediction-standard-error raster.
5067,5067,-34.92214103,138.63158016,16.62226028,0.57761015,0.02888051,17.19987044,19.80774117,0.57735815,0.02886791,20.38509931,,12.48636,2,50.0,18.88888889,13.33333333,73,1752,8760,No postcode zonal mean is available from the ΔT20 EBK prediction-standard-error raster.
5068,5068,-34.91985068,138.66103204,16.30417871,0.57612041,0.02880602,16.88029913,19.82162775,0.56876412,0.02843821,20.39039187,,14.97145,2,50.0,13.33333333,9.72222222,26,1752,8760,No postcode zonal mean is available from the ΔT20 EBK prediction-standard-error raster.
5069,5069,-34.90873579,138.6257563,16.84376144,0.57738027,0.02886901,17.42114171,19.86818886,0.57960743,0.02898037,20.44779629,,11.54745,2,50.0,11.66666667,9.72222222,15,1752,8760,No postcode zonal mean is available from the ΔT20 EBK prediction-standard-error raster.
5070,5070,-34.89659536,138.64228716,16.73229572,0.5760279,0.02880139,17.30832362,20.33606148,0.57238904,0.02861945,20.90845051,,12.80197,2,50.0,13.33333333,9.72222222,177,1752,8760,No postcode zonal mean is available from the ΔT20 EBK prediction-standard-error raster.
5072,5072,-34.91151137,138.69444664,15.75908089,0.57331954,0.02866598,16.33240043,17.59762804,0.5533758,0.02766879,18.15100384,,17.74584,2,50.0,12.5,10.83333333,126,1752,8760,No postcode zonal mean is available from the ΔT20 EBK prediction-standard-error raster.
5073,5073,-34.89599381,138.68093252,16.16751003,0.57394465,0.02869723,16.74145469,19.12905589,0.55941554,0.02797078,19.68847143,,16.30487,2,50.0,15.0,10.27777778,133,1752,8760,No postcode zonal mean is available from the ΔT20 EBK prediction-standard-error raster.
5074,5074,-34.88267789,138.66952154,16.52440834,0.57426804,0.0287134,17.09867638,20.17417118,0.562892,0.0281446,20.73706318,,15.2124,2,50.0,14.44444444,9.72222222,126,1752,8760,No postcode zonal mean is available from the ΔT20 EBK prediction-standard-error raster.
5075,5075,-34.86778074,138.6763663,16.45139027,0.57324535,0.02866227,17.02463561,19.97877235,0.55875243,0.02793762,20.53752478,,15.87243,2,50.0,14.16666667,9.72222222,79,1752,8760,No postcode zonal mean is available from the ΔT20 EBK prediction-standard-error raster.
5076,5076,-34.87148947,138.70540608,15.54939842,0.57059416,0.02852971,16.11999258,17.86710739,0.54107068,0.02705353,18.40817807,,14.41309,2,50.0,13.33333333,9.44444444,73,1752,8760,No postcode zonal mean is available from the ΔT20 EBK prediction-standard-error raster.
5081,5081,-34.89208067,138.616127,17.09878693,0.57796578,0.02889829,17.67675271,19.9791317,0.58361512,0.02918076,20.56274682,,10.37863,2,50.0,13.33333333,10.55555556,39,1752,8760,No postcode zonal mean is available from the ΔT20 EBK prediction-standard-error raster.
5082,5082,-34.88447303,138.59246992,17.41730913,0.58009896,0.02900495,17.99740808,20.1171004,0.59504922,0.02975246,20.71214962,,8.18332,2,50.0,13.33333333,10.27777778,149,1752,8760,No postcode zonal mean is available from the ΔT20 EBK prediction-standard-error raster.
5083,5083,-34.87833327,138.61103332,17.2338295,0.57857903,0.02892895,17.81240853,20.24794197,0.58596855,0.02929843,20.83391052,,9.8976,2,50.0,13.33333333,9.16666667,41,1752,8760,No postcode zonal mean is available from the ΔT20 EBK prediction-standard-error raster.
5084,5084,-34.85951925,138.59000035,17.44677162,0.58026139,0.02901307,18.02703302,20.6837635,0.5940185,0.02970093,21.27778201,,8.4153,2,50.0,13.33333333,10.27777778,180,1752,8760,No postcode zonal mean is available from the ΔT20 EBK prediction-standard-error raster.
5085,5085,-34.85601842,138.61898696,17.12994342,0.57796885,0.02889844,17.70791228,20.49102821,0.58212276,0.02910614,21.07315097,,11.05389,2,50.0,14.44444444,9.72222222,305,1752,8760,No postcode zonal mean is available from the ΔT20 EBK prediction-standard-error raster.
5086,5086,-34.85580402,138.64493943,16.91545187,0.57561903,0.02878095,17.4910709,20.35787392,0.57192504,0.02859625,20.92979896,0.13929795,13.34751,2,50.0,13.61111111,9.16666667,360,1752,8760,
5087,5087,-34.87931577,138.6368228,16.83913358,0.57527166,0.02876358,17.41440524,20.32341957,0.57035556,0.02851778,20.89377514,,12.24076,2,50.0,14.16666667,9.16666667,102,1752,8760,No postcode zonal mean is available from the ΔT20 EBK prediction-standard-error raster.
5088,5088,-34.85161043,138.67231671,16.59130764,0.57309067,0.02865453,17.16439831,19.82073402,0.55989218,0.02799461,20.3806262,,14.96948,2,50.0,14.16666667,8.88888889,64,1752,8760,No postcode zonal mean is available from the ΔT20 EBK prediction-standard-error raster.
5089,5089,-34.85381662,138.70484549,16.09940592,0.5713862,0.02856931,16.67079212,19.03767204,0.54869499,0.02743475,19.58636703,0.13955317,12.94316,2,50.0,14.72222222,9.16666667,41,1752,8760,
5090,5090,-34.84335262,138.69961971,16.22292614,0.57170025,0.02858501,16.79462639,19.80791664,0.55118804,0.0275594,20.35910468,,12.46835,2,50.0,13.88888889,8.33333333,77,1752,8760,No postcode zonal mean is available from the ΔT20 EBK prediction-standard-error raster.
5091,5091,-34.82301659,138.73203505,15.91300936,0.56912519,0.02845626,16.48213455,18.33639463,0.53674258,0.02683713,18.8731372,,8.76046,2,50.0,14.72222222,8.88888889,50,1752,8760,No postcode zonal mean is available from the ΔT20 EBK prediction-standard-error raster.
5092,5092,-34.82309313,138.68289151,16.5936688,0.57268728,0.02863436,17.16635608,20.07746315,0.55455658,0.02772783,20.63201973,,12.4012,2,50.0,13.05555556,9.44444444,223,1752,8760,No postcode zonal mean is available from the ΔT20 EBK prediction-standard-error raster.
5093,5093,-34.83608964,138.66140427,16.78333473,0.57423565,0.02871178,17.35757039,20.31488991,0.56403202,0.0282016,20.87892193,,14.82156,2,50.0,14.72222222,9.16666667,93,1752,8760,No postcode zonal mean is available from the ΔT20 EBK prediction-standard-error raster.
5094,5094,-34.80983286,138.57462835,17.54380475,0.58148774,0.02907439,18.12529248,19.91034279,0.59456308,0.02972815,20.50490587,,10.54559,2,50.0,11.11111111,10.27777778,14,1752,8760,No postcode zonal mean is available from the ΔT20 EBK prediction-standard-error raster.
5095,5095,-34.81960373,138.618964,17.2392334,0.57778822,0.02888941,17.81702162,20.74601746,0.57847058,0.02892353,21.32448804,,12.80133,2,50.0,13.88888889,8.61111111,52,1752,8760,No postcode zonal mean is available from the ΔT20 EBK prediction-standard-error raster.
5096,5096,-34.8079673,138.65825832,16.95737696,0.5750222,0.02875111,17.53239916,20.49024391,0.56202711,0.02810136,21.05227102,,13.78283,2,50.0,14.44444444,8.61111111,139,1752,8760,No postcode zonal mean is available from the ΔT20 EBK prediction-standard-error raster.
5097,5097,-34.82162375,138.70766993,16.27705936,0.57073885,0.02853694,16.84779822,19.4885685,0.5447868,0.02723934,20.0333553,,10.39268,2,50.0,14.16666667,9.16666667,100,1752,8760,No postcode zonal mean is available from the ΔT20 EBK prediction-standard-error raster.
5098,5098,-34.82951466,138.64282582,16.99972496,0.57556782,0.02877839,17.57529278,20.61930105,0.57061793,0.0285309,21.18991899,,14.14856,2,50.0,14.44444444,8.33333333,125,1752,8760,No postcode zonal mean is available from the ΔT20 EBK prediction-standard-error raster.
5106,5106,-34.7923687,138.63467442,17.17391472,0.57720041,0.02886002,17.75111513,20.58038368,0.56948656,0.02847433,21.14987024,,15.4511,2,50.0,,,,1752,8760,Annual residential load is unavailable. No postcode zonal mean is available from the ΔT20 EBK prediction-standard-error raster.
5107,5107,-34.78394045,138.60996139,17.33056123,0.5793715,0.02896858,17.90993273,20.4077868,0.5760165,0.02880083,20.98380331,,14.82468,2,50.0,15.0,8.33333333,58,1752,8760,No postcode zonal mean is available from the ΔT20 EBK prediction-standard-error raster.
5108,5108,-34.75845689,138.6235439,17.2384244,0.57942875,0.02897144,17.81785315,20.503593,0.5689284,0.02844642,21.07252141,0.14199899,16.2809,2,50.0,13.61111111,8.33333333,212,1752,8760,
5109,5109,-34.76811159,138.67175219,16.87551486,0.57474831,0.02873742,17.45026316,20.42255315,0.5543847,0.02771923,20.97693785,,11.83787,2,50.0,13.88888889,9.44444444,110,1752,8760,No postcode zonal mean is available from the ΔT20 EBK prediction-standard-error raster.
5110,5110,-34.73708292,138.56939156,17.50719768,0.58527816,0.02926391,18.09247584,19.42736277,0.58056373,0.02902819,20.0079265,0.1484332,17.44257,2,50.0,16.66666667,8.33333333,57,1752,8760,
5111,5111,-34.71912921,138.63502976,17.14475341,0.58077371,0.02903869,17.72552712,20.33538368,0.56141749,0.02807087,20.89680117,,16.15953,2,50.0,,,,1752,8760,Annual residential load is unavailable. No postcode zonal mean is available from the ΔT20 EBK prediction-standard-error raster.
5112,5112,-34.73556232,138.67191385,16.89968886,0.57686299,0.02884315,17.47655185,20.50205879,0.55154964,0.02757748,21.05360844,,12.38102,2,50.0,13.88888889,8.88888889,137,1752,8760,No postcode zonal mean is available from the ΔT20 EBK prediction-standard-error raster.
5113,5113,-34.70092471,138.67812762,16.89167881,0.57947619,0.02897381,17.471155,20.46278487,0.54850195,0.0274251,21.01128682,,13.53974,2,50.0,13.88888889,7.5,416,1752,8760,No postcode zonal mean is available from the ΔT20 EBK prediction-standard-error raster.
5114,5114,-34.70855562,138.7616013,16.16806842,0.57357028,0.02867851,16.74163869,18.64129331,0.5253596,0.02626798,19.16665291,0.13643998,7.59528,2,50.0,15.0,8.33333333,364,1752,8760,
5115,5115,-34.65184024,138.68986683,16.84804314,0.58289252,0.02914463,17.43093566,19.96200095,0.54386298,0.02719315,20.50586392,,16.49988,2,50.0,15.27777778,8.33333333,929,1752,8760,No postcode zonal mean is available from the ΔT20 EBK prediction-standard-error raster.
5116,5116,-34.62817969,138.74060025,16.71731713,0.58335913,0.02916796,17.30067625,19.97165187,0.53651486,0.02682574,20.50816673,,16.56662,2,50.0,14.72222222,8.33333333,275,1752,8760,No postcode zonal mean is available from the ΔT20 EBK prediction-standard-error raster.
5117,5117,-34.64359015,138.6505775,17.04316152,0.58704447,0.02935222,17.63020598,19.46565474,0.55241177,0.02762059,20.01806651,,19.57057,2,50.0,15.0,8.05555556,413,1752,8760,No postcode zonal mean is available from the ΔT20 EBK prediction-standard-error raster.
5118,5118,-34.58519785,138.73183046,16.73990274,0.58868894,0.02943445,17.32859169,19.47413319,0.53381176,0.02669059,20.00794495,0.16000581,21.35549,2,50.0,14.44444444,8.33333333,170,1752,8760,
5120,5120,-34.66228905,138.56302192,17.55660472,0.593141,0.02965705,18.14974572,18.64130608,0.57977923,0.02898896,19.22108532,0.15510407,24.78139,2,50.0,13.88888889,8.05555556,306,1752,8760,
5121,5121,-34.67317022,138.62201486,17.18916155,0.58570999,0.0292855,17.77487154,19.67776761,0.56076586,0.02803829,20.23853347,0.15039659,19.52216,2,50.0,14.44444444,8.88888889,88,1752,8760,
5125,5125,-34.77337832,138.72468469,16.29892562,0.57032273,0.02851614,16.86924835,18.99572361,0.53608781,0.02680439,19.53181142,0.13625708,7.02314,2,50.0,13.05555556,7.77777778,22,1752,8760,
5126,5126,-34.7989812,138.72583931,16.13563275,0.56924796,0.0284624,16.70488071,18.79619353,0.53584953,0.02679248,19.33204306,,7.6817,2,50.0,14.44444444,7.77777778,26,1752,8760,No postcode zonal mean is available from the ΔT20 EBK prediction-standard-error raster.
5127,5127,-34.79942913,138.68711777,16.66052933,0.57282763,0.02864138,17.23335695,19.94200579,0.55150252,0.02757513,20.49350831,,10.98294,2,50.0,12.5,8.61111111,10,1752,8760,No postcode zonal mean is available from the ΔT20 EBK prediction-standard-error raster.
5131,5131,-34.80183303,138.76483279,15.63459069,0.56628853,0.02831443,16.20087922,17.49774779,0.52231761,0.02611588,18.0200654,,4.98213,2,50.0,,,,1752,8760,Annual residential load is unavailable. No postcode zonal mean is available from the ΔT20 EBK prediction-standard-error raster.
5132,5132,-34.8514735,138.75936762,15.31779126,0.56813856,0.02840693,15.88592982,17.08459742,0.52961168,0.02648058,17.6142091,,9.98601,2,50.0,,,,1752,8760,Annual residential load is unavailable. No postcode zonal mean is available from the ΔT20 EBK prediction-standard-error raster.
5133,5133,-34.8021508,138.79204052,15.38637092,0.56502889,0.02825144,15.95139981,16.8178791,0.51469539,0.02573477,17.33257449,,3.83222,2,50.0,,,,1752,8760,Annual residential load is unavailable. No postcode zonal mean is available from the ΔT20 EBK prediction-standard-error raster.
5134,5134,-34.89106456,138.75808001,15.04867384,0.56983972,0.02849199,15.61851356,16.34615639,0.53222117,0.02661106,16.87837756,,14.18442,3,50.0,,,,1752,8760,Annual residential load is unavailable. No postcode zonal mean is available from the ΔT20 EBK prediction-standard-error raster.
5136,5136,-34.9183613,138.7356622,15.01628441,0.57145022,0.02857251,15.58773464,15.78922879,0.53941951,0.02697098,16.3286483,0.14786966,17.70451,2,50.0,,,,1752,8760,Annual residential load is unavailable.
5137,5137,-34.93817988,138.7397742,14.79116958,0.57203154,0.02860158,15.36320111,15.41378822,0.53843378,0.02692169,15.95222201,,19.68154,3,50.0,,,,1752,8760,Annual residential load is unavailable. No postcode zonal mean is available from the ΔT20 EBK prediction-standard-error raster.
5138,5138,-34.9353645,138.77345146,14.39720941,0.57069068,0.02853453,14.96790009,15.34857941,0.52757177,0.02637859,15.87615118,,18.72331,3,50.0,,,,1752,8760,Annual residential load is unavailable. No postcode zonal mean is available from the ΔT20 EBK prediction-standard-error raster.
5139,5139,-34.9298721,138.80087203,14.44178316,0.56981993,0.028491,15.01160309,15.36621539,0.51933957,0.02596698,15.88555496,0.15014182,17.93877,3,50.0,,,,1752,8760,Annual residential load is unavailable.
5140,5140,-34.94832363,138.69492325,15.31033306,0.57540414,0.02877021,15.8857372,16.23986855,0.55597557,0.02779878,16.79584412,,18.92114,2,50.0,,,,1752,8760,Annual residential load is unavailable. No postcode zonal mean is available from the ΔT20 EBK prediction-standard-error raster.
5141,5141,-34.93511199,138.7043814,15.10848074,0.57369875,0.02868494,15.68217949,15.97841835,0.54692845,0.02734642,16.5253468,,19.24067,2,50.0,,,,1752,8760,Annual residential load is unavailable. No postcode zonal mean is available from the ΔT20 EBK prediction-standard-error raster.
5142,5142,-34.96063492,138.74513188,14.4419508,0.57310838,0.02865542,15.01505917,15.30371829,0.53594402,0.0267972,15.83966232,,21.96659,3,50.0,,,,1752,8760,Annual residential load is unavailable. No postcode zonal mean is available from the ΔT20 EBK prediction-standard-error raster.
5144,5144,-34.96775588,138.76937813,14.11106939,0.57267387,0.02863369,14.68374327,15.31237221,0.52831227,0.02641561,15.84068448,,22.34242,3,50.0,,,,1752,8760,Annual residential load is unavailable. No postcode zonal mean is available from the ΔT20 EBK prediction-standard-error raster.
5150,5150,-34.97146369,138.66971914,15.3842411,0.57781386,0.02889069,15.96205497,16.49911944,0.55886281,0.02794314,17.05798225,,18.05729,2,50.0,,,,1752,8760,Annual residential load is unavailable. No postcode zonal mean is available from the ΔT20 EBK prediction-standard-error raster.
5151,5151,-34.98028071,138.7350115,14.39429975,0.57446778,0.02872339,14.96876752,15.09882851,0.54035167,0.02701758,15.63918018,,23.72062,3,50.0,,,,1752,8760,Annual residential load is unavailable. No postcode zonal mean is available from the ΔT20 EBK prediction-standard-error raster.
5152,5152,-34.9879762,138.70030952,14.81600454,0.57669078,0.02883454,15.39269532,15.56422835,0.54781381,0.02739069,16.11204216,0.15836161,21.39445,2,50.0,55.27777778,2.77777778,106,1752,8760,
5153,5153,-35.10857458,138.76993269,14.90859706,0.58136406,0.0290682,15.48996113,16.25493968,0.52059205,0.0260296,16.77553172,0.17338706,34.8616,3,50.0,53.61111111,2.5,52,1752,8760,
5154,5154,-35.01690748,138.7398528,14.33280849,0.57637359,0.02881868,14.90918209,15.37350596,0.53417005,0.0267085,15.90767601,,26.17338,3,50.0,53.33333333,2.77777778,20,1752,8760,No postcode zonal mean is available from the ΔT20 EBK prediction-standard-error raster.
5155,5155,-35.00264554,138.76584671,14.00723208,0.57472562,0.02873628,14.5819577,15.59039,0.52858237,0.02642912,16.11897237,,26.23142,3,50.0,56.11111111,2.77777778,24,1752,8760,No postcode zonal mean is available from the ΔT20 EBK prediction-standard-error raster.
5156,5156,-35.0225193,138.69141926,14.9917788,0.57899706,0.02894985,15.57077586,15.74932899,0.55185069,0.02759253,16.30117969,,23.07713,2,50.0,,,,1752,8760,Annual residential load is unavailable. No postcode zonal mean is available from the ΔT20 EBK prediction-standard-error raster.
5157,5157,-35.13859611,138.66019438,15.48666655,0.59025603,0.0295128,16.07692258,17.04216066,0.53133329,0.02656666,17.57349395,0.18591543,31.72418,2,50.0,18.88888889,7.5,15,1752,8760,
5158,5158,-35.07239068,138.5278901,16.68372612,0.58837542,0.02941877,17.27210154,18.89447189,0.57536578,0.02876829,19.46983767,,21.06216,2,50.0,13.05555556,10.27777778,41,1752,8760,No postcode zonal mean is available from the ΔT20 EBK prediction-standard-error raster.
5159,5159,-35.07266828,138.5936604,16.27096324,0.58614988,0.02930749,16.85711312,18.14818073,0.56385157,0.02819258,18.71203229,0.16659244,22.54463,2,50.0,13.33333333,9.16666667,51,1752,8760,
5160,5160,-35.10664775,138.49289623,,0.59111611,0.02955581,,18.73051752,0.57264418,0.02863221,19.30316171,,24.76281,2,50.0,,,,1752,8760,Annual residential load is unavailable. No postcode zonal mean is available from the ΔT20 EBK prediction-standard-error raster.
5161,5161,-35.09669624,138.5337495,16.54211693,0.5893776,0.02946888,17.13149453,19.41562022,0.56954114,0.02847706,19.98516136,,23.80796,2,50.0,13.33333333,7.77777778,69,1752,8760,No postcode zonal mean is available from the ΔT20 EBK prediction-standard-error raster.
5162,5162,-35.12091737,138.52522268,16.52735576,0.58959156,0.02947958,17.11694731,19.29172311,0.56468802,0.0282344,19.85641113,,26.41262,2,50.0,13.61111111,8.88888889,180,1752,8760,No postcode zonal mean is available from the ΔT20 EBK prediction-standard-error raster.
5163,5163,-35.14070658,138.55310827,16.4736742,0.59006185,0.02950309,17.06373605,18.51318318,0.55861382,0.02793069,19.071797,,28.89983,2,50.0,12.77777778,10.55555556,39,1752,8760,No postcode zonal mean is available from the ΔT20 EBK prediction-standard-error raster.
5164,5164,-35.12999377,138.49632735,,0.59143442,0.02957172,,19.26241493,0.56737598,0.0283688,19.82979091,,27.34875,2,50.0,11.94444444,10.55555556,54,1752,8760,No postcode zonal mean is available from the ΔT20 EBK prediction-standard-error raster.
5165,5165,-35.13485371,138.47780417,,0.59236814,0.02961841,,18.47376442,0.56767483,0.02838374,19.04143925,,27.97533,1,50.0,12.77777778,10.55555556,99,1752,8760,No postcode zonal mean is available from the ΔT20 EBK prediction-standard-error raster.
5166,5166,-35.12110835,138.47632189,,0.59207141,0.02960357,,18.18053627,0.57058692,0.02852935,18.75112319,,26.46421,2,50.0,12.5,7.5,24,1752,8760,No postcode zonal mean is available from the ΔT20 EBK prediction-standard-error raster.
5167,5167,-35.15320412,138.47769003,16.97691018,0.59314568,0.02965728,17.57005586,18.52210257,0.56378764,0.02818938,19.08589021,,30.01029,1,50.0,12.77777778,10.55555556,43,1752,8760,No postcode zonal mean is available from the ΔT20 EBK prediction-standard-error raster.
5168,5168,-35.16538381,138.50034902,16.80478755,0.59255671,0.02962784,17.39734426,19.33835206,0.5611212,0.02805606,19.89947326,,31.27844,1,50.0,10.55555556,7.77777778,40,1752,8760,No postcode zonal mean is available from the ΔT20 EBK prediction-standard-error raster.
5169,5169,-35.19165204,138.48336745,16.90693456,0.59400845,0.02970042,17.50094302,18.61252091,0.55888178,0.02794409,19.17140269,0.17794058,34.2441,1,50.0,13.88888889,9.44444444,97,1752,8760,
5170,5170,-35.23223962,138.48095376,16.68304221,0.5949111,0.02974555,17.27795331,18.19530678,0.5536285,0.02768143,18.74893528,,38.76254,1,50.0,12.77777778,10.27777778,16,1752,8760,No postcode zonal mean is available from the ΔT20 EBK prediction-standard-error raster.
5171,5171,-35.20298772,138.56741052,16.24778505,0.59216813,0.02960841,16.83995318,18.238405,0.5479716,0.02739858,18.7863766,0.18447176,35.94424,1,50.0,11.66666667,12.22222222,51,1752,8760,
5172,5172,-35.28679836,138.59789282,15.90031552,0.59581864,0.02979093,16.49613416,16.82905233,0.53512332,0.02675617,17.36417566,0.19449366,45.60744,1,50.0,11.38888889,10.27777778,39,1752,8760,
5173,5173,-35.28045302,138.4704496,16.37280907,0.59687305,0.02984365,16.96968212,18.48783764,0.5492528,0.02746264,19.03709043,0.18902707,44.17073,1,50.0,13.33333333,10.27777778,82,1752,8760,
5174,5174,-35.33365003,138.48182634,16.017461,0.59919264,0.02995963,16.61665364,17.78413485,0.54234441,0.02711722,18.32647926,0.19938628,50.02429,0,50.0,12.22222222,10.27777778,27,1752,8760,
5201,5201,-35.20612557,138.73232601,15.258893,0.58928744,0.02946437,15.84818044,16.35894264,0.52083259,0.02604163,16.87977523,0.18909307,41.46054,3,50.0,13.88888889,8.88888889,49,1752,8760,
5202,5202,-35.40444567,138.48104193,15.64723484,0.60290398,0.0301452,16.25013882,16.84082843,0.53714346,0.02685717,17.37797188,0.20986745,57.89385,0,50.0,12.77777778,11.11111111,11,1752,8760,
5203,5203,-35.58804967,138.34371601,14.81264004,0.61039686,0.03051984,15.4230369,17.09009084,0.53464585,0.02673229,17.62473669,0.21394296,79.59755,0,50.0,15.27777778,9.72222222,14,1752,8760,
5204,5204,-35.59168618,138.16422754,14.73288959,0.61140183,0.03057009,15.34429142,17.21485931,0.53553541,0.02677677,17.75039473,0.22167004,71.9977,0,50.0,15.27777778,10.55555556,139,1752,8760,
5210,5210,-35.34595647,138.64423904,15.79264192,0.59973856,0.02998693,16.39238048,16.74591478,0.52608759,0.02630438,17.27200238,0.19894744,52.94426,0,50.0,18.61111111,10.55555556,20,1752,8760,
5211,5211,-35.52210314,138.52801983,15.34586669,0.61139537,0.03056977,15.95726206,17.26710905,0.52772897,0.02638645,17.79483802,0.21583515,70.98024,0,50.0,13.33333333,10.27777778,619,1752,8760,
5212,5212,-35.50732524,138.67240381,15.82929002,0.61357732,0.03067887,16.44286734,17.81261542,0.52076373,0.02603819,18.33337916,,70.95134,0,50.0,13.33333333,11.11111111,36,1752,8760,No postcode zonal mean is available from the ΔT20 EBK prediction-standard-error raster.
5213,5213,-35.48407252,138.7100436,15.98304116,0.6110053,0.03055026,16.59404646,18.13342232,0.51795753,0.02589788,18.65137985,0.2180198,66.69033,0,50.0,12.5,12.22222222,44,1752,8760,
5214,5214,-35.47348169,138.8061428,16.11420369,0.61084239,0.03054212,16.72504607,17.56059133,0.51136081,0.02556804,18.07195214,0.20877317,59.68149,0,50.0,13.33333333,10.83333333,315,1752,8760,
5220,5220,-35.78171639,137.25651575,15.44196653,0.61269972,0.03063499,16.05466625,17.17376747,0.50800526,0.02540026,17.68177273,,83.47198,0,50.0,10.27777778,10.0,11,1752,8760,No postcode zonal mean is available from the ΔT20 EBK prediction-standard-error raster.
5221,5221,-35.77129015,137.75437957,15.41856456,0.61152417,0.03057621,16.03008874,17.10081745,0.52372713,0.02618636,17.62454458,,75.1426,0,50.0,10.27777778,10.55555556,21,1752,8760,No postcode zonal mean is available from the ΔT20 EBK prediction-standard-error raster.
5222,5222,-35.81166371,137.95980355,15.63286739,0.61245293,0.03062265,16.24532032,16.88627497,0.53173165,0.02658658,17.41800662,0.24620842,83.94906,0,50.0,55.55555556,5.0,68,1752,8760,
5223,5223,-35.82814296,137.47143788,15.415406,0.61061848,0.03053092,16.02602448,16.73995691,0.53486369,0.02674318,17.2748206,0.27541496,82.34667,0,50.0,20.0,7.77777778,117,1752,8760,
5231,5231,-34.76597617,138.8521498,15.1309751,0.56789852,0.02839493,15.69887362,16.84328608,0.50407635,0.02520382,17.34736243,0.14134553,4.6491,2,50.0,,,,1752,8760,Annual residential load is unavailable.
5232,5232,-34.86200975,138.83625038,14.78977869,0.56668586,0.02833429,15.35646454,16.25780626,0.50896198,0.0254481,16.76676825,0.13956402,10.87018,3,50.0,,,,1752,8760,Annual residential load is unavailable.
5233,5233,-34.81093498,138.9066619,14.75335973,0.56832265,0.02841613,15.32168238,16.27700176,0.49525364,0.02476268,16.7722554,0.14561562,10.71002,3,50.0,,,,1752,8760,Annual residential load is unavailable.
5234,5234,-34.81784152,138.97647425,14.69881727,0.57103124,0.02855156,15.26984852,16.52325212,0.48483898,0.02424195,17.0080911,,16.90494,3,50.0,,,,1752,8760,Annual residential load is unavailable. No postcode zonal mean is available from the ΔT20 EBK prediction-standard-error raster.
5235,5235,-34.69754443,139.08550981,15.03501823,0.58822726,0.02941136,15.62324549,17.49305372,0.48411871,0.02420594,17.97717243,0.16918838,27.14075,2,50.0,54.44444444,3.61111111,29,1752,8760,
5236,5236,-34.86763775,139.07213677,15.02002279,0.57487514,0.02874376,15.59489793,18.09152263,0.4669656,0.02334828,18.55848823,0.16133996,27.06408,2,50.0,,,,1752,8760,Annual residential load is unavailable.
5237,5237,-34.81164373,139.18937067,15.30595264,0.5880698,0.02940349,15.89402244,19.8559379,0.46307292,0.02315365,20.31901083,0.17303391,30.21069,2,50.0,,,,1752,8760,Annual residential load is unavailable.
5238,5238,-34.84549396,139.52478284,16.1053638,0.6371239,0.03185619,16.7424877,20.04119698,0.47602997,0.0238015,20.51722695,0.18643664,35.95002,1,50.0,16.11111111,12.22222222,78,1752,8760,
5240,5240,-34.93662834,138.8217625,14.54561202,0.56899791,0.0284499,15.11460993,15.68864138,0.51315704,0.02565785,16.20179842,,18.78257,3,50.0,,,,1752,8760,Annual residential load is unavailable. No postcode zonal mean is available from the ΔT20 EBK prediction-standard-error raster.
5241,5241,-34.90661649,138.85688584,14.64719137,0.56785107,0.02839255,15.21504243,15.93238428,0.50091601,0.0250458,16.43330029,,16.16785,3,50.0,56.94444444,2.22222222,24,1752,8760,No postcode zonal mean is available from the ΔT20 EBK prediction-standard-error raster.
5242,5242,-34.99467999,138.82421813,14.41398764,0.57275115,0.02863756,14.98673879,16.03002918,0.51305059,0.02565253,16.54307977,0.16094655,25.23141,3,50.0,69.44444444,2.5,14,1752,8760,
5243,5243,-34.98016093,138.85774581,14.59978302,0.57117599,0.0285588,15.17095901,16.11444615,0.50387046,0.02519352,16.61831661,,24.08645,3,50.0,,,,1752,8760,Annual residential load is unavailable. No postcode zonal mean is available from the ΔT20 EBK prediction-standard-error raster.
5244,5244,-34.93104899,138.9586806,14.87995795,0.56983213,0.02849161,15.44979007,16.93353404,0.48170777,0.02408539,17.41524182,0.15479266,23.07876,3,50.0,57.77777778,2.22222222,86,1752,8760,
5245,5245,-35.03381005,138.80812935,14.45470244,0.57466845,0.02873342,15.02937089,16.21430688,0.51493906,0.02574695,16.72924593,0.15992226,29.50258,3,50.0,59.72222222,3.05555556,46,1752,8760,
5250,5250,-35.04239382,138.86408797,14.93629278,0.57359355,0.02867968,15.50988633,16.54867272,0.50040632,0.02502032,17.04907904,,30.98337,3,50.0,57.22222222,2.22222222,44,1752,8760,No postcode zonal mean is available from the ΔT20 EBK prediction-standard-error raster.
5251,5251,-35.10096177,138.88621348,15.31621296,0.5779801,0.02889901,15.89419306,17.11936873,0.4930164,0.02465082,17.61238513,0.16921683,33.3155,3,50.0,59.16666667,2.22222222,1105,1752,8760,
5252,5252,-35.02293632,138.91538469,15.33244675,0.57338865,0.02866943,15.9058354,18.08638638,0.4762451,0.02381226,18.56263148,0.1611151,30.13832,3,50.0,57.5,2.22222222,100,1752,8760,
5253,5253,-35.05150711,139.50582808,16.63800534,0.61144488,0.03057224,17.24945021,19.19991717,0.44119412,0.02205971,19.64111129,0.1758753,23.35522,1,50.0,13.88888889,8.61111111,403,1752,8760,
5254,5254,-35.0581294,139.15591417,15.97419211,0.57659532,0.02882977,16.55078743,19.21791219,0.43770088,0.02188504,19.65561307,0.15915011,8.97719,2,50.0,13.88888889,9.72222222,44,1752,8760,
5255,5255,-35.23689714,138.95043951,16.14352064,0.59736097,0.02986805,16.74088161,18.50596123,0.48357709,0.02417885,18.98953832,0.19089754,32.53275,1,50.0,48.61111111,3.88888889,272,1752,8760,
5256,5256,-35.4284378,138.94195183,16.37625427,0.6118481,0.03059241,16.98810237,17.93636655,0.49298888,0.02464944,18.42935543,0.21394645,47.98956,1,50.0,47.22222222,4.16666667,40,1752,8760,
5259,5259,-35.4834022,139.26656754,16.55266327,0.64968727,0.03248436,17.20235054,17.75823037,0.47858174,0.02392909,18.2368121,0.2115152,45.03961,1,50.0,33.05555556,3.61111111,37,1752,8760,
5260,5260,-35.28473206,139.4913977,16.7323682,0.64467026,0.03223351,17.37703846,19.668833,0.46375238,0.02318762,20.13258538,0.20591018,31.64824,1,50.0,34.16666667,3.05555556,15,1752,8760,
5261,5261,-35.48596014,139.688072,16.34283285,0.71819176,0.03590959,17.06102461,18.87294915,0.5055474,0.02527737,19.37849655,0.22778561,60.19782,0,50.0,,,,1752,8760,Annual residential load is unavailable.
5262,5262,-36.83059414,140.88662129,15.11683482,1.02777619,0.05138881,16.144611,17.07687683,0.8108037,0.04054018,17.88768052,0.13654127,15.74193,10,50.0,,,,1752,8760,Annual residential load is unavailable.
5263,5263,-37.29228806,140.88303485,14.63465644,0.78264098,0.03913205,15.41729742,15.8489584,0.6876621,0.03438311,16.5366205,,14.72261,17,50.0,,,,1752,8760,Annual residential load is unavailable. No postcode zonal mean is available from the ΔT20 EBK prediction-standard-error raster.
5264,5264,-35.75121351,139.38972935,15.9965384,0.72230318,0.03611516,16.71884158,17.75454756,0.53148626,0.02657431,18.28603382,0.23751214,75.84162,0,50.0,33.61111111,2.77777778,18,1752,8760,
5265,5265,-35.76295806,139.660072,16.1180669,0.74745192,0.0373726,16.86551882,18.54489453,0.52190261,0.02609513,19.06679714,0.23657529,84.63696,0,50.0,,,,1752,8760,Annual residential load is unavailable.
5266,5266,-35.97708426,139.94348733,15.75951391,0.79658056,0.03982903,16.55609447,18.36566271,0.5626502,0.02813251,18.92831292,0.23759533,113.79703,0,50.0,,,,1752,8760,Annual residential load is unavailable.
5267,5267,-36.13419796,140.41067531,15.69743378,0.87405816,0.04370291,16.57149193,18.40235355,0.59105492,0.02955275,18.99340846,0.22216477,68.54489,0,50.0,20.83333333,8.88888889,22,1752,8760,
5268,5268,-36.36393991,140.78316272,15.55134132,0.98954942,0.04947747,16.54089074,18.13169794,0.65655596,0.0328278,18.78825391,0.17526537,27.42414,6,50.0,17.22222222,8.88888889,54,1752,8760,
5269,5269,-36.35846327,140.90493903,15.56513302,1.02695746,0.05134787,16.59209048,17.92587471,0.60665917,0.03033296,18.53253388,0.16101156,17.69346,8,50.0,,,,1752,8760,Annual residential load is unavailable.
5270,5270,-36.3848223,140.55374504,15.46858535,0.96976493,0.04848825,16.43835028,17.864755,0.66676487,0.03333824,18.53151988,0.19742906,47.01226,1,50.0,,,,1752,8760,Annual residential load is unavailable.
5271,5271,-36.84276671,140.6003914,15.01604772,0.94809127,0.04740456,15.96413898,17.11459454,0.74404575,0.03720229,17.85864029,0.15839415,33.73002,10,50.0,33.05555556,1.94444444,108,1752,8760,
5272,5272,-37.16392163,140.21573849,14.80493609,0.85998909,0.04299945,15.66492518,16.40202569,0.70957068,0.03547853,17.11159636,0.13488812,7.1509,14,50.0,,,,1752,8760,Annual residential load is unavailable.
5273,5273,-36.94311927,140.17839618,14.88887575,0.89519282,0.04475964,15.78406857,16.72951385,0.72708652,0.03635433,17.45660037,0.15846146,17.8194,6,50.0,,,,1752,8760,Annual residential load is unavailable.
5275,5275,-36.7166654,139.98015185,15.09204323,0.85814688,0.04290734,15.95019011,17.15864669,0.67052744,0.03352637,17.82917413,0.20162253,46.82804,1,50.0,33.61111111,3.33333333,98,1752,8760,
5276,5276,-37.2557347,139.9330299,14.69622552,0.76854174,0.03842709,15.46476726,15.81510907,0.64218794,0.0321094,16.457297,0.13569018,5.89168,11,50.0,33.33333333,3.33333333,143,1752,8760,
5277,5277,-37.49652315,140.88291622,14.55077728,0.73176322,0.03658816,15.2825405,15.51038076,0.66068478,0.03303424,16.17106554,0.12207462,9.46649,26,50.0,31.11111111,2.22222222,40,1752,8760,
5278,5278,-37.55296851,140.70356346,14.47055401,0.64424873,0.03221244,15.11480274,15.21941773,0.57780699,0.02889035,15.79722472,0.11191995,2.62321,25,50.0,,,,1752,8760,Annual residential load is unavailable.
5279,5279,-37.56443247,140.53714279,14.5518898,0.66962817,0.03348141,15.22151797,15.05480172,0.58667052,0.02933353,15.64147224,0.11942882,13.41623,22,50.0,,,,1752,8760,Annual residential load is unavailable.
5280,5280,-37.51460229,140.26528627,14.55965365,0.66216824,0.03310841,15.22182188,15.32719105,0.57301692,0.02865085,15.90020797,0.1184777,3.44849,21,50.0,33.33333333,2.5,104,1752,8760,
5290,5290,-37.82843127,140.78034752,14.32249297,0.61856862,0.03092843,14.9410616,16.01539235,0.54159944,0.02707997,16.5569918,,7.06081,32,50.0,33.33333333,2.5,402,1752,8760,No postcode zonal mean is available from the ΔT20 EBK prediction-standard-error raster.
5291,5291,-37.86147322,140.67328611,14.336145,0.60913916,0.03045696,14.94528415,14.94593025,0.54466377,0.02723319,15.49059402,0.11654382,4.69173,28,50.0,33.05555556,2.5,486,1752,8760,
5301,5301,-35.42153513,140.0421846,16.42249181,0.75121687,0.03756084,17.17370868,19.19121916,0.5127054,0.02563527,19.70392457,0.22160008,81.31193,0,50.0,,,,1752,8760,Annual residential load is unavailable.
5302,5302,-35.67598981,140.60893806,16.32674135,0.82551087,0.04127554,17.15225222,18.51616548,0.53467967,0.02673398,19.05084516,0.20827026,55.03549,0,50.0,18.05555556,16.66666667,35,1752,8760,
5303,5303,-35.31443507,140.69619189,16.60211948,0.84837508,0.04241875,17.45049457,19.17205177,0.52124975,0.02606249,19.69330153,0.18972316,34.1179,10,50.0,,,,1752,8760,Annual residential load is unavailable.
5304,5304,-35.2032277,140.87644778,16.86314611,0.8787836,0.04393918,17.74192971,19.43053358,0.58076883,0.02903844,20.01130241,0.15416697,17.68881,11,50.0,18.61111111,12.5,15,1752,8760,
5306,5306,-35.13246639,139.70433596,16.55984317,0.6725765,0.03362882,17.23241966,19.39670528,0.4784155,0.02392078,19.87512078,0.202787,41.64126,1,50.0,,,,1752,8760,Annual residential load is unavailable.
5307,5307,-35.15870052,140.01882171,16.58090582,0.73488898,0.03674445,17.3157948,19.44769286,0.5140497,0.02570249,19.96174257,0.21130508,70.37083,0,50.0,16.11111111,11.94444444,11,1752,8760,
5308,5308,-34.88232405,139.86792261,16.61566932,0.71991292,0.03599565,17.33558224,20.33741035,0.54499528,0.02724976,20.88240563,0.19721913,60.26273,0,50.0,,,,1752,8760,Annual residential load is unavailable.
5309,5309,-34.92978743,140.20193096,16.82800232,0.76967321,0.03848366,17.59767554,19.78498122,0.56649511,0.02832476,20.35147633,0.20220835,73.86883,0,50.0,,,,1752,8760,Annual residential load is unavailable.
5310,5310,-34.70882102,140.28708533,16.92484492,0.78655316,0.03932766,17.71139807,20.64655569,0.6222751,0.03111375,21.26883079,0.19859267,49.43925,1,50.0,,,,1752,8760,Annual residential load is unavailable.
5311,5311,-34.5850981,140.81581022,17.14031557,0.84510256,0.04225513,17.98541813,20.63506303,0.73290588,0.03664529,21.3679689,0.16163536,25.82656,9,50.0,,,,1752,8760,Annual residential load is unavailable.
5320,5320,-33.92526578,139.52148441,16.27403011,0.66995623,0.03349781,16.94398634,22.2863571,0.52490186,0.02624509,22.81125897,0.19691173,80.94305,0,50.0,18.05555556,15.27777778,18,1752,8760,
5321,5321,-34.09059431,139.77894179,16.57591295,0.6918929,0.03459465,17.26780585,21.63200956,0.5514639,0.02757319,22.18347346,0.19439353,79.31953,0,50.0,,,,1752,8760,Annual residential load is unavailable.
5322,5322,-34.13195791,139.87919344,16.70908768,0.70594818,0.03529741,17.41503586,20.63338756,0.57101202,0.0285506,21.20439958,0.19013917,70.08366,0,50.0,,,,1752,8760,Annual residential load is unavailable.
5330,5330,-34.20018646,140.05822981,16.91344847,0.729051,0.03645255,17.64249947,21.47400341,0.5966187,0.02983094,22.07062211,0.1893793,53.16622,0,50.0,16.94444444,7.77777778,17,1752,8760,
5331,5331,-34.22071986,140.31783737,17.20370646,0.76552452,0.03827623,17.96923098,21.17072202,0.64576422,0.03228821,21.81648624,0.1676262,29.35116,4,50.0,,,,1752,8760,Annual residential load is unavailable.
5332,5332,-34.34730578,140.29670598,17.08694279,0.77622174,0.03881109,17.86316452,21.46895605,0.6485713,0.03242856,22.11752735,0.17640396,31.24891,4,50.0,,,,1752,8760,Annual residential load is unavailable.
5333,5333,-34.52364534,140.49515339,17.09467341,0.82893301,0.04144665,17.92360642,21.03880793,0.71185873,0.03559294,21.75066666,0.15714691,21.45307,4,50.0,17.5,7.5,75,1752,8760,
5340,5340,-34.17765971,140.85823641,17.64602511,0.84571767,0.04228588,18.49174278,21.60590138,0.7899524,0.03949762,22.39585378,0.1149554,17.41878,12,50.0,16.11111111,9.44444444,16,1752,8760,
5341,5341,-34.0040061,140.81910891,17.70014107,0.82472941,0.04123647,18.52487048,21.42102293,0.74355689,0.03717784,22.16457982,0.11668196,15.91409,13,50.0,17.22222222,10.55555556,185,1752,8760,
5342,5342,-34.19163695,140.57110755,17.43626565,0.78251204,0.0391256,18.21877769,21.34048243,0.69164367,0.03458218,22.0321261,0.10935758,6.13563,6,50.0,,,,1752,8760,Annual residential load is unavailable.
5343,5343,-34.40325399,140.53082394,17.26337082,0.82714259,0.04135713,18.09051342,20.94758678,0.72963873,0.03648194,21.67722551,0.13350559,10.35498,4,50.0,16.94444444,8.05555556,47,1752,8760,
5344,5344,-34.2770034,140.54606916,17.31457975,0.80822036,0.04041102,18.12280011,20.40531382,0.71012348,0.03550617,21.1154373,0.12604371,11.66707,6,50.0,,,,1752,8760,Annual residential load is unavailable.
5345,5345,-34.28756371,140.45102997,17.23587259,0.79292953,0.03964648,18.02880212,20.90502315,0.6829965,0.03414983,21.58801966,0.14525012,19.2856,4,50.0,18.88888889,7.5,21,1752,8760,
5346,5346,-34.23542656,140.41138347,17.26337179,0.77815904,0.03890795,18.04153083,20.37216012,0.66692391,0.0333462,21.03908403,,20.99037,4,50.0,,,,1752,8760,Annual residential load is unavailable. No postcode zonal mean is available from the ΔT20 EBK prediction-standard-error raster.
5350,5350,-34.5740139,138.83807573,16.363131,0.5878025,0.02939012,16.9509335,19.06548209,0.51681299,0.02584065,19.58229509,,21.89016,2,50.0,,,,1752,8760,Annual residential load is unavailable. No postcode zonal mean is available from the ΔT20 EBK prediction-standard-error raster.
5351,5351,-34.66311646,138.92931706,15.34045578,0.58157276,0.02907864,15.92202853,17.23745644,0.50115385,0.02505769,17.73861029,0.16060218,16.56013,2,50.0,15.83333333,9.44444444,52,1752,8760,
5352,5352,-34.54410683,138.9427185,15.77220588,0.59384557,0.02969228,16.36605145,18.60073339,0.50696737,0.02534837,19.10770077,0.1736506,28.10738,1,50.0,13.88888889,9.44444444,60,1752,8760,
5353,5353,-34.5978065,139.30247752,15.50840061,0.61981949,0.03099097,16.1282201,19.88083659,0.49241026,0.02462051,20.37324685,0.18735944,49.59896,1,50.0,18.33333333,10.0,58,1752,8760,
5354,5354,-34.55407079,139.686656,16.17867873,0.67600181,0.03380009,16.85468054,21.03090153,0.52412602,0.0262063,21.55502755,0.1978164,70.57072,0,50.0,15.55555556,13.88888889,13,1752,8760,
5355,5355,-34.45244408,138.97842396,15.80895773,0.60300927,0.03015046,16.411967,18.50689098,0.50971992,0.025486,19.0166109,0.1834055,38.70477,1,50.0,38.61111111,5.27777778,117,1752,8760,
5356,5356,-34.3839284,139.25895939,15.5632801,0.62748485,0.03137424,16.19076495,20.43150909,0.50772536,0.02538627,20.93923445,0.19310606,59.86948,0,50.0,,,,1752,8760,Annual residential load is unavailable.
5357,5357,-34.31811455,139.56816598,16.19839191,0.67507814,0.03375391,16.87347005,21.61768764,0.53557125,0.02677856,22.1532589,0.19792494,86.26268,0,50.0,16.11111111,11.94444444,15,1752,8760,
5360,5360,-34.44525976,138.91332389,16.12203497,0.60148565,0.03007428,16.72352062,18.59237423,0.51376055,0.02568803,19.10613478,0.17951006,37.38001,1,50.0,13.88888889,9.16666667,11,1752,8760,
5371,5371,-34.4758298,138.75394074,16.67531271,0.59671768,0.02983588,17.27203039,19.03839768,0.52515147,0.02625757,19.56354915,0.16957031,32.83637,1,50.0,14.44444444,9.44444444,113,1752,8760,
5372,5372,-34.44599264,138.81485424,16.55869932,0.6003631,0.03001816,17.15906242,18.82583354,0.5212613,0.02606306,19.34709483,0.17739196,35.88759,1,50.0,13.88888889,9.72222222,19,1752,8760,
5373,5373,-34.31279021,138.9188155,16.05838307,0.61433244,0.03071662,16.67271551,18.45085531,0.51296871,0.02564844,18.96382402,0.18995148,51.80727,0,50.0,51.38888889,3.05555556,22,1752,8760,
5374,5374,-34.1546802,139.2220462,15.81450024,0.63711621,0.03185581,16.45161645,20.40149044,0.50773119,0.02538656,20.90922163,0.19830972,78.40194,0,50.0,,,,1752,8760,Annual residential load is unavailable.
5381,5381,-33.91495704,139.09654872,15.66223122,0.63986093,0.03199305,16.30209215,20.20248282,0.49149084,0.02457454,20.69397366,0.20001238,86.9032,0,50.0,,,,1752,8760,Annual residential load is unavailable.
5400,5400,-34.45079642,138.6614616,16.78404135,0.60535988,0.03026799,17.38940123,19.37225111,0.53911059,0.02695553,19.91136171,0.17277854,37.58001,1,50.0,13.88888889,11.66666667,12,1752,8760,
5401,5401,-34.26366305,138.64100313,16.41852582,0.6187755,0.03093877,17.03730132,19.24284499,0.52422829,0.02621141,19.76707328,0.18315003,58.03081,0,50.0,,,,1752,8760,Annual residential load is unavailable.
5410,5410,-34.34530249,138.74469561,16.49888972,0.61336564,0.03066828,17.11225536,19.0875605,0.52540425,0.02627021,19.61296475,,47.34765,1,50.0,,,,1752,8760,Annual residential load is unavailable. No postcode zonal mean is available from the ΔT20 EBK prediction-standard-error raster.
5411,5411,-34.25573839,138.76728054,16.31125592,0.61838545,0.03091927,16.92964137,18.67143988,0.51768347,0.02588417,19.18912336,0.18754188,57.10701,0,50.0,,,,1752,8760,Annual residential load is unavailable.
5412,5412,-34.15563032,138.73403226,16.13146819,0.62480109,0.03124005,16.75626927,18.59670175,0.50883797,0.0254419,19.10553973,0.19132315,68.43202,0,50.0,50.0,3.88888889,11,1752,8760,
5413,5413,-34.02956101,138.90990951,15.77439356,0.63127545,0.03156377,16.40566901,17.97712164,0.49583823,0.02479191,18.47295987,0.19791972,82.77289,0,50.0,,,,1752,8760,Annual residential load is unavailable.
5414,5414,-33.99002989,138.80469979,15.70184586,0.63371428,0.03168571,16.33556014,18.1265946,0.49156217,0.02457811,18.61815677,0.19684896,73.52493,0,50.0,,,,1752,8760,Annual residential load is unavailable.
5415,5415,-33.91229108,138.75628566,15.57037063,0.63798386,0.03189919,16.20835449,17.68465564,0.48394421,0.02419721,18.16859985,0.19603131,68.01179,0,50.0,,,,1752,8760,Annual residential load is unavailable.
5416,5416,-33.83192827,138.81395469,15.43322267,0.64227496,0.03211375,16.07549763,17.91375304,0.47451553,0.02372578,18.38826857,0.19907499,73.3083,0,50.0,,,,1752,8760,Annual residential load is unavailable.
5417,5417,-33.4769929,140.1177963,17.21688045,0.73390354,0.03669518,17.95078399,22.01669089,0.59746106,0.02987305,22.61415195,0.17213276,67.56833,0,50.0,54.44444444,3.33333333,19,1752,8760,
5418,5418,-33.39975877,139.22092556,15.86493893,0.64866006,0.032433,16.513599,20.871246,0.45383206,0.0226916,21.32507806,0.1828646,32.28328,1,50.0,,,,1752,8760,Annual residential load is unavailable.
5419,5419,-33.39876372,138.8749107,15.72970739,0.64776102,0.03238805,16.37746841,20.31567365,0.44261582,0.02213079,20.75828947,0.18430694,59.73393,0,50.0,,,,1752,8760,Annual residential load is unavailable.
5420,5420,-33.23864577,138.85079992,15.41660863,0.64862262,0.03243113,16.06523125,18.77711379,0.43210085,0.02160504,19.20921463,0.18968242,57.89519,0,50.0,,,,1752,8760,Annual residential load is unavailable.
5421,5421,-33.14381549,139.01432217,15.63249756,0.64721104,0.03236055,16.27970859,20.43020333,0.43391622,0.02169581,20.86411955,0.1829089,42.96753,1,50.0,,,,1752,8760,Annual residential load is unavailable.
5422,5422,-32.84725017,138.96095513,16.07939893,0.65306888,0.03265344,16.7324678,21.27066092,0.44166658,0.02208333,21.7123275,0.18138936,55.83549,0,50.0,,,,1752,8760,Annual residential load is unavailable.
5431,5431,-32.64837411,138.56608959,16.83798192,0.64156722,0.03207836,17.47954914,21.63238582,0.42297671,0.02114884,22.05536253,0.16792778,13.6493,1,50.0,,,,1752,8760,Annual residential load is unavailable.
5432,5432,-31.85900498,139.12892729,18.10158521,0.82879168,0.04143958,18.93037689,23.39223251,0.60784411,0.03039221,24.00007662,0.17428693,68.91451,0,50.0,,,,1752,8760,Annual residential load is unavailable.
5433,5433,-32.30029893,138.13520609,18.39998316,0.78881927,0.03944096,19.18880242,22.99740648,0.46885941,0.02344297,23.4662659,0.18318442,42.62928,1,50.0,,,,1752,8760,Annual residential load is unavailable.
5434,5434,-31.55188884,138.64163403,18.77179126,0.93051182,0.04652559,19.70230308,24.2517739,0.65123532,0.03256177,24.90300922,0.18831734,96.57056,0,50.0,,,,1752,8760,Annual residential load is unavailable.
5440,5440,-31.23624982,140.45443757,18.84674631,0.82852328,0.04142616,19.67526959,23.75532953,0.6679095,0.03339548,24.42323904,0.20220466,44.72038,1,50.0,,,,1752,8760,Annual residential load is unavailable.
5451,5451,-34.03691215,138.67973803,15.89434429,0.63266923,0.03163346,16.52701352,18.59077633,0.49855789,0.02492789,19.08933422,0.1919327,63.54778,0,50.0,10.55555556,10.55555556,11,1752,8760,
5452,5452,-33.96922741,138.64941906,15.7586578,0.63734384,0.03186719,16.39600163,18.54847037,0.4908343,0.02454171,19.03930467,0.19188145,59.02551,0,50.0,13.33333333,10.0,19,1752,8760,
5453,5453,-33.88347981,138.59190474,15.68631888,0.64481025,0.03224051,16.33112913,18.84366363,0.48046369,0.02402318,19.32412732,0.1914301,52.69981,0,50.0,12.5,12.22222222,82,1752,8760,
5454,5454,-33.48265606,138.62862611,15.54201688,0.65508992,0.0327545,16.19710681,19.05962395,0.44017529,0.02200876,19.49979924,0.19612404,70.70411,0,50.0,,,,1752,8760,Annual residential load is unavailable.
5455,5455,-33.69732993,138.65278059,15.42939311,0.65219665,0.03260983,16.08158976,18.15553112,0.45978379,0.02298919,18.6153149,0.19705723,61.38422,0,50.0,,,,1752,8760,Annual residential load is unavailable.
5460,5460,-34.24867603,138.51275451,16.63771937,0.62070662,0.03103533,17.25842599,19.6794081,0.53697633,0.02684882,20.21638443,0.17864599,61.93462,0,50.0,,,,1752,8760,Annual residential load is unavailable.
5461,5461,-34.06213282,138.40239617,16.4003257,0.64152106,0.03207605,17.04184676,20.05852927,0.50413835,0.02520692,20.56266762,0.17829308,41.21015,1,50.0,,,,1752,8760,Annual residential load is unavailable.
5462,5462,-33.84256531,138.46086249,15.9142094,0.65348465,0.03267423,16.56769405,20.23218395,0.47304284,0.02365214,20.70522679,0.18408638,40.68841,1,50.0,,,,1752,8760,Annual residential load is unavailable.
5464,5464,-33.71571965,138.42472112,16.06122378,0.6612803,0.03306401,16.72250408,19.97000871,0.45003493,0.02250175,20.42004365,0.18634692,40.96693,1,50.0,,,,1752,8760,Annual residential load is unavailable.
5470,5470,-33.56788541,138.47627817,15.82772192,0.65871933,0.03293597,16.48644124,20.2082743,0.44035573,0.02201779,20.64863003,0.19324289,53.74153,0,50.0,,,,1752,8760,Annual residential load is unavailable.
5471,5471,-33.46709045,138.46803956,15.87530413,0.65907432,0.03295372,16.53437845,19.49803627,0.43123097,0.02156155,19.92926724,0.19431665,60.84106,0,50.0,,,,1752,8760,Annual residential load is unavailable.
5472,5472,-33.37456239,138.41210474,16.02436684,0.66161679,0.03308084,16.68598363,19.79858472,0.42241527,0.02112076,20.22099999,0.19617458,65.77456,0,50.0,,,,1752,8760,Annual residential load is unavailable.
5473,5473,-33.26754144,138.3701041,16.15670456,0.66389404,0.0331947,16.8205986,19.70044419,0.41351281,0.02067564,20.113957,0.1973069,74.23093,0,50.0,,,,1752,8760,Annual residential load is unavailable.
5480,5480,-33.16170434,138.28393439,16.38449213,0.66343098,0.03317155,17.04792311,19.62135282,0.40405558,0.02020278,20.02540839,0.19420371,70.63009,0,50.0,,,,1752,8760,Annual residential load is unavailable.
5481,5481,-33.01403191,138.21367498,16.83579255,0.67509356,0.03375468,17.51088611,19.09630347,0.39874635,0.01993732,19.49504982,0.1932563,57.49107,0,50.0,,,,1752,8760,Annual residential load is unavailable.
5482,5482,-32.86585065,138.34897887,16.77221351,0.65512038,0.03275602,17.4273339,20.42201296,0.40147197,0.0200736,20.82348494,0.18147299,37.39334,1,50.0,,,,1752,8760,Annual residential load is unavailable.
5483,5483,-32.81158111,138.19231536,17.33559598,0.67954373,0.03397719,18.01513971,19.78275937,0.39868933,0.01993447,20.1814487,0.18303949,39.83896,1,50.0,,,,1752,8760,Annual residential load is unavailable.
5485,5485,-32.63739512,138.12766485,17.87004644,0.70620559,0.03531028,18.57625203,20.94329362,0.41035883,0.02051794,21.35365244,0.1786374,34.5736,1,50.0,,,,1752,8760,Annual residential load is unavailable.
5490,5490,-33.16493776,138.45193251,16.02305771,0.65686206,0.0328431,16.67991976,19.63649112,0.41164644,0.02058232,20.04813756,0.19455431,68.59568,0,50.0,,,,1752,8760,Annual residential load is unavailable.
5491,5491,-33.19962461,138.60603611,15.65979989,0.65093288,0.03254664,16.31073277,18.87637497,0.42127324,0.02106366,19.29764821,0.19420722,73.32863,0,50.0,17.22222222,8.88888889,28,1752,8760,
5493,5493,-33.0277677,138.74489948,15.44599374,0.64319715,0.03215986,16.08919089,19.65346605,0.41957091,0.02097855,20.07303696,,58.7087,0,50.0,,,,1752,8760,Annual residential load is unavailable. No postcode zonal mean is available from the ΔT20 EBK prediction-standard-error raster.
5495,5495,-32.86846868,138.00934896,17.6813849,0.71226432,0.03561322,18.39364922,22.22073968,0.39524965,0.01976248,22.61598933,0.19199908,56.70593,0,50.0,19.44444444,11.66666667,10,1752,8760,
5501,5501,-34.3828495,138.3264636,17.26463217,0.61402428,0.03070121,17.87865645,19.48057895,0.57086189,0.02854309,20.05144084,0.1680069,41.96159,1,50.0,16.94444444,10.83333333,73,1752,8760,
5502,5502,-34.44711713,138.49879976,17.1036529,0.60798677,0.03039934,17.71163967,19.39896652,0.55641817,0.02782091,19.95538469,0.17063077,45.21209,2,50.0,17.5,9.44444444,12,1752,8760,
5510,5510,-33.91934029,138.13882256,16.68719723,0.66750813,0.03337541,17.35470535,20.0116525,0.47175232,0.02358762,20.48340482,0.15561856,12.22591,2,50.0,,,,1752,8760,Annual residential load is unavailable.
5520,5520,-33.77772852,138.15137603,16.6525388,0.67204128,0.03360206,17.32458009,20.34351883,0.44909726,0.02245486,20.79261609,0.16487345,15.69301,2,50.0,,,,1752,8760,Annual residential load is unavailable.
5521,5521,-33.52786575,138.2012207,16.50234089,0.67357848,0.03367892,17.17591936,20.34586567,0.42341613,0.02117081,20.7692818,0.18649665,41.37602,1,50.0,,,,1752,8760,Annual residential load is unavailable.
5522,5522,-33.68636051,137.90846484,16.84910663,0.68761572,0.03438079,17.53672236,20.62478096,0.41667845,0.02083392,21.04145941,0.16854786,22.78708,2,50.0,16.11111111,9.44444444,15,1752,8760,
5523,5523,-33.38045095,138.13989059,16.64192781,0.68009592,0.0340048,17.32202373,20.718257,0.41050438,0.02052522,21.12876137,0.19231812,55.37286,0,50.0,18.05555556,9.44444444,13,1752,8760,
5540,5540,-33.26240078,137.91596634,17.00637462,0.69377034,0.03468852,17.70014495,21.4487177,0.39747012,0.01987351,21.84618782,0.19624053,68.10418,0,50.0,17.5,9.44444444,71,1752,8760,
5550,5550,-34.13143103,138.20753226,16.69696944,0.64691104,0.03234555,17.34388047,19.96973674,0.51643326,0.02582166,20.48617,0.16562274,33.89772,3,50.0,,,,1752,8760,Annual residential load is unavailable.
5552,5552,-34.09163479,137.92396464,16.87741463,0.66618948,0.03330947,17.54360411,19.78949715,0.48342137,0.02417107,20.27291852,0.14852015,20.98431,3,50.0,,,,1752,8760,Annual residential load is unavailable.
5554,5554,-34.00232011,137.71499731,16.83010626,0.68079731,0.03403987,17.51090357,20.23143499,0.42494189,0.02124709,20.65637688,0.13901018,5.03308,2,50.0,18.88888889,8.61111111,27,1752,8760,
5555,5555,-33.81084238,137.81450513,16.74107239,0.68219225,0.03410961,17.42326464,20.67299553,0.42146496,0.02107325,21.09446049,0.1659641,18.48016,2,50.0,,,,1752,8760,Annual residential load is unavailable.
5556,5556,-33.88426758,137.66941068,16.82191156,0.68786971,0.03439349,17.50978127,20.08264737,0.40608817,0.02030441,20.48873553,0.15062394,12.04113,2,50.0,17.22222222,9.72222222,59,1752,8760,
5558,5558,-34.12162261,137.61686216,16.97699181,0.67237434,0.03361872,17.64936616,19.92828858,0.46869664,0.02343483,20.39698521,0.16054114,21.05327,3,50.0,11.66666667,8.61111111,137,1752,8760,
5560,5560,-33.88694594,138.00971022,16.78288909,0.67632139,0.03381607,17.45921047,20.24181968,0.45409219,0.02270461,20.69591188,0.14051481,2.31046,2,50.0,,,,1752,8760,Annual residential load is unavailable.
5570,5570,-34.24749378,137.93867271,17.00764431,0.65152893,0.03257645,17.65917324,19.26771073,0.55291394,0.0276457,19.82062467,0.15395292,23.88476,3,50.0,,,,1752,8760,Annual residential load is unavailable.
5571,5571,-34.4519373,137.83768238,17.09600418,0.64270435,0.03213522,17.73870853,18.92938405,0.61276075,0.03063804,19.5421448,0.14369698,3.7066,1,50.0,,,,1752,8760,Annual residential load is unavailable.
5572,5572,-34.23475771,137.77684963,17.09523383,0.66030269,0.03301513,17.75553652,19.27815,0.5269856,0.02634928,19.8051356,0.15435345,26.32125,3,50.0,,,,1752,8760,Annual residential load is unavailable.
5573,5573,-34.4079357,137.61991916,17.15864415,0.65157789,0.03257889,17.81022204,19.36919966,0.55577581,0.02778879,19.92497548,0.16517175,24.25151,1,50.0,11.94444444,7.77777778,18,1752,8760,
5575,5575,-34.78497293,137.60635785,16.815245,0.62255014,0.03112751,17.43779514,18.97694333,0.55056115,0.02752806,19.52750448,0.1801225,16.05744,4,50.0,11.66666667,8.88888889,37,1752,8760,
5576,5576,-35.01442737,137.60213775,16.62515266,0.60860061,0.03043003,17.23375328,19.29707149,0.5384347,0.02692174,19.83550619,0.13621008,10.44936,3,50.0,,,,1752,8760,Annual residential load is unavailable.
5577,5577,-35.04174413,137.29371445,16.74114378,0.61108727,0.03055436,17.35223105,18.77438926,0.53799017,0.02689951,19.31237944,0.19253285,32.72197,3,50.0,,,,1752,8760,Annual residential load is unavailable.
5580,5580,-34.66747719,137.7593764,16.96493799,0.63557114,0.03177856,17.60050913,19.02916001,0.59509355,0.02975468,19.62425356,0.14882526,25.86081,4,50.0,,,,1752,8760,Annual residential load is unavailable.
5581,5581,-34.75999998,137.83373584,16.9053352,0.63372227,0.03168611,17.53905747,18.22259919,0.58898235,0.02944912,18.81158154,0.14079741,16.85416,4,50.0,13.61111111,10.83333333,10,1752,8760,
5582,5582,-34.91244457,137.75777494,16.74443558,0.6354876,0.03177438,17.37992318,18.3723955,0.55894111,0.02794706,18.93133661,0.11152214,2.2499,3,50.0,,,,1752,8760,Annual residential load is unavailable.
5583,5583,-35.07255679,137.71802451,16.53561111,0.60244816,0.03012241,17.13805927,18.17100451,0.5357607,0.02678804,18.70676522,,7.30703,3,50.0,11.38888889,9.72222222,12,1752,8760,No postcode zonal mean is available from the ΔT20 EBK prediction-standard-error raster.
5600,5600,-33.03367796,137.56775997,18.0215623,0.75820342,0.03791017,18.77976573,21.9099403,0.37001277,0.01850064,22.27995307,,53.74838,0,50.0,13.88888889,13.05555556,27,1752,8760,No postcode zonal mean is available from the ΔT20 EBK prediction-standard-error raster.
5601,5601,-33.101596,137.41196926,17.97374426,0.76051911,0.03802596,18.73426338,22.77343541,0.37259584,0.01862979,23.14603125,0.19858364,50.00425,0,50.0,,,,1752,8760,Annual residential load is unavailable.
5602,5602,-33.52450809,136.90475937,17.25666877,0.70404174,0.03520209,17.9607105,20.63118667,0.41223804,0.0206119,21.0434247,0.22264179,92.06879,0,50.0,15.27777778,8.33333333,17,1752,8760,
5603,5603,-33.87780726,136.2253144,17.0701808,0.66532836,0.03326642,17.73550916,19.71005648,0.48000394,0.0240002,20.19006042,0.24467886,117.93927,0,50.0,,,,1752,8760,Annual residential load is unavailable.
5604,5604,-34.06488175,136.31731195,16.93302648,0.66532165,0.03326608,17.59834813,19.61561802,0.48192456,0.02409623,20.09754258,0.25081386,132.60272,0,50.0,13.88888889,9.72222222,10,1752,8760,
5605,5605,-34.40005517,136.04481522,16.80429803,0.66299169,0.03314958,17.46728972,19.35285955,0.51890467,0.02594523,19.87176422,0.26015517,162.46885,0,50.0,13.61111111,8.61111111,18,1752,8760,
5606,5606,-34.72984588,135.84947829,16.48053741,0.65441206,0.0327206,17.13494948,17.39248848,0.56182715,0.02809136,17.95431563,0.27080604,168.91574,0,50.0,13.88888889,10.0,109,1752,8760,
5607,5607,-34.65137577,135.36161986,16.86274301,0.67013696,0.03350685,17.53287997,19.20478457,0.54713732,0.02735687,19.7519219,0.26619818,186.83168,0,50.0,14.16666667,11.11111111,109,1752,8760,
5608,5608,-33.0447507,137.53167899,17.98277617,0.75908842,0.03795442,18.74186459,22.14856427,0.36892298,0.01844615,22.51748725,,52.08854,0,50.0,15.27777778,8.05555556,43,1752,8760,No postcode zonal mean is available from the ΔT20 EBK prediction-standard-error raster.
5609,5609,-33.02717348,137.50813497,17.99625826,0.76331774,0.03816589,18.759576,22.91439857,0.36774704,0.01838735,23.28214561,,49.15229,1,50.0,14.72222222,7.77777778,23,1752,8760,No postcode zonal mean is available from the ΔT20 EBK prediction-standard-error raster.
5611,5611,-33.03514655,137.0888242,17.96777219,0.78446117,0.03922306,18.75223336,22.0730664,0.37134079,0.01856704,22.44440719,0.19835747,35.4269,1,50.0,,,,1752,8760,Annual residential load is unavailable.
5630,5630,-34.41995363,135.66946678,16.6438482,0.66899236,0.03344962,17.31284056,19.25122403,0.5446396,0.02723198,19.79586363,0.27603307,160.64667,0,50.0,,,,1752,8760,Annual residential load is unavailable.
5631,5631,-34.25982197,135.69391597,16.78489281,0.66985187,0.03349259,17.45474469,19.23683984,0.53803856,0.02690193,19.7748784,0.26891724,143.07903,0,50.0,,,,1752,8760,Annual residential load is unavailable.
5632,5632,-34.06425669,135.60457259,16.96717753,0.67179385,0.03358969,17.63897138,19.59960174,0.5361432,0.02680716,20.13574494,0.25975508,120.8237,0,50.0,,,,1752,8760,Annual residential load is unavailable.
5633,5633,-33.53485638,135.77520933,17.4357195,0.64494202,0.0322471,18.08066152,20.52185733,0.49709653,0.02485483,21.01895386,0.23011867,65.26436,0,50.0,,,,1752,8760,Annual residential load is unavailable.
5640,5640,-33.7052539,136.53199752,17.24224697,0.67754103,0.03387705,17.919788,20.15545519,0.44208453,0.02210423,20.59753972,0.2341686,116.36362,0,50.0,,,,1752,8760,Annual residential load is unavailable.
5641,5641,-32.99394074,136.14288188,17.67045981,0.66600429,0.03330021,18.3364641,21.21026437,0.43483702,0.02174185,21.64510139,0.21013504,55.19827,0,50.0,,,,1752,8760,Annual residential load is unavailable.
5642,5642,-33.55021144,136.11863599,17.34139214,0.65805708,0.03290285,17.99944922,20.40612825,0.4654327,0.02327164,20.87156095,0.23373941,82.59609,0,50.0,,,,1752,8760,Annual residential load is unavailable.
5650,5650,-33.22014867,135.83931951,17.70326566,0.62251969,0.03112598,18.32578535,21.00052863,0.4839603,0.02419801,21.48448893,0.20824108,37.9619,1,50.0,,,,1752,8760,Annual residential load is unavailable.
5651,5651,-33.12441184,135.63585721,17.84634035,0.59143412,0.02957171,18.43777447,21.41275709,0.47028653,0.02351433,21.88304362,0.18702419,18.02804,1,50.0,,,,1752,8760,Annual residential load is unavailable.
5652,5652,-33.0186862,135.45246973,17.84348572,0.58838266,0.02941913,18.43186838,21.40339273,0.49942869,0.02497143,21.90282142,0.17759636,10.24412,1,50.0,,,,1752,8760,Annual residential load is unavailable.
5653,5653,-32.93633802,135.27668529,17.88120061,0.62956743,0.03147837,18.51076804,21.61928401,0.57096879,0.02854844,22.19025279,0.18244417,26.05383,2,50.0,,,,1752,8760,Annual residential load is unavailable.
5654,5654,-33.00379397,134.9596449,17.87429651,0.6855599,0.034278,18.55985642,21.28582613,0.65471163,0.03273558,21.94053776,0.18632249,18.82866,2,50.0,,,,1752,8760,Annual residential load is unavailable.
5655,5655,-32.49438786,135.27167302,18.11308058,0.66527719,0.03326386,18.77835776,22.2164843,0.54091425,0.02704571,22.75739855,0.19043719,46.77767,1,50.0,,,,1752,8760,Annual residential load is unavailable.
5660,5660,-32.59864035,134.60645964,18.10354991,0.7425921,0.03712961,18.84614201,22.49612013,0.61558413,0.03077921,23.11170426,0.1956384,24.74617,3,50.0,,,,1752,8760,Annual residential load is unavailable.
5661,5661,-32.37776696,134.66129549,18.22351141,0.73409831,0.03670492,18.95760972,22.40018756,0.52476502,0.02623825,22.92495258,0.1875949,12.48704,1,50.0,,,,1752,8760,Annual residential load is unavailable.
5670,5670,-33.51264484,135.20601526,17.5058266,0.67968055,0.03398403,18.18550715,20.80726869,0.5874987,0.02937493,21.39476738,0.22624794,67.51384,0,50.0,11.94444444,9.72222222,16,1752,8760,
5671,5671,-33.05975026,134.57126596,17.85822094,0.76502579,0.03825129,18.62324674,20.85129327,0.71728424,0.03586421,21.56857751,0.19071271,12.11683,2,50.0,,,,1752,8760,Annual residential load is unavailable.
5680,5680,-32.83008817,134.57221617,18.09867776,0.7636711,0.03818355,18.86234885,22.0896413,0.59126432,0.02956322,22.68090562,0.21900409,20.19615,3,50.0,13.05555556,8.05555556,59,1752,8760,
5690,5690,-29.99824814,131.52856676,19.14258101,0.54670776,0.02733539,19.68928877,24.74521844,0.5361284,0.02680642,25.28134685,0.26140627,14.70234,3,50.0,13.33333333,5.55555556,31,1752,8760,
5700,5700,-32.5911012,137.69829206,18.77412222,0.79559937,0.03977997,19.56972159,23.59101087,0.40916214,0.02045811,24.00017301,0.1872473,54.93725,0,50.0,10.0,12.5,52,1752,8760,
5701,5701,-32.54128227,137.96437857,18.66141742,0.7334973,0.03667486,19.39491472,23.01861268,0.41248839,0.02062442,23.43110106,0.17888139,48.46161,1,50.0,,,,1752,8760,Annual residential load is unavailable.
5710,5710,-32.50860204,137.86359393,18.79654145,0.78936511,0.03946826,19.58590657,24.20274027,0.42379547,0.02118977,24.62653574,0.18635125,58.08236,0,50.0,9.16666667,11.38888889,14,1752,8760,
5713,5713,-31.89756815,137.71398696,19.73666881,1.03837933,0.05191897,20.77504814,24.86543843,0.64688654,0.03234433,25.51232497,0.18520635,69.98427,0,50.0,,,,1752,8760,Annual residential load is unavailable.
5715,5715,-32.32203379,137.07580455,18.91161401,0.88804636,0.04440232,19.79966037,23.56302,0.44771759,0.02238588,24.01073759,0.19601568,44.39724,1,50.0,,,,1752,8760,Annual residential load is unavailable.
5717,5717,-31.94303109,135.69785359,18.81152912,0.7130304,0.03565152,19.52455952,23.49657667,0.50842871,0.02542144,24.00500538,0.21094481,94.72222,0,50.0,,,,1752,8760,Annual residential load is unavailable.
5719,5719,-30.67894045,134.86636203,19.89449262,0.71288163,0.03564408,20.60737425,24.56081431,0.49759228,0.02487961,25.05840659,0.19452185,35.55884,1,50.0,,,,1752,8760,Annual residential load is unavailable.
5720,5720,-30.04492288,136.61764114,20.88619921,0.93011717,0.04650586,21.81631638,24.55860766,0.74223745,0.03711187,25.30084511,0.18564351,44.54431,1,50.0,,,,1752,8760,Annual residential load is unavailable.
5722,5722,-30.45359737,137.16498073,21.07770538,1.03626776,0.05181339,22.11397314,24.12935422,0.76713329,0.03835666,24.89648752,,85.35011,0,50.0,,,,1752,8760,Annual residential load is unavailable. No postcode zonal mean is available from the ΔT20 EBK prediction-standard-error raster.
5723,5723,-28.95673114,135.2315897,21.48124971,0.72615188,0.03630759,22.20740158,25.48451536,0.68193892,0.03409695,26.16645428,0.19872582,51.40413,0,50.0,,,,1752,8760,Annual residential load is unavailable.
5724,5724,-26.88834628,134.31547675,22.01209796,0.61101127,0.03055056,22.62310922,26.76409686,0.53707248,0.02685362,27.30116934,0.22665927,110.0623,0,50.0,,,,1752,8760,Annual residential load is unavailable.
5725,5725,-30.48253795,136.87813479,20.49050513,0.91679051,0.04583953,21.40729564,24.92592214,0.69975618,0.03498781,25.62567831,0.18978608,61.68319,0,50.0,,,,1752,8760,Annual residential load is unavailable.
5730,5730,-30.95333423,138.57432193,19.52371302,1.02149841,0.05107492,20.54521143,23.77761234,0.7625406,0.03812703,24.54015294,0.18450791,46.53554,1,50.0,,,,1752,8760,Annual residential load is unavailable.
5731,5731,-27.80187571,140.32178899,22.51971167,0.89100225,0.04455011,23.41071392,26.04877022,0.81914982,0.04095749,26.86792003,0.10466732,12.88006,560,50.0,,,,1752,8760,Annual residential load is unavailable.
5732,5732,-30.42979067,139.48779459,19.53240875,0.95912249,0.04795612,20.49153124,24.41124293,0.74194297,0.03709715,25.1531859,0.20354232,18.00174,1,50.0,,,,1752,8760,Annual residential load is unavailable.
5733,5733,-28.32982302,138.46259011,22.83516634,0.93836447,0.04691822,23.77353081,26.06716873,0.86243546,0.04312177,26.92960419,0.15816341,25.66081,1,50.0,,,,1752,8760,Annual residential load is unavailable.
5734,5734,-26.91345034,136.93955866,23.25417314,0.77733772,0.03886689,24.03151086,26.8035722,0.74395695,0.03719785,27.54752915,0.1581601,47.35273,2,50.0,,,,1752,8760,Annual residential load is unavailable.
5950,5950,-34.9461289,138.53080213,17.36875844,0.58531736,0.02926587,17.9540758,19.63328828,0.60580615,0.03029031,20.23909443,,7.3564,2,50.0,,,,1752,8760,Annual residential load is unavailable. No postcode zonal mean is available from the ΔT20 EBK prediction-standard-error raster.
6000,6000,-31.95309686,115.85293459,19.1707468,0.68341844,0.03417092,19.85416524,21.22801726,0.45480663,0.02274033,21.68282389,,3.11982,225,50.0,10.55555556,6.66666667,50,1752,8760,No postcode zonal mean is available from the ΔT20 EBK prediction-standard-error raster.
6003,6003,-31.94610713,115.85545565,19.17122841,,,,21.07756996,,,,,3.41888,225,50.0,11.38888889,8.05555556,16,,,Representative-hour air-temperature data are unavailable. No postcode zonal mean is available from the ΔT20 EBK prediction-standard-error raster.
6004,6004,-31.95673769,115.87685671,19.17328453,0.68997115,0.03449856,19.86325568,21.35868568,0.46602331,0.02330117,21.824709,,3.8794,225,50.0,,,,1752,8760,Annual residential load is unavailable. No postcode zonal mean is available from the ΔT20 EBK prediction-standard-error raster.
6005,6005,-31.95666747,115.8366472,19.16316872,0.7277248,0.03638624,19.89089352,20.73872312,0.50686688,0.02534334,21.24559,,1.66366,225,50.0,11.38888889,6.66666667,14,1752,8760,No postcode zonal mean is available from the ΔT20 EBK prediction-standard-error raster.
6006,6006,-31.92704001,115.85300262,19.17905108,0.66894478,0.03344724,19.84799586,21.3950367,0.40338959,0.02016948,21.79842629,,2.94871,227,50.0,11.94444444,6.66666667,106,1752,8760,No postcode zonal mean is available from the ΔT20 EBK prediction-standard-error raster.
6007,6007,-31.93495389,115.83723688,19.17641449,0.70661008,0.0353305,19.88302457,21.22459348,0.42869291,0.02143465,21.65328639,,1.56655,225,50.0,9.72222222,8.33333333,56,1752,8760,No postcode zonal mean is available from the ΔT20 EBK prediction-standard-error raster.
6008,6008,-31.95329469,115.81633494,19.16309484,0.75612979,0.03780649,19.91922463,20.94988006,0.51123303,0.02556165,21.46111309,,0.36508,225,50.0,8.61111111,7.22222222,174,1752,8760,No postcode zonal mean is available from the ΔT20 EBK prediction-standard-error raster.
6009,6009,-31.98510515,115.80569904,19.13586502,0.87836331,0.04391817,20.01422833,20.42669575,0.66516324,0.03325816,21.09185899,,1.08622,223,50.0,10.27777778,7.22222222,282,1752,8760,No postcode zonal mean is available from the ΔT20 EBK prediction-standard-error raster.
6010,6010,-31.96991733,115.77741499,19.14116961,0.84077246,0.04203862,19.98194207,20.38620394,0.64673736,0.03233687,21.0329413,0.30037433,0.4751,225,50.0,10.55555556,8.33333333,140,1752,8760,
6011,6011,-31.99538034,115.76014706,19.10516052,0.95440061,0.04772003,20.05956113,19.66565132,0.85178344,0.04258917,20.51743476,,0.87025,220,50.0,7.5,5.0,103,1752,8760,No postcode zonal mean is available from the ΔT20 EBK prediction-standard-error raster.
6012,6012,-32.01480439,115.76554573,19.06143332,0.96474739,0.04823737,20.0261807,19.64165688,0.92804356,0.04640218,20.56970044,,1.05522,217,50.0,7.5,4.72222222,61,1752,8760,No postcode zonal mean is available from the ΔT20 EBK prediction-standard-error raster.
6014,6014,-31.93908488,115.80582372,19.17329199,0.73427372,0.03671369,19.9075657,21.00858145,0.45141079,0.02257054,21.45999224,,1.81276,226,50.0,10.83333333,7.22222222,145,1752,8760,No postcode zonal mean is available from the ΔT20 EBK prediction-standard-error raster.
6015,6015,-31.93559388,115.76561586,19.1727519,0.78189683,0.03909484,19.95464873,20.05471535,0.56276301,0.02813815,20.61747836,,2.14609,225,50.0,8.05555556,5.55555556,55,1752,8760,No postcode zonal mean is available from the ΔT20 EBK prediction-standard-error raster.
6016,6016,-31.91998051,115.8315195,19.18448702,0.68559221,0.03427961,19.87007924,21.54954974,0.38736686,0.01936834,21.9369166,,1.40003,228,50.0,9.72222222,8.33333333,147,1752,8760,No postcode zonal mean is available from the ΔT20 EBK prediction-standard-error raster.
6017,6017,-31.91081838,115.81256051,19.19322205,0.666701,0.03333505,19.85992304,21.38467598,0.37323863,0.01866193,21.75791461,,0.78684,231,50.0,12.77777778,5.27777778,57,1752,8760,No postcode zonal mean is available from the ΔT20 EBK prediction-standard-error raster.
6018,6018,-31.88706014,115.78655133,19.21120298,0.67006587,0.03350329,19.88126884,21.07098403,0.42126604,0.0210633,21.49225008,,2.13188,236,50.0,11.11111111,6.94444444,429,1752,8760,No postcode zonal mean is available from the ΔT20 EBK prediction-standard-error raster.
6019,6019,-31.89618557,115.76251403,19.20617218,0.72124513,0.03606226,19.92741731,20.65926247,0.46941809,0.0234709,21.12868056,0.34107774,4.02259,232,50.0,6.66666667,4.44444444,200,1752,8760,
6020,6020,-31.85136183,115.77160086,19.21896851,0.77955755,0.03897788,19.99852606,20.93965205,0.41813705,0.02090685,21.3577891,,2.3549,249,50.0,6.94444444,4.72222222,226,1752,8760,No postcode zonal mean is available from the ΔT20 EBK prediction-standard-error raster.
6021,6021,-31.87713874,115.81598617,19.207009,0.63443421,0.03172171,19.84144321,21.9543705,0.37197807,0.0185989,22.32634857,,2.06055,238,50.0,11.66666667,5.55555556,305,1752,8760,No postcode zonal mean is available from the ΔT20 EBK prediction-standard-error raster.
6022,6022,-31.85106664,115.81250432,19.20880413,0.68621653,0.03431083,19.89502066,21.87645149,0.3953255,0.01976627,22.27177699,,3.05353,247,50.0,11.38888889,6.11111111,43,1752,8760,No postcode zonal mean is available from the ΔT20 EBK prediction-standard-error raster.
6023,6023,-31.8329536,115.77625938,19.21700821,0.79312718,0.03965636,20.01013539,21.62251218,0.40442013,0.02022101,22.02693231,,1.00236,252,50.0,7.5,3.88888889,105,1752,8760,No postcode zonal mean is available from the ΔT20 EBK prediction-standard-error raster.
6024,6024,-31.83178394,115.8046845,19.21178913,0.7623359,0.03811679,19.97412503,21.96888924,0.41392732,0.02069637,22.38281656,,1.72508,252,50.0,12.22222222,6.38888889,141,1752,8760,No postcode zonal mean is available from the ΔT20 EBK prediction-standard-error raster.
6025,6025,-31.80052882,115.75719934,19.21473092,0.89485614,0.04474281,20.10958706,21.20451291,0.37141095,0.01857055,21.57592386,0.24672699,0.95888,260,50.0,7.77777778,3.88888889,344,1752,8760,
6026,6026,-31.79996532,115.79843119,19.21078323,0.83535012,0.04176751,20.04613335,21.43486638,0.41294255,0.02064713,21.84780893,,1.63342,256,50.0,12.5,6.66666667,107,1752,8760,No postcode zonal mean is available from the ΔT20 EBK prediction-standard-error raster.
6027,6027,-31.75521675,115.76091505,19.18399727,0.88201655,0.04410083,20.06601383,20.95897797,0.43158116,0.02157906,21.39055914,0.2392868,0.29942,263,50.0,11.11111111,6.94444444,273,1752,8760,
6028,6028,-31.72672782,115.73329316,19.15888901,0.82931649,0.04146582,19.9882055,20.40361977,0.49633954,0.02481698,20.8999593,,2.33168,256,50.0,6.66666667,3.88888889,212,1752,8760,No postcode zonal mean is available from the ΔT20 EBK prediction-standard-error raster.
6029,6029,-31.87619934,115.75817966,19.22391987,0.74363844,0.03718192,19.9675583,19.77913857,0.46802148,0.02340107,20.24716005,,5.06934,239,50.0,7.77777778,5.55555556,33,1752,8760,No postcode zonal mean is available from the ΔT20 EBK prediction-standard-error raster.
6030,6030,-31.68276925,115.71604541,19.11459198,0.76812742,0.03840637,19.8827194,20.30335163,0.40611616,0.02030581,20.7094678,,0.33033,244,50.0,6.94444444,3.61111111,563,1752,8760,No postcode zonal mean is available from the ΔT20 EBK prediction-standard-error raster.
6031,6031,-31.68827662,115.77554612,19.12319674,0.73867467,0.03693373,19.86187141,20.29676916,0.28025607,0.0140128,20.57702523,,3.50464,249,50.0,11.38888889,5.55555556,321,1752,8760,No postcode zonal mean is available from the ΔT20 EBK prediction-standard-error raster.
6032,6032,-31.63862716,115.75679735,19.03908735,0.72717763,0.03635888,19.76626498,20.1486171,0.28186096,0.01409305,20.43047807,0.21115488,1.00442,242,50.0,,,,1752,8760,Annual residential load is unavailable.
6033,6033,-31.59637734,115.72211268,18.99215465,0.76045691,0.03802285,19.75261156,19.76457787,0.46713301,0.02335665,20.23171088,,0.80273,232,50.0,,,,1752,8760,Annual residential load is unavailable. No postcode zonal mean is available from the ΔT20 EBK prediction-standard-error raster.
6034,6034,-31.58441746,115.66862882,19.00650342,0.70688887,0.03534444,19.71339229,19.76488686,0.62510654,0.03125533,20.3899934,,1.38548,232,50.0,6.94444444,3.33333333,1169,1752,8760,No postcode zonal mean is available from the ΔT20 EBK prediction-standard-error raster.
6035,6035,-31.52545439,115.7380183,18.85905923,0.62174274,0.03108714,19.48080197,19.83124903,0.44662874,0.02233144,20.27787776,0.22343866,4.33777,203,50.0,6.94444444,3.61111111,799,1752,8760,
6036,6036,-31.64252652,115.69650383,19.02420616,0.74767649,0.03738382,19.77188265,20.29116014,0.51837008,0.0259185,20.80953022,,0.60907,238,50.0,6.94444444,3.61111111,333,1752,8760,No postcode zonal mean is available from the ΔT20 EBK prediction-standard-error raster.
6037,6037,-31.48541776,115.61714097,18.90766446,0.67619008,0.0338095,19.58385454,20.16926918,0.58298572,0.02914929,20.7522549,0.25158837,3.34183,175,50.0,11.11111111,5.27777778,654,1752,8760,
6038,6038,-31.61436963,115.68632238,19.01549085,0.73463332,0.03673167,19.75012417,20.23144098,0.59528226,0.02976411,20.82672324,,1.03574,236,50.0,6.94444444,3.61111111,1057,1752,8760,No postcode zonal mean is available from the ΔT20 EBK prediction-standard-error raster.
6041,6041,-31.36196413,115.57283826,18.93719186,0.79944796,0.0399724,19.73663982,20.61050739,0.61024419,0.03051221,21.22075158,0.2574154,1.31032,127,50.0,6.66666667,4.16666667,28,1752,8760,
6042,6042,-31.26451211,115.45573973,19.04206379,0.80489331,0.04024467,19.8469571,21.13884926,0.56477297,0.02823865,21.70362223,,14.13259,83,50.0,,,,1752,8760,Annual residential load is unavailable. No postcode zonal mean is available from the ΔT20 EBK prediction-standard-error raster.
6043,6043,-31.17903564,115.46646516,19.04654578,0.83381991,0.041691,19.88036569,20.86622155,0.54806616,0.02740331,21.41428772,0.33959121,18.17117,74,50.0,,,,1752,8760,Annual residential load is unavailable.
6044,6044,-31.01170356,115.45064931,19.17423639,0.75382247,0.03769112,19.92805885,21.13385762,0.54166298,0.02708315,21.67552061,0.33524727,17.78865,47,50.0,6.66666667,4.44444444,43,1752,8760,
6050,6050,-31.9259386,115.86959875,19.17709487,0.64846395,0.0324232,19.82555882,21.30554008,0.39185908,0.01959295,21.69739916,,4.51958,227,50.0,12.22222222,7.5,132,1752,8760,No postcode zonal mean is available from the ΔT20 EBK prediction-standard-error raster.
6051,6051,-31.93695026,115.90009712,19.17782173,0.62943549,0.03147177,19.80725723,21.55992208,0.39838417,0.01991921,21.95830625,,4.46688,225,50.0,12.22222222,6.66666667,94,1752,8760,No postcode zonal mean is available from the ΔT20 EBK prediction-standard-error raster.
6052,6052,-31.91353257,115.88489554,19.16805903,0.63115996,0.031558,19.79921899,21.68425941,0.37177229,0.01858861,22.0560317,,3.89573,228,50.0,12.5,5.83333333,105,1752,8760,No postcode zonal mean is available from the ΔT20 EBK prediction-standard-error raster.
6053,6053,-31.91739243,115.91780263,19.14953783,0.63208348,0.03160417,19.7816213,21.86385536,0.37529989,0.01876499,22.23915525,,1.78003,228,50.0,11.38888889,6.94444444,188,1752,8760,No postcode zonal mean is available from the ΔT20 EBK prediction-standard-error raster.
6054,6054,-31.89903946,115.94512299,19.10068283,0.70249537,0.03512477,19.8031782,21.40955633,0.40062091,0.02003105,21.81017725,,2.02832,231,50.0,10.83333333,5.83333333,251,1752,8760,No postcode zonal mean is available from the ΔT20 EBK prediction-standard-error raster.
6055,6055,-31.86380027,115.98677764,18.98094824,0.79875706,0.03993785,19.7797053,21.0813333,0.48529677,0.02426484,21.56663007,0.19856265,0.3473,233,50.0,11.94444444,5.27777778,2666,1752,8760,
6056,6056,-31.85547604,116.04139303,18.69053978,0.82039635,0.04101982,19.51093613,21.22510774,0.55181749,0.02759087,21.77692523,0.23188598,1.10499,222,50.0,11.38888889,5.55555556,929,1752,8760,
6057,6057,-31.94989433,116.01058338,18.8651831,0.76693121,0.03834656,19.63211431,21.31927136,0.45796135,0.02289807,21.77723271,,4.53338,216,50.0,10.27777778,4.72222222,201,1752,8760,No postcode zonal mean is available from the ΔT20 EBK prediction-standard-error raster.
6058,6058,-31.9835201,116.00714146,18.91082942,0.78348324,0.03917416,19.69431267,21.21263931,0.4223087,0.02111544,21.63494801,0.24261226,2.11336,211,50.0,11.38888889,5.83333333,258,1752,8760,
6059,6059,-31.88820928,115.87190312,19.18044815,0.61703875,0.03085194,19.7974869,21.8994563,0.33103901,0.01655195,22.23049531,,2.75676,235,50.0,12.22222222,6.11111111,300,1752,8760,No postcode zonal mean is available from the ΔT20 EBK prediction-standard-error raster.
6060,6060,-31.90190796,115.84582641,19.18950353,0.6473248,0.03236624,19.83682833,22.12234629,0.36027138,0.01801357,22.48261767,,3.71003,235,50.0,12.5,5.55555556,319,1752,8760,No postcode zonal mean is available from the ΔT20 EBK prediction-standard-error raster.
6061,6061,-31.86394516,115.84901899,19.1964948,0.64608333,0.03230417,19.84257813,21.95537504,0.34672776,0.01733639,22.30210279,0.29181173,3.66241,243,50.0,12.5,5.0,721,1752,8760,
6062,6062,-31.88505279,115.90695132,19.13790677,0.63571021,0.03178551,19.77361699,21.81443342,0.32515216,0.01625761,22.13958558,0.22041593,2.49476,232,50.0,12.22222222,5.55555556,464,1752,8760,
6063,6063,-31.8656138,115.942015,19.09595509,0.77054133,0.03852707,19.86649641,21.35630531,0.36130348,0.01806517,21.7176088,,1.40569,238,50.0,12.5,5.27777778,355,1752,8760,No postcode zonal mean is available from the ΔT20 EBK prediction-standard-error raster.
6064,6064,-31.83426787,115.85034272,19.20092785,0.71073091,0.03553655,19.91165876,21.77113533,0.36368423,0.01818421,22.13481956,,4.45876,248,50.0,11.94444444,5.27777778,309,1752,8760,No postcode zonal mean is available from the ΔT20 EBK prediction-standard-error raster.
6065,6065,-31.77248504,115.82447594,19.19352516,0.81265651,0.04063283,20.00618167,21.13453426,0.37459934,0.01872997,21.5091336,0.25089797,0.7642,262,50.0,11.94444444,5.27777778,1118,1752,8760,
6066,6066,-31.84000166,115.89585348,19.1623527,0.68016708,0.03400835,19.84251978,21.86974525,0.31664682,0.01583234,22.18639208,,2.28392,244,50.0,11.94444444,5.83333333,79,1752,8760,No postcode zonal mean is available from the ΔT20 EBK prediction-standard-error raster.
6067,6067,-31.81401367,115.89985579,19.16841832,0.70373115,0.03518656,19.87214948,21.54986458,0.31508758,0.01575438,21.86495216,,0.84746,249,50.0,,,,1752,8760,Annual residential load is unavailable. No postcode zonal mean is available from the ΔT20 EBK prediction-standard-error raster.
6068,6068,-31.82528665,115.9409015,19.11603104,0.76703417,0.03835171,19.8830652,21.19048912,0.3584977,0.01792489,21.54898683,0.2054818,0.49063,244,50.0,,,,1752,8760,Annual residential load is unavailable.
6069,6069,-31.76925869,116.02829823,18.94553582,0.75523471,0.03776174,19.70077053,21.05559462,0.51464231,0.02573212,21.57023693,,3.12697,228,50.0,11.66666667,5.55555556,1200,1752,8760,No postcode zonal mean is available from the ΔT20 EBK prediction-standard-error raster.
6070,6070,-31.92467949,116.08069075,18.25474652,0.79438669,0.03971933,19.04913321,19.60316549,0.46647781,0.02332389,20.0696433,,7.71497,207,50.0,23.05555556,7.22222222,17,1752,8760,No postcode zonal mean is available from the ΔT20 EBK prediction-standard-error raster.
6071,6071,-31.88792714,116.10040625,18.25916414,0.80453307,0.04022665,19.06369721,19.52825356,0.45861012,0.02293051,19.98686367,0.24475801,3.83305,209,50.0,24.44444444,11.94444444,11,1752,8760,
6072,6072,-31.92009934,116.12956723,17.93460035,0.80593343,0.04029667,18.74053378,18.91730385,0.41033974,0.02051699,19.32764358,,5.03626,202,50.0,,,,1752,8760,Annual residential load is unavailable. No postcode zonal mean is available from the ΔT20 EBK prediction-standard-error raster.
6073,6073,-31.92330568,116.16343926,17.71112309,0.83869175,0.04193459,18.54981484,18.56628539,0.38951059,0.01947553,18.95579598,0.23713762,2.80097,193,50.0,21.94444444,8.61111111,12,1752,8760,
6074,6074,-31.96075827,116.2521706,17.42942757,0.8783463,0.04391731,18.30777387,18.52397756,0.48540024,0.02427001,19.0093778,0.30110611,9.25419,162,50.0,,,,1752,8760,Annual residential load is unavailable.
6076,6076,-32.01330474,116.1476876,17.6402451,0.8511798,0.04255899,18.4914249,18.75476164,0.48460644,0.02423032,19.23936808,0.30149339,12.64685,176,50.0,19.44444444,4.16666667,191,1752,8760,
6077,6077,-31.75510667,115.86055786,19.19134076,0.78299006,0.0391495,19.97433082,20.74390945,0.31724158,0.01586208,21.06115103,0.21201886,1.22364,261,50.0,13.88888889,3.05555556,131,1752,8760,
6078,6078,-31.63385806,115.83259964,19.03047021,0.65289343,0.03264467,19.68336364,20.16453864,0.25480774,0.01274039,20.41934638,0.23127671,4.64188,233,50.0,,,,1752,8760,Annual residential load is unavailable.
6079,6079,-31.73090651,115.91998572,19.16934507,0.72115855,0.03605793,19.89050363,20.77321493,0.29667964,0.01483398,21.06989457,0.21557887,2.32139,245,50.0,,,,1752,8760,Annual residential load is unavailable.
6081,6081,-31.86279837,116.14922616,18.11256646,0.82148438,0.04107422,18.93405084,19.51246775,0.40688072,0.02034404,19.91934848,,1.7448,205,50.0,16.38888889,5.55555556,30,1752,8760,No postcode zonal mean is available from the ΔT20 EBK prediction-standard-error raster.
6082,6082,-31.73906347,116.31011969,18.13226538,0.82804558,0.04140228,18.96031096,20.01707796,0.42255618,0.02112781,20.43963414,0.3104502,17.02928,88,50.0,18.33333333,5.0,44,1752,8760,
6083,6083,-31.75724736,116.16321062,18.4785834,0.77726397,0.0388632,19.25584737,20.29272034,0.49322864,0.02466143,20.78594898,0.29880021,13.29289,187,50.0,18.61111111,5.27777778,54,1752,8760,
6084,6084,-31.59233579,116.06842778,18.92641057,0.63640262,0.03182013,19.56281319,20.8705535,0.53805107,0.02690255,21.40860457,0.26308485,6.85982,199,50.0,11.94444444,5.55555556,456,1752,8760,
6090,6090,-31.85859293,115.89422711,19.15835118,0.6457384,0.03228692,19.80408959,21.22142428,0.30605122,0.01530256,21.5274755,,1.14868,240,50.0,,,,1752,8760,Annual residential load is unavailable. No postcode zonal mean is available from the ΔT20 EBK prediction-standard-error raster.
6100,6100,-31.96864755,115.89704947,19.19168336,0.68991686,0.03449584,19.88160022,21.43391355,0.44296813,0.02214841,21.87688168,,2.41461,222,50.0,10.55555556,6.38888889,122,1752,8760,No postcode zonal mean is available from the ΔT20 EBK prediction-standard-error raster.
6101,6101,-31.9854028,115.90948696,19.2189455,0.70542213,0.03527111,19.92436763,21.63501167,0.45245191,0.0226226,22.08746358,,1.84996,217,50.0,11.66666667,5.55555556,165,1752,8760,No postcode zonal mean is available from the ΔT20 EBK prediction-standard-error raster.
6102,6102,-32.00293916,115.90970021,19.1908147,0.71125477,0.03556274,19.90206947,21.67465655,0.51217641,0.02560882,22.18683296,,2.33603,217,50.0,11.94444444,5.27777778,122,1752,8760,No postcode zonal mean is available from the ΔT20 EBK prediction-standard-error raster.
6103,6103,-31.96052492,115.91588037,19.20507717,0.67208064,0.03360403,19.87715781,21.73403969,0.43283587,0.02164179,22.16687556,0.29542577,4.02573,221,50.0,10.83333333,7.77777778,115,1752,8760,
6104,6104,-31.94162737,115.93437821,19.18480339,0.67838876,0.03391944,19.86319215,21.7494297,0.42397695,0.02119885,22.17340665,,4.48559,221,50.0,10.83333333,6.66666667,153,1752,8760,No postcode zonal mean is available from the ΔT20 EBK prediction-standard-error raster.
6105,6105,-31.95546898,115.96336285,19.1979976,0.7306001,0.03653001,19.9285977,21.88422515,0.44897245,0.02244862,22.3331976,,3.78236,219,50.0,11.94444444,5.83333333,328,1752,8760,No postcode zonal mean is available from the ΔT20 EBK prediction-standard-error raster.
6106,6106,-31.99091441,115.9466737,19.27941259,0.74190491,0.03709525,20.02131749,21.61486522,0.45116911,0.02255846,22.06603432,,3.66159,216,50.0,,,,1752,8760,Annual residential load is unavailable. No postcode zonal mean is available from the ΔT20 EBK prediction-standard-error raster.
6107,6107,-32.02097306,115.96292651,19.13344071,0.77980969,0.03899048,19.9132504,21.53186871,0.49698147,0.02484907,22.02885018,,2.00282,209,50.0,12.22222222,5.27777778,704,1752,8760,No postcode zonal mean is available from the ΔT20 EBK prediction-standard-error raster.
6108,6108,-32.06004482,115.9550081,19.15501803,0.84412218,0.04220611,19.9991402,21.66126442,0.615136,0.0307568,22.27640042,,3.37243,204,50.0,11.66666667,6.38888889,91,1752,8760,No postcode zonal mean is available from the ΔT20 EBK prediction-standard-error raster.
6109,6109,-32.03516686,116.01350973,18.76239324,0.86107867,0.04305393,19.62347191,20.87655696,0.52548686,0.02627434,21.40204382,0.31278434,3.31331,204,50.0,12.5,5.27777778,297,1752,8760,
6110,6110,-32.09640566,115.97056374,18.73125038,0.91332665,0.04566633,19.64457703,20.63906998,0.56145845,0.02807292,21.20052843,,1.03168,209,50.0,11.94444444,5.55555556,969,1752,8760,No postcode zonal mean is available from the ΔT20 EBK prediction-standard-error raster.
6111,6111,-32.16065798,116.17344627,17.4215571,0.82350064,0.04117503,18.24505774,18.00984955,0.5272616,0.02636308,18.53711115,0.39780807,16.9917,154,50.0,11.11111111,6.11111111,309,1752,8760,
6112,6112,-32.1635554,116.00337153,18.31460248,0.90992669,0.04549633,19.22452917,20.08896419,0.46277223,0.02313861,20.55173642,0.35014778,1.9027,186,50.0,11.94444444,5.27777778,2619,1752,8760,
6121,6121,-32.23613927,115.92456133,18.35461267,0.92922042,0.04646102,19.28383309,20.43750014,0.45991081,0.02299554,20.89741095,0.34920368,4.8468,163,50.0,10.55555556,6.38888889,73,1752,8760,
6122,6122,-32.25768342,116.07270092,17.83574022,0.81188852,0.04059443,18.64762874,19.18054172,0.53039629,0.02651981,19.71093801,0.38224705,9.18747,141,50.0,12.22222222,5.27777778,1220,1752,8760,
6123,6123,-32.28812259,115.99328617,17.93719684,0.82432731,0.04121637,18.76152415,20.84574318,0.54182022,0.02709101,21.3875634,0.37691244,5.51836,130,50.0,11.94444444,5.0,241,1752,8760,
6124,6124,-32.35072987,116.12701088,17.03726226,0.67828035,0.03391402,17.7155426,17.7470352,0.48281332,0.02414067,18.22984851,0.48986961,12.97541,92,50.0,18.33333333,5.83333333,15,1752,8760,
6125,6125,-32.36624561,115.95829244,17.82622597,0.78132317,0.03906616,18.60754914,20.09222125,0.44289118,0.02214456,20.53511243,0.39823139,3.33255,111,50.0,11.11111111,6.11111111,99,1752,8760,
6126,6126,-32.43696831,116.03044575,17.34152754,0.70535059,0.03526753,18.04687813,19.36819826,0.45076931,0.02253847,19.81896756,0.44966343,8.23654,102,50.0,,,,1752,8760,Annual residential load is unavailable.
6147,6147,-32.04368371,115.92780133,19.09791401,0.7355071,0.03677535,19.83342111,21.8125201,0.58162254,0.02908113,22.39414264,0.31823933,4.91024,208,50.0,11.66666667,5.55555556,143,1752,8760,
6148,6148,-32.03271021,115.89939622,19.02648497,0.72234101,0.03611705,19.74882597,21.56154119,0.63059227,0.03152961,22.19213346,,4.54998,213,50.0,11.66666667,5.83333333,335,1752,8760,No postcode zonal mean is available from the ΔT20 EBK prediction-standard-error raster.
6149,6149,-32.06689526,115.85977282,18.76389249,0.79516906,0.03975845,19.55906155,21.71387978,0.64070211,0.03203511,22.35458189,,1.67179,209,50.0,11.11111111,7.22222222,109,1752,8760,No postcode zonal mean is available from the ΔT20 EBK prediction-standard-error raster.
6150,6150,-32.0606124,115.83673079,18.84984665,0.89737735,0.04486887,19.747224,21.74544951,0.76040528,0.03802026,22.50585479,0.3202602,3.51707,210,50.0,10.83333333,8.61111111,43,1752,8760,
6151,6151,-31.98104047,115.86964232,19.17223949,0.74039089,0.03701954,19.91263038,20.67201881,0.53811147,0.02690557,21.21013028,,2.18916,219,50.0,11.38888889,7.22222222,117,1752,8760,No postcode zonal mean is available from the ΔT20 EBK prediction-standard-error raster.
6152,6152,-32.00781997,115.87101481,19.07108386,0.77025939,0.03851297,19.84134325,21.19948616,0.67054448,0.03352722,21.87003064,,2.7327,216,50.0,11.11111111,6.94444444,235,1752,8760,No postcode zonal mean is available from the ΔT20 EBK prediction-standard-error raster.
6153,6153,-32.02423353,115.84162595,19.01063047,0.8821385,0.04410692,19.89276897,20.52351519,0.91041384,0.04552069,21.43392904,,1.20357,217,50.0,10.55555556,7.22222222,386,1752,8760,No postcode zonal mean is available from the ΔT20 EBK prediction-standard-error raster.
6154,6154,-32.03974868,115.82718604,18.95643997,0.90541193,0.0452706,19.8618519,21.1510156,0.91219159,0.04560958,22.06320719,,2.44069,215,50.0,11.11111111,6.66666667,166,1752,8760,No postcode zonal mean is available from the ΔT20 EBK prediction-standard-error raster.
6155,6155,-32.0739958,115.90944203,18.91714377,0.7984455,0.03992228,19.71558927,21.40287717,0.59200077,0.02960004,21.99487794,,3.10596,208,50.0,11.66666667,5.55555556,376,1752,8760,No postcode zonal mean is available from the ΔT20 EBK prediction-standard-error raster.
6156,6156,-32.03744539,115.80285579,18.96437732,0.93612624,0.04680631,19.90050356,20.8500248,0.9837341,0.04918671,21.8337589,,2.08749,216,50.0,11.38888889,6.38888889,343,1752,8760,No postcode zonal mean is available from the ΔT20 EBK prediction-standard-error raster.
6157,6157,-32.03579794,115.78590766,18.9957339,0.94523859,0.04726193,19.94097249,20.64514732,1.01241457,0.05062073,21.6575619,,0.57053,216,50.0,10.83333333,7.22222222,110,1752,8760,No postcode zonal mean is available from the ΔT20 EBK prediction-standard-error raster.
6158,6158,-32.03794023,115.76816743,19.00208054,0.94693029,0.04734651,19.94901083,20.27131589,1.02909198,0.0514546,21.30040788,,1.15956,216,50.0,6.94444444,5.0,42,1752,8760,No postcode zonal mean is available from the ΔT20 EBK prediction-standard-error raster.
6159,6159,-32.0376177,115.7466655,19.00883245,0.94845654,0.04742283,19.957289,19.93181801,0.92319636,0.04615982,20.85501437,,3.15108,216,50.0,6.94444444,3.33333333,28,1752,8760,No postcode zonal mean is available from the ΔT20 EBK prediction-standard-error raster.
6160,6160,-32.05339465,115.75849072,18.96500397,0.92839962,0.04641998,19.89340359,20.42460569,0.90772879,0.04538644,21.33233448,0.3240816,2.88208,211,50.0,6.11111111,4.72222222,95,1752,8760,
6161,6161,-32.00637242,115.51261152,,0.95085747,0.04754287,,19.24202614,0.50049906,0.02502495,19.74252519,,0.58059,174,50.0,,,,1752,8760,Annual residential load is unavailable. No postcode zonal mean is available from the ΔT20 EBK prediction-standard-error raster.
6162,6162,-32.06590256,115.77054394,18.92705574,0.9086253,0.04543127,19.83568105,20.62379494,0.82575308,0.04128765,21.44954802,,2.12388,209,50.0,5.27777778,4.72222222,180,1752,8760,No postcode zonal mean is available from the ΔT20 EBK prediction-standard-error raster.
6163,6163,-32.08777175,115.80008548,18.82217403,0.92143468,0.04607173,19.7436087,20.99371713,0.6863918,0.03431959,21.68010893,,4.25669,207,50.0,6.38888889,4.16666667,951,1752,8760,No postcode zonal mean is available from the ΔT20 EBK prediction-standard-error raster.
6164,6164,-32.13300252,115.85873259,18.6583059,0.88008113,0.04400406,19.53838703,20.65569888,0.43565916,0.02178296,21.09135804,0.2999098,0.60891,204,50.0,11.66666667,5.27777778,1458,1752,8760,
6165,6165,-32.19640627,115.80348434,18.7181192,1.19151664,0.05957583,19.90963584,20.64892684,0.620063,0.03100315,21.26898984,,2.01062,179,50.0,,,,1752,8760,Annual residential load is unavailable. No postcode zonal mean is available from the ΔT20 EBK prediction-standard-error raster.
6166,6166,-32.15942487,115.78978832,18.77992971,1.06300889,0.05315044,19.8429386,20.23814784,0.57203408,0.0286017,20.81018192,0.31498662,1.19729,179,50.0,11.38888889,5.0,195,1752,8760,
6167,6167,-32.23568292,115.82784676,18.62156514,1.0898854,0.05449427,19.71145054,20.42918322,0.50085177,0.02504259,20.930035,0.27476493,2.99786,159,50.0,10.83333333,4.44444444,1034,1752,8760,
6168,6168,-32.28126968,115.75735027,18.80815154,1.07217953,0.05360898,19.88033107,19.67016605,0.60430209,0.0302151,20.27446814,0.38410354,7.84062,134,50.0,9.72222222,5.0,192,1752,8760,
6169,6169,-32.32404605,115.75781794,18.75732584,0.98384874,0.04919244,19.74117459,20.11278725,0.55446917,0.02772346,20.66725641,,10.01775,129,50.0,9.16666667,5.83333333,141,1752,8760,No postcode zonal mean is available from the ΔT20 EBK prediction-standard-error raster.
6170,6170,-32.2711709,115.81069643,18.57372423,1.02559105,0.05127955,19.59931528,19.93114916,0.51936279,0.02596814,20.45051196,,6.33159,141,50.0,11.94444444,5.0,806,1752,8760,No postcode zonal mean is available from the ΔT20 EBK prediction-standard-error raster.
6171,6171,-32.32900904,115.8306022,18.53056974,0.91405399,0.0457027,19.44462373,20.15861337,0.48035245,0.02401762,20.63896582,0.37734041,6.94717,131,50.0,10.55555556,4.72222222,2054,1752,8760,
6172,6172,-32.37344753,115.75154493,18.76968534,0.9102728,0.04551364,19.67995815,19.50436211,0.5216032,0.02608016,20.02596531,0.38830337,5.94207,125,50.0,10.27777778,4.44444444,124,1752,8760,
6173,6173,-32.40588639,115.75860745,18.77846391,0.84717207,0.0423586,19.62563598,19.48998112,0.50345997,0.025173,19.99344109,,3.22885,110,50.0,9.72222222,4.72222222,71,1752,8760,No postcode zonal mean is available from the ΔT20 EBK prediction-standard-error raster.
6174,6174,-32.42506288,115.7609782,18.78586388,0.81224144,0.04061207,19.59810531,19.25615883,0.5056404,0.02528202,19.76179923,,1.24443,105,50.0,10.0,5.0,305,1752,8760,No postcode zonal mean is available from the ΔT20 EBK prediction-standard-error raster.
6175,6175,-32.44403007,115.75724901,18.79046949,0.79945054,0.03997253,19.58992002,19.06016731,0.56505068,0.02825253,19.62521799,0.36859626,1.68705,98,50.0,9.72222222,5.0,70,1752,8760,
6176,6176,-32.41748908,115.79450412,18.65001057,0.82951154,0.04147558,19.47952211,19.80130177,0.47731015,0.02386551,20.27861192,,1.41516,107,50.0,11.94444444,5.0,144,1752,8760,No postcode zonal mean is available from the ΔT20 EBK prediction-standard-error raster.
6180,6180,-32.48166835,115.7726101,18.76585248,0.75237263,0.03761863,19.51822511,19.75510139,0.68871716,0.03443586,20.44381856,,2.23368,85,50.0,9.72222222,4.72222222,603,1752,8760,No postcode zonal mean is available from the ΔT20 EBK prediction-standard-error raster.
6181,6181,-32.47813374,115.79420493,18.64631729,0.74373119,0.03718656,19.39004848,20.00107983,0.66658527,0.03332926,20.6676651,,1.4449,85,50.0,,,,1752,8760,Annual residential load is unavailable. No postcode zonal mean is available from the ΔT20 EBK prediction-standard-error raster.
6182,6182,-32.4298783,115.83140036,18.43917818,0.80884381,0.04044219,19.24802199,20.47702217,0.50583526,0.02529176,20.98285743,,3.84459,104,50.0,,,,1752,8760,Annual residential load is unavailable. No postcode zonal mean is available from the ΔT20 EBK prediction-standard-error raster.
6207,6207,-32.51792361,116.04798419,17.17605717,0.65358791,0.0326794,17.82964508,18.78145289,0.47190957,0.02359548,19.25336246,0.4058365,2.83736,96,50.0,10.83333333,5.83333333,115,1752,8760,
6208,6208,-32.65374072,115.86138772,17.76763119,0.65809598,0.0329048,18.42572718,20.52999498,0.7683652,0.03841826,21.29836018,0.40740651,4.01507,91,50.0,11.38888889,5.27777778,758,1752,8760,
6209,6209,-32.54477541,115.78656673,18.56806682,0.69368062,0.03468403,19.26174744,20.11670876,0.70802953,0.03540148,20.82473828,,4.24404,84,50.0,10.0,5.27777778,47,1752,8760,No postcode zonal mean is available from the ΔT20 EBK prediction-standard-error raster.
6210,6210,-32.52302154,115.74755309,18.73032088,0.73317896,0.03665895,19.46349984,19.74924454,0.79013499,0.03950675,20.53937952,0.3864398,2.35898,83,50.0,10.83333333,4.72222222,1626,1752,8760,
6211,6211,-32.71648918,115.64513107,18.16083224,0.8235847,0.04117923,18.98441694,18.36917826,1.04298912,0.05214946,19.41216738,0.39942965,3.01577,58,50.0,10.83333333,5.0,475,1752,8760,
6213,6213,-32.6777335,116.11382968,16.61986923,0.60961952,0.03048098,17.22948875,17.16281446,0.67684319,0.03384216,17.83965765,0.43087979,8.32609,82,50.0,10.55555556,2.5,25,1752,8760,
6214,6214,-32.75617662,115.81532598,17.74277498,0.7367303,0.03683652,18.47950528,20.26332356,0.98458768,0.04922938,21.24791124,0.4271161,5.43406,84,50.0,,,,1752,8760,Annual residential load is unavailable.
6215,6215,-32.8579859,115.92019578,17.14408683,0.7618345,0.03809172,17.90592133,18.67708124,0.88458604,0.0442293,19.56166727,0.47919748,7.37801,91,50.0,16.66666667,5.0,71,1752,8760,
6218,6218,-32.95804219,115.86633086,17.22898389,0.70644004,0.035322,17.93542393,19.87398348,0.8871842,0.04435921,20.76116768,,8.59437,77,50.0,15.83333333,5.55555556,32,1752,8760,No postcode zonal mean is available from the ΔT20 EBK prediction-standard-error raster.
6219,6219,-33.00106413,115.86200784,17.22993,0.72981926,0.03649096,17.95974927,19.60184026,0.86534772,0.04326739,20.46718798,0.52157585,7.31255,85,50.0,,,,1752,8760,Annual residential load is unavailable.
6220,6220,-33.07478258,115.93376248,16.90768587,0.76446926,0.03822346,17.67215513,17.80121781,0.75004058,0.03750203,18.55125838,0.50413456,12.81727,82,50.0,15.83333333,5.55555556,98,1752,8760,
6221,6221,-33.15796168,115.99002511,16.75492291,0.64055739,0.03202787,17.39548029,17.61434309,0.66262077,0.03313104,18.27696386,0.54797633,17.04768,154,50.0,,,,1752,8760,Annual residential load is unavailable.
6223,6223,-33.1806514,115.84690335,17.15764043,0.74883801,0.0374419,17.90647844,19.50326367,0.74278766,0.03713938,20.24605132,0.54407132,13.03716,65,50.0,,,,1752,8760,Annual residential load is unavailable.
6224,6224,-33.24589,115.84730842,17.0930598,0.71586573,0.03579329,17.80892553,19.03769327,0.70499656,0.03524983,19.74268983,0.54757479,15.22336,79,50.0,18.05555556,4.16666667,30,1752,8760,
6225,6225,-33.38788143,116.27933413,16.13394807,0.84597637,0.04229882,16.97992444,17.35925386,0.78285056,0.03914253,18.14210442,0.53641437,4.25556,91,50.0,18.88888889,4.72222222,96,1752,8760,
6226,6226,-33.29431315,115.86627219,17.09464017,0.76320769,0.03816038,17.85784785,18.94575091,0.66827778,0.03341389,19.61402868,,13.41901,79,50.0,15.83333333,5.55555556,32,1752,8760,No postcode zonal mean is available from the ΔT20 EBK prediction-standard-error raster.
6227,6227,-33.33148248,115.83533227,17.19310038,0.83916882,0.04195844,18.03226919,19.33881908,0.66545567,0.03327278,20.00427475,0.51939255,8.55517,80,50.0,20.0,3.61111111,23,1752,8760,
6228,6228,-33.32803037,115.76251089,17.30614281,0.88397131,0.04419857,18.19011412,19.2806693,0.73564027,0.03678201,20.01630957,0.36965463,9.66894,72,50.0,,,,1752,8760,Annual residential load is unavailable.
6229,6229,-33.34715123,115.71255127,17.32699871,0.90205533,0.04510277,18.22905404,19.66554862,0.78531661,0.03926583,20.45086523,,7.16906,74,50.0,,,,1752,8760,Annual residential load is unavailable. No postcode zonal mean is available from the ΔT20 EBK prediction-standard-error raster.
6230,6230,-33.37982207,115.64885821,17.32856908,0.91839584,0.04591979,18.24696492,18.83217012,0.82177389,0.04108869,19.65394402,0.31944761,2.90576,77,50.0,9.16666667,5.0,827,1752,8760,
6232,6232,-33.30547966,115.73040607,17.3066438,0.88951469,0.04447573,18.1961585,19.16204027,0.78174944,0.03908747,19.94378971,,10.40624,74,50.0,9.16666667,4.72222222,253,1752,8760,No postcode zonal mean is available from the ΔT20 EBK prediction-standard-error raster.
6233,6233,-33.20608629,115.72932967,17.33428288,0.875206,0.0437603,18.20948888,18.71467881,0.84859843,0.04242992,19.56327724,0.48294385,3.98728,71,50.0,10.0,5.0,377,1752,8760,
6236,6236,-33.43376376,115.86656818,17.16155351,0.85660252,0.04283013,18.01815603,17.93057954,0.65788782,0.03289439,18.58846736,0.44886076,6.12729,72,50.0,8.33333333,5.55555556,86,1752,8760,
6237,6237,-33.50523211,115.67383336,17.27176769,0.94973603,0.0474868,18.22150372,19.0004037,0.77647476,0.03882374,19.77687846,0.20336086,1.89835,70,50.0,8.88888889,6.66666667,56,1752,8760,
6239,6239,-33.59453202,115.89214192,16.95890357,0.88619718,0.04430986,17.84510075,17.90453115,0.76104872,0.03805244,18.66557987,0.40333599,12.01763,66,50.0,23.61111111,4.44444444,93,1752,8760,
6240,6240,-33.53423467,115.96492056,16.90176813,0.87304713,0.04365236,17.77481526,17.83861216,0.71220761,0.03561038,18.55081977,,11.9164,72,50.0,,,,1752,8760,Annual residential load is unavailable. No postcode zonal mean is available from the ΔT20 EBK prediction-standard-error raster.
6243,6243,-33.71189154,116.17828141,16.00327151,0.86593311,0.04329666,16.86920462,16.6528543,0.8357818,0.04178909,17.4886361,0.56514984,35.15075,33,50.0,,,,1752,8760,Annual residential load is unavailable.
6244,6244,-33.92282086,116.58686765,15.60514016,0.85750347,0.04287517,16.46264363,18.08751037,0.90844592,0.0454223,18.99595629,0.6008244,34.29993,17,50.0,18.61111111,6.11111111,26,1752,8760,
6251,6251,-33.68718262,115.88511964,16.61386365,0.87506318,0.04375316,17.48892682,17.28421398,0.81489046,0.04074452,18.09910444,0.20815116,10.38243,53,50.0,19.16666667,2.22222222,14,1752,8760,
6252,6252,-33.75243738,115.93987245,16.43084876,0.8501638,0.04250819,17.28101256,16.76029336,0.79377147,0.03968857,17.55406483,0.384279,18.46982,47,50.0,,,,1752,8760,Annual residential load is unavailable.
6253,6253,-33.8303449,115.93153336,16.2049291,0.83752848,0.04187642,17.04245758,16.64738455,0.79334821,0.03966741,17.44073276,0.33509224,24.08292,55,50.0,18.88888889,2.77777778,13,1752,8760,
6254,6254,-33.84688391,116.04460608,15.99103608,0.83648343,0.04182417,16.8275195,16.87003906,0.76724655,0.03836233,17.63728561,0.49781106,31.47651,50,50.0,20.55555556,2.22222222,11,1752,8760,
6255,6255,-33.86961326,116.23316764,15.68997354,0.79219574,0.03960979,16.48216928,17.38153623,0.81032013,0.04051601,18.19185636,0.59607312,31.57987,20,50.0,19.44444444,2.5,117,1752,8760,
6256,6256,-34.06570893,116.20105398,15.62575544,0.67007405,0.0335037,16.2958295,16.29992966,0.74441582,0.03722079,17.04434548,0.46250587,14.12603,28,50.0,,,,1752,8760,Annual residential load is unavailable.
6258,6258,-34.34224355,116.34902143,15.52398576,0.67627055,0.03381353,16.20025631,15.80365286,0.77453469,0.03872673,16.57818755,0.44888066,15.8987,30,50.0,19.16666667,2.77777778,114,1752,8760,
6260,6260,-34.4996888,115.87486915,16.37955395,0.54664737,0.02733237,16.92620132,15.51518094,0.73764452,0.03688223,16.25282546,0.23074806,15.00567,31,50.0,19.44444444,1.66666667,23,1752,8760,
6262,6262,-34.62575019,116.21741499,15.68371653,0.63267767,0.03163388,16.31639421,15.30047943,0.78154744,0.03907737,16.08202687,0.44090477,17.2968,6,50.0,,,,1752,8760,Annual residential load is unavailable.
6271,6271,-33.54659187,115.5219206,17.01392806,1.03365803,0.0516829,18.04758609,18.62166484,0.75282419,0.03764121,19.37448904,0.16105879,2.93827,76,50.0,8.33333333,5.83333333,78,1752,8760,
6275,6275,-34.03281489,115.65080917,16.34486724,0.73715641,0.03685782,17.08202365,16.28890578,0.80077119,0.04003856,17.08967697,0.1741264,2.87378,76,50.0,21.94444444,5.83333333,38,1752,8760,
6280,6280,-33.73652665,115.28726654,16.81899031,0.89659604,0.0448298,17.71558635,18.69562396,0.7983733,0.03991866,19.49399726,0.17897811,3.61835,67,50.0,9.44444444,5.55555556,1126,1752,8760,
6281,6281,-33.61457342,115.07996335,17.26163075,0.91133163,0.04556658,18.17296238,18.01161798,0.80797143,0.04039857,18.81958941,0.21756721,7.10308,42,50.0,9.44444444,6.38888889,470,1752,8760,
6282,6282,-33.68928616,115.05031682,17.13544884,0.89010482,0.04450524,18.02555366,17.98145644,0.79947782,0.03997389,18.78093425,0.22343741,6.83393,41,50.0,7.5,7.77777778,84,1752,8760,
6284,6284,-33.8807892,115.32277391,16.49454534,0.82001952,0.04100098,17.31456486,16.75059587,0.79413114,0.03970656,17.54472701,0.17878042,6.23112,79,50.0,6.94444444,6.94444444,202,1752,8760,
6285,6285,-34.00966291,115.25794087,16.4357234,0.7848871,0.03924436,17.22061051,16.3519211,0.81643293,0.04082165,17.16835403,0.17641634,8.3266,74,50.0,7.22222222,6.66666667,522,1752,8760,
6286,6286,-34.05601328,115.09997891,16.52812917,0.78746772,0.03937339,17.3155969,16.72827096,0.83586971,0.04179349,17.56414066,0.19135529,15.79903,55,50.0,4.16666667,5.0,435,1752,8760,
6288,6288,-34.19666508,115.25886476,16.79732885,0.73995177,0.03699759,17.53728062,16.70045726,0.8423026,0.04211513,17.54275986,0.16944434,1.0477,54,50.0,6.94444444,6.38888889,69,1752,8760,
6290,6290,-34.27739685,115.13172062,17.0981934,0.7447865,0.03723933,17.8429799,16.6277277,0.85839973,0.04291999,17.48612743,0.1853475,6.1516,38,50.0,7.22222222,7.22222222,90,1752,8760,
6302,6302,-31.98878636,116.67570134,17.69460713,0.88204522,0.04410226,18.57665235,20.50119387,0.58601509,0.02930075,21.08720896,0.38527269,19.2714,5,50.0,9.72222222,7.77777778,75,1752,8760,
6304,6304,-32.16531148,116.91273648,17.78354853,0.90063179,0.04503159,18.68418032,21.05543581,0.66775899,0.03338795,21.7231948,0.46560968,30.34124,3,50.0,9.16666667,7.5,19,1752,8760,
6306,6306,-32.35055347,117.10874931,17.47702668,0.93431577,0.04671579,18.41134245,20.80658806,0.78244054,0.03912203,21.5890286,0.59283069,53.69625,0,50.0,7.22222222,9.16666667,13,1752,8760,
6308,6308,-32.64176536,116.78148851,17.04171667,0.91390076,0.04569504,17.95561743,20.36264013,0.83725149,0.04186257,21.19989162,0.61923653,45.47667,12,50.0,9.72222222,8.33333333,22,1752,8760,
6309,6309,-32.65502936,117.14498436,17.19786926,0.92201246,0.04610062,18.11988173,20.36684844,0.95390722,0.04769536,21.32075566,0.62921153,54.96711,0,50.0,,,,1752,8760,Annual residential load is unavailable.
6311,6311,-32.78284637,117.16754834,16.95802315,0.91028937,0.04551447,17.86831252,19.86435538,0.99143278,0.04957164,20.85578816,0.64797545,47.56649,1,50.0,,,,1752,8760,Annual residential load is unavailable.
6312,6312,-32.95094513,117.34382747,16.85844511,0.92613853,0.04630693,17.78458364,19.88290443,1.06861308,0.05343065,20.9515175,0.60742511,30.03849,1,50.0,18.88888889,8.33333333,21,1752,8760,
6313,6313,-33.08638894,117.21313133,16.68750799,0.94775567,0.04738778,17.63526365,19.83320912,0.99160922,0.04958046,20.82481834,0.64544739,46.67652,1,50.0,,,,1752,8760,Annual residential load is unavailable.
6315,6315,-33.27538666,117.34557256,16.64108901,0.98906161,0.04945308,17.63015062,19.80042942,1.07215358,0.05360768,20.872583,0.64315796,51.35379,0,50.0,20.0,6.94444444,13,1752,8760,
6316,6316,-33.52797344,117.3901482,16.37684262,0.97622258,0.04881113,17.3530652,19.67375812,0.9585637,0.04792818,20.63232182,0.64366831,74.65217,0,50.0,,,,1752,8760,Annual residential load is unavailable.
6317,6317,-33.60919076,117.70119499,16.31141895,0.98108237,0.04905412,17.29250132,19.46001007,0.92884061,0.04644203,20.38885068,0.55977533,54.98353,0,50.0,19.16666667,5.0,25,1752,8760,
6318,6318,-33.87842121,117.61621601,16.00105239,0.93771871,0.04688594,16.93877109,18.92060561,0.78788199,0.0393941,19.7084876,0.55936294,59.14686,0,50.0,20.0,5.55555556,14,1752,8760,
6320,6320,-34.11907319,117.82380726,15.90985044,0.87277808,0.0436389,16.78262852,18.96388919,0.70563177,0.03528159,19.66952096,0.55309525,49.43868,2,50.0,,,,1752,8760,Annual residential load is unavailable.
6321,6321,-34.24883272,117.48375592,15.71034371,0.89506141,0.04475307,16.60540512,18.80349085,0.55123007,0.0275615,19.35472092,0.5058485,16.7146,11,50.0,,,,1752,8760,Annual residential load is unavailable.
6322,6322,-34.39585799,117.43597564,15.62340339,0.91466013,0.04573301,16.53806352,18.07627815,0.43425506,0.02171275,18.51053321,0.41974349,4.53424,12,50.0,,,,1752,8760,Annual residential load is unavailable.
6323,6323,-34.46267576,117.5825568,15.69657929,0.90660653,0.04533033,16.60318581,18.26159635,0.53706921,0.02685346,18.79866556,0.48191736,19.69353,11,50.0,18.05555556,2.5,45,1752,8760,
6324,6324,-34.61044708,117.66379777,15.76742404,0.89550748,0.04477537,16.66293152,17.3286166,0.64067977,0.03203399,17.96929637,0.51725979,26.25461,23,50.0,18.88888889,5.83333333,80,1752,8760,
6326,6326,-34.77385407,117.71224308,15.7786895,0.90796458,0.04539823,16.68665408,17.17820517,0.68256337,0.03412817,17.86076854,0.5070969,22.40738,24,50.0,,,,1752,8760,Annual residential load is unavailable.
6327,6327,-34.88648639,117.61317102,15.76955823,0.91968257,0.04598413,16.6892408,16.57643475,0.72025104,0.03601255,17.2966858,0.48568946,14.70733,22,50.0,,,,1752,8760,Annual residential load is unavailable.
6328,6328,-34.61192224,118.44280105,16.17823983,0.89597307,0.04479865,17.07421289,17.33173779,0.81199907,0.04059995,18.14373686,0.62893676,72.4789,0,50.0,,,,1752,8760,Annual residential load is unavailable.
6330,6330,-34.98442261,117.77210575,16.05577356,0.85474471,0.04273724,16.91051827,16.60172327,0.79632821,0.03981641,17.39805148,0.47456337,2.82758,21,50.0,19.44444444,1.94444444,851,1752,8760,
6333,6333,-34.89046189,117.11881801,15.74217357,0.84118238,0.04205912,16.58335595,15.75549168,0.72288592,0.0361443,16.4783776,0.52096062,33.25454,2,50.0,16.38888889,2.77777778,204,1752,8760,
6335,6335,-33.92615023,118.07599565,16.19438421,0.93404149,0.04670207,17.1284257,19.06521056,0.83215596,0.0416078,19.89736652,0.56378735,67.14427,0,50.0,,,,1752,8760,Annual residential load is unavailable.
6336,6336,-33.9653333,118.57141792,16.21531898,0.88874226,0.04443711,17.10406125,18.81954566,0.80050748,0.04002537,19.62005315,0.57965742,78.97731,0,50.0,,,,1752,8760,Annual residential load is unavailable.
6337,6337,-33.96014726,119.1226688,16.0844445,0.88443229,0.04422161,16.96887679,18.80704584,0.78781746,0.03939087,19.5948633,0.57372842,87.4155,0,50.0,,,,1752,8760,Annual residential load is unavailable.
6338,6338,-34.27124241,118.11762545,16.08387966,0.89846567,0.04492328,16.98234533,18.22102933,0.78661864,0.03933093,19.00764797,0.59627952,68.33619,0,50.0,18.61111111,2.77777778,63,1752,8760,
6341,6341,-33.55966844,118.17198393,16.495289,0.92500895,0.04625045,17.42029795,19.31699749,0.92493952,0.04624698,20.24193701,0.53423964,25.61025,1,50.0,,,,1752,8760,Annual residential load is unavailable.
6343,6343,-33.54608656,118.78699866,16.31012183,0.85663294,0.04283165,17.16675478,18.79789832,0.79826955,0.03991348,19.59616787,0.55695984,60.36052,0,50.0,,,,1752,8760,Annual residential load is unavailable.
6346,6346,-33.62442483,119.911375,16.58781015,0.88021631,0.04401082,17.46802646,18.77704531,0.72668931,0.03633447,19.50373461,0.52726385,9.68804,4,50.0,,,,1752,8760,Annual residential load is unavailable.
6348,6348,-33.8795465,120.09217049,16.58256449,0.99865926,0.04993296,17.58122375,18.63338924,0.86959876,0.04347994,19.502988,0.46212962,4.55767,4,50.0,18.33333333,2.22222222,16,1752,8760,
6350,6350,-33.30452325,117.80775369,16.72169438,1.00071136,0.05003557,17.72240574,19.97916612,1.05522734,0.05276137,21.03439346,0.58581095,34.03399,3,50.0,,,,1752,8760,Annual residential load is unavailable.
6351,6351,-33.17221214,117.89432938,16.86068337,0.97690526,0.04884526,17.83758863,19.9790217,1.07258162,0.05362908,21.05160332,0.55224243,17.68519,3,50.0,,,,1752,8760,Annual residential load is unavailable.
6352,6352,-33.20422508,118.12674398,16.88565529,0.84628439,0.04231422,17.73193968,19.76370168,1.02431929,0.05121596,20.78802097,0.50717843,15.1692,2,50.0,,,,1752,8760,Annual residential load is unavailable.
6353,6353,-33.05682797,118.55747474,16.9149367,0.82338236,0.04116912,17.73831906,19.91842162,0.81071564,0.04053578,20.72913726,0.55385225,45.70396,2,50.0,9.44444444,8.05555556,10,1752,8760,
6355,6355,-33.0267525,119.08422754,16.82279913,0.69424181,0.03471209,17.51704094,19.65694137,0.5915749,0.02957875,20.24851628,0.54271954,76.11751,0,50.0,,,,1752,8760,Annual residential load is unavailable.
6356,6356,-33.02591924,119.90408313,17.05523449,0.64797151,0.03239858,17.703206,19.41682344,0.52195855,0.02609793,19.93878199,0.53123386,34.88837,1,50.0,,,,1752,8760,Annual residential load is unavailable.
6357,6357,-32.66985525,118.77019827,17.43624613,0.7384985,0.03692493,18.17474463,20.16107917,0.68498828,0.03424941,20.84606745,0.57109648,81.60824,0,50.0,,,,1752,8760,Annual residential load is unavailable.
6358,6358,-32.41801711,118.6858464,17.92863292,0.75929763,0.03796488,18.68793055,20.77545488,0.65054522,0.03252726,21.4260001,0.57537686,93.74966,0,50.0,,,,1752,8760,Annual residential load is unavailable.
6359,6359,-32.39530285,119.39444999,17.6606182,0.53929729,0.02696486,18.19991549,20.22907751,0.40880406,0.0204402,20.63788158,0.51692508,27.96985,2,50.0,,,,1752,8760,Annual residential load is unavailable.
6361,6361,-32.96892292,117.80490408,17.07153897,0.99716509,0.04985825,18.06870406,19.92704144,1.20964832,0.06048242,21.13668976,0.55857444,15.90467,2,50.0,,,,1752,8760,Annual residential load is unavailable.
6363,6363,-32.92590336,118.1413745,17.21740972,0.82205349,0.04110267,18.03946321,20.1159029,1.01090628,0.05054531,21.12680918,0.57422161,18.3209,3,50.0,,,,1752,8760,Annual residential load is unavailable.
6365,6365,-32.6903864,118.1924147,17.42513057,0.81392251,0.04069613,18.23905308,20.54441918,0.91135466,0.04556773,21.45577384,0.60534394,44.04191,1,50.0,,,,1752,8760,Annual residential load is unavailable.
6367,6367,-32.42925573,118.32268209,17.85945815,0.77208876,0.03860444,18.63154691,20.89382989,0.76440813,0.03822041,21.65823802,0.60161788,75.51469,0,50.0,,,,1752,8760,Annual residential load is unavailable.
6368,6368,-32.19385969,118.4595249,18.30687776,0.77997216,0.03899861,19.08684992,21.28772502,0.60748667,0.03037433,21.89521169,0.57960862,104.59137,0,50.0,,,,1752,8760,Annual residential load is unavailable.
6369,6369,-32.05035101,118.75012395,18.42895379,0.72649447,0.03632472,19.15544826,21.27538316,0.52010803,0.0260054,21.79549119,0.5468411,98.67872,0,50.0,,,,1752,8760,Annual residential load is unavailable.
6370,6370,-32.76695624,117.60949097,17.20078747,0.99422456,0.04971123,18.19501203,20.29674086,1.14076204,0.0570381,21.43750291,0.58285861,14.99999,1,50.0,,,,1752,8760,Annual residential load is unavailable.
6372,6372,-32.63937247,117.6954281,17.33149686,1.0325024,0.05162512,18.36399927,20.67735421,1.11831382,0.05591569,21.79566803,0.60442481,28.66839,1,50.0,,,,1752,8760,Annual residential load is unavailable.
6373,6373,-32.51000858,117.73927426,17.44590586,1.00946301,0.05047315,18.45536887,20.5949091,1.07461802,0.0537309,21.66952712,0.62264494,43.5045,1,50.0,,,,1752,8760,Annual residential load is unavailable.
6375,6375,-32.32125405,117.88683364,17.70826424,0.88466961,0.04423348,18.59293385,20.87851958,0.88633932,0.04431697,21.7648589,0.63636376,67.31553,0,50.0,11.38888889,12.77777778,12,1752,8760,
6383,6383,-32.00856053,117.39584554,18.12583888,0.95888494,0.04794425,19.08472382,21.42905362,0.81271385,0.04063569,22.24176747,0.49732245,77.35208,0,50.0,,,,1752,8760,Annual residential load is unavailable.
6384,6384,-31.97416689,117.6492787,18.14985173,0.99652916,0.04982646,19.14638089,21.49876666,0.83360351,0.04168018,22.33237017,0.59057037,101.5373,0,50.0,,,,1752,8760,Annual residential load is unavailable.
6385,6385,-31.98880787,117.73330155,18.12800415,0.99532944,0.04976647,19.1233336,21.3619505,0.80362813,0.04018141,22.16557863,0.56379348,101.04465,0,50.0,,,,1752,8760,Annual residential load is unavailable.
6386,6386,-31.96579446,117.86208182,18.22385134,0.92215667,0.04610783,19.14600801,21.46139708,0.68411315,0.03420566,22.14551023,0.55694001,105.10782,0,50.0,,,,1752,8760,Annual residential load is unavailable.
6390,6390,-32.67381705,116.40111988,16.37165856,0.81803924,0.04090196,17.1896978,18.29397815,0.69264156,0.03463208,18.98661971,0.49792628,16.51058,55,50.0,17.5,8.61111111,29,1752,8760,
6391,6391,-33.0559147,116.71539014,16.23884305,0.95658707,0.04782935,17.19543012,19.28478852,0.6789329,0.03394665,19.96372142,0.5858476,24.65308,74,50.0,20.55555556,5.55555556,21,1752,8760,
6392,6392,-33.35047136,116.76442822,16.10116876,0.99154157,0.04957708,17.09271034,19.53856224,0.84937212,0.04246861,20.38793436,0.60052791,18.11487,68,50.0,,,,1752,8760,Annual residential load is unavailable.
6393,6393,-33.54204163,116.75533072,15.96796687,0.9247619,0.04623809,16.89272877,19.60007155,1.03621546,0.05181077,20.636287,0.60711191,19.15056,68,50.0,,,,1752,8760,Annual residential load is unavailable.
6394,6394,-33.75853993,116.92623635,15.83665764,0.93688068,0.04684403,16.77353832,19.15816177,0.91821214,0.04591061,20.07637391,0.63881362,43.90458,3,50.0,,,,1752,8760,Annual residential load is unavailable.
6395,6395,-33.95846089,117.12689566,15.76453081,0.93565894,0.04678295,16.70018975,18.67056953,0.73613908,0.03680695,19.4067086,0.55963352,46.559,2,50.0,16.38888889,8.88888889,12,1752,8760,
6396,6396,-34.33890052,116.9668043,15.40999405,0.89614132,0.04480707,16.30613536,17.65719087,0.78775416,0.03938771,18.44494503,0.45162622,11.51879,17,50.0,,,,1752,8760,Annual residential load is unavailable.
6397,6397,-34.59193393,116.98420886,15.41869645,0.89817663,0.04490883,16.31687308,16.08618408,0.75407412,0.03770371,16.84025819,0.45699971,2.94659,17,50.0,,,,1752,8760,Annual residential load is unavailable.
6398,6398,-34.81008014,116.6730682,15.65073822,0.76391843,0.03819592,16.41465665,15.23053924,0.77239442,0.03861972,16.00293366,0.51830338,38.55279,8,50.0,19.44444444,2.77777778,19,1752,8760,
6401,6401,-31.54265087,116.73972911,18.60256724,0.84389306,0.04219465,19.4464603,21.70311398,0.6257167,0.03128583,22.32883068,0.39757261,61.53376,0,50.0,9.72222222,7.22222222,112,1752,8760,
6403,6403,-31.6392704,116.81617523,18.49637161,0.88041441,0.04402072,19.37678602,21.74157515,0.69020755,0.03451038,22.4317827,0.40410817,59.68755,0,50.0,,,,1752,8760,Annual residential load is unavailable.
6405,6405,-31.5972004,117.00417012,18.5532396,0.89672978,0.04483649,19.44996938,21.56629594,0.64784044,0.03239202,22.21413638,0.43095142,72.47745,0,50.0,,,,1752,8760,Annual residential load is unavailable.
6407,6407,-31.60880396,117.2409839,18.51658141,0.93520166,0.04676008,19.45178307,21.63039296,0.63950839,0.03197542,22.26990135,0.44365791,85.67807,0,50.0,,,,1752,8760,Annual residential load is unavailable.
6409,6409,-31.60667627,117.49499086,18.52388392,1.00045599,0.0500228,19.52433991,21.85449189,0.64874808,0.0324374,22.50323997,0.44446469,104.34376,0,50.0,,,,1752,8760,Annual residential load is unavailable.
6410,6410,-31.63745098,117.73105802,18.54670339,0.94497288,0.04724864,19.49167627,21.75414421,0.63202729,0.03160136,22.3861715,0.45891894,121.59768,0,50.0,,,,1752,8760,Annual residential load is unavailable.
6411,6411,-31.60157273,117.87291833,18.64415997,0.90645248,0.04532262,19.55061245,21.96508068,0.62123483,0.03106174,22.58631552,0.4697197,127.90677,0,50.0,,,,1752,8760,Annual residential load is unavailable.
6412,6412,-31.43920042,117.93520317,18.79902753,0.92665442,0.04633272,19.72568196,22.08949004,0.55282389,0.02764119,22.64231392,0.4719866,110.07292,0,50.0,,,,1752,8760,Annual residential load is unavailable.
6413,6413,-31.51828026,118.06920423,18.81870953,0.83959649,0.04197982,19.65830603,22.47648541,0.54046494,0.02702325,23.01695036,0.49778088,120.28442,0,50.0,,,,1752,8760,Annual residential load is unavailable.
6414,6414,-31.51985016,118.18259452,18.87879385,0.82836022,0.04141801,19.70715407,22.36939809,0.52587213,0.02629361,22.89527022,0.51897192,112.85915,0,50.0,,,,1752,8760,Annual residential load is unavailable.
6415,6415,-31.59583945,118.38676993,18.88009089,0.80040194,0.0400201,19.68049283,22.08990773,0.50243995,0.025122,22.59234767,0.5200342,97.64001,0,50.0,10.83333333,7.5,12,1752,8760,
6418,6418,-31.84157494,118.16863336,18.60328591,0.80699439,0.04034972,19.4102803,21.64111991,0.56412353,0.02820618,22.20524344,0.51463798,126.58047,0,50.0,,,,1752,8760,Annual residential load is unavailable.
6419,6419,-32.03819872,118.11330701,18.33881143,0.81711716,0.04085586,19.15592859,21.64971505,0.62887807,0.0314439,22.27859312,0.55249625,104.4146,0,50.0,,,,1752,8760,Annual residential load is unavailable.
6420,6420,-31.82098221,118.60171854,18.70885659,0.76780652,0.03839033,19.47666311,21.39330496,0.50036263,0.02501813,21.89366759,0.52778835,94.81799,0,50.0,,,,1752,8760,Annual residential load is unavailable.
6421,6421,-31.57077766,118.5709255,19.0149654,0.79751791,0.0398759,19.81248331,22.26271756,0.43197204,0.0215986,22.6946896,0.52285666,80.74934,0,50.0,,,,1752,8760,Annual residential load is unavailable.
6422,6422,-31.33768904,118.58461718,18.96983046,0.77283914,0.03864196,19.7426696,22.55500321,0.43426287,0.02171314,22.98926608,0.52351966,71.05926,0,50.0,,,,1752,8760,Annual residential load is unavailable.
6423,6423,-31.10171789,118.74984779,19.05837637,0.76074379,0.03803719,19.81912016,22.83685139,0.38353682,0.01917684,23.2203882,0.52477199,56.18925,0,50.0,,,,1752,8760,Annual residential load is unavailable.
6424,6424,-31.34657517,118.89638688,18.89814644,0.69789214,0.03489461,19.59603859,22.07669446,0.38728641,0.01936432,22.46398087,0.52461276,42.46233,1,50.0,,,,1752,8760,Annual residential load is unavailable.
6425,6425,-31.4232076,119.14718678,18.74568844,0.63942342,0.03197117,19.38511186,22.21883076,0.37067007,0.0185335,22.58950084,0.49066075,27.23149,1,50.0,,,,1752,8760,Annual residential load is unavailable.
6426,6426,-31.56384356,119.54246728,18.95020596,0.64995704,0.03249785,19.60016299,22.04549701,0.3293825,0.01646913,22.37487951,0.47209198,42.76193,1,50.0,,,,1752,8760,Annual residential load is unavailable.
6427,6427,-30.82196771,119.56284488,19.10542241,0.65930659,0.03296533,19.764729,23.67161424,0.31516901,0.01575845,23.98678324,0.44528256,50.74396,0,50.0,,,,1752,8760,Annual residential load is unavailable.
6428,6428,-32.14298259,118.04199774,18.10032899,0.79148486,0.03957424,18.89181385,21.38755249,0.6831818,0.03415909,22.07073429,0.62189269,91.04881,0,50.0,,,,1752,8760,Annual residential load is unavailable.
6429,6429,-31.08149724,120.6716868,18.87404819,0.51067131,0.02553357,19.3847195,22.01028989,0.24629851,0.01231493,22.25658839,0.43175972,49.86037,1,50.0,,,,1752,8760,Annual residential load is unavailable.
6430,6430,-30.72371039,121.45793665,19.2981055,0.36497447,0.01824872,19.66307997,24.13299252,0.14601741,0.00730087,24.27900992,0.36817273,5.60954,2,50.0,10.27777778,5.83333333,389,1752,8760,
6431,6431,-29.59017355,124.92369634,20.05001827,0.42424607,0.0212123,20.47426434,24.7037696,0.30703443,0.01535172,25.01080403,0.38441606,285.21518,0,50.0,3.33333333,6.38888889,13,1752,8760,
6432,6432,-30.78686845,121.49650358,19.22628927,0.36443225,0.01822161,19.59072152,24.34661987,0.14337591,0.0071688,24.48999578,,13.54031,3,50.0,10.55555556,7.22222222,27,1752,8760,No postcode zonal mean is available from the ΔT20 EBK prediction-standard-error raster.
6434,6434,-30.76428134,125.6509392,18.8861661,0.48539236,0.02426962,19.37155846,23.73691304,0.35031933,0.01751597,24.08723237,0.43850088,356.90734,0,50.0,,,,1752,8760,Annual residential load is unavailable.
6436,6436,-29.46369441,120.18864564,20.6490535,0.6578096,0.03289048,21.3068631,24.22396458,0.24209585,0.01210479,24.46606043,0.40836441,104.57397,0,50.0,,,,1752,8760,Annual residential load is unavailable.
6437,6437,-27.90910085,120.59241782,21.65979188,0.72804371,0.03640219,22.38783559,25.72940379,0.21320527,0.01066026,25.94260907,0.3100256,32.35856,1,50.0,,,,1752,8760,Annual residential load is unavailable.
6438,6438,-28.70203691,121.08582782,21.63953379,0.59479526,0.02973976,22.23432905,25.64253921,0.21456222,0.01072811,25.85710143,0.36708016,112.77922,0,50.0,2.77777778,17.22222222,11,1752,8760,
6440,6440,-27.89111446,125.40166491,21.65040386,0.43052657,0.02152633,22.08093043,25.46892468,0.32223354,0.01611168,25.79115822,0.31174415,153.1673,0,50.0,,,,1752,8760,Annual residential load is unavailable.
6442,6442,-31.21618636,121.66760766,18.76419372,0.3592956,0.01796478,19.12348932,23.03309961,0.14951963,0.00747598,23.18261924,0.34356628,5.98646,8,50.0,,,,1752,8760,Annual residential load is unavailable.
6443,6443,-32.15793057,124.50578787,17.90592119,0.57134474,0.02856724,18.47726593,21.83996241,0.35430952,0.01771548,22.19427193,0.48744126,234.74497,0,50.0,,,,1752,8760,Annual residential load is unavailable.
6445,6445,-32.91407511,121.08850682,17.10478095,0.70542161,0.03527108,17.81020256,19.93205614,0.5783664,0.02891832,20.51042254,0.52245979,38.66792,1,50.0,,,,1752,8760,Annual residential load is unavailable.
6446,6446,-33.23036401,121.78800644,16.92926446,0.75437166,0.03771858,17.68363612,19.78489876,0.643909,0.03219545,20.42880776,0.53438178,50.86284,0,50.0,10.55555556,5.55555556,13,1752,8760,
6447,6447,-33.42318438,121.90396849,17.04342074,0.7991862,0.03995931,17.84260695,19.24401507,0.66522482,0.03326124,19.9092399,0.5203062,48.99475,2,50.0,,,,1752,8760,Annual residential load is unavailable.
6448,6448,-33.62390715,121.82550399,17.0777354,0.76062983,0.03803149,17.83836523,19.33283356,0.74715773,0.03735789,20.0799913,0.49207747,26.40277,5,50.0,,,,1752,8760,Annual residential load is unavailable.
6450,6450,-33.61352525,120.83230872,17.10750018,0.85372745,0.04268637,17.96122763,19.04875749,0.671528,0.0335764,19.72028549,0.51359484,26.81406,2,50.0,11.66666667,3.05555556,118,1752,8760,
6452,6452,-33.38401167,123.59697375,17.38028215,0.78435722,0.03921786,18.16463937,19.23606861,0.3792311,0.01896155,19.6152997,0.54294079,79.00274,0,50.0,,,,1752,8760,Annual residential load is unavailable.
6460,6460,-31.24557366,116.80506557,18.95419238,0.85414472,0.04270724,19.8083371,21.79446385,0.56220203,0.0281101,22.35666588,0.40501337,78.04865,0,50.0,,,,1752,8760,Annual residential load is unavailable.
6461,6461,-31.11348544,117.04520729,19.01495867,0.98562971,0.04928149,20.00058839,21.84848491,0.4723106,0.02361553,22.32079551,0.41686254,101.97685,0,50.0,,,,1752,8760,Annual residential load is unavailable.
6462,6462,-31.33669917,117.10565494,18.8987764,0.97548379,0.04877419,19.87426019,21.86843031,0.49853353,0.02492668,22.36696384,0.42320731,102.35789,0,50.0,,,,1752,8760,Annual residential load is unavailable.
6463,6463,-31.12920273,117.29342136,18.92248925,1.03782637,0.05189132,19.96031562,22.215222,0.44935633,0.02246782,22.66457833,0.43994495,92.86206,0,50.0,,,,1752,8760,Annual residential load is unavailable.
6465,6465,-30.88583983,117.15806185,19.11667968,1.04022132,0.05201107,20.156901,21.95767249,0.47791684,0.02389584,22.43558933,0.41929196,82.80897,0,50.0,,,,1752,8760,Annual residential load is unavailable.
6466,6466,-30.72022065,117.11013941,19.19994485,0.99572985,0.04978649,20.1956747,22.30188192,0.49162667,0.02458133,22.79350859,0.4163572,77.86696,0,50.0,,,,1752,8760,Annual residential load is unavailable.
6467,6467,-30.55777669,117.14587867,19.2866145,1.00132145,0.05006607,20.28793595,22.83719441,0.47204386,0.02360219,23.30923827,0.4094305,69.54859,0,50.0,,,,1752,8760,Annual residential load is unavailable.
6468,6468,-30.0138983,117.26661099,19.72172564,1.05432632,0.05271632,20.77605196,24.21615377,0.42941376,0.02147069,24.64556753,0.4017592,75.02769,0,50.0,,,,1752,8760,Annual residential load is unavailable.
6470,6470,-30.39893647,117.32864894,19.43458879,1.03985164,0.05199258,20.47444043,23.39886346,0.41839624,0.02091981,23.8172597,0.40489728,51.39657,0,50.0,,,,1752,8760,Annual residential load is unavailable.
6472,6472,-29.89957542,117.99916113,19.98065108,0.9576661,0.04788331,20.93831718,23.76200766,0.32178557,0.01608928,24.08379323,0.41391357,62.76701,0,50.0,,,,1752,8760,Annual residential load is unavailable.
6473,6473,-30.39960411,118.12184447,19.52409071,1.01766791,0.0508834,20.54175861,22.95664705,0.32467679,0.01623384,23.28132383,0.40873781,25.63651,2,50.0,,,,1752,8760,Annual residential load is unavailable.
6475,6475,-30.75431029,117.40735466,19.25411565,1.04974307,0.05248715,20.30385873,23.30427685,0.42617706,0.02130885,23.73045391,0.40796026,54.97295,0,50.0,,,,1752,8760,Annual residential load is unavailable.
6476,6476,-30.73299526,117.68361025,19.152585,1.02683068,0.05134153,20.17941569,23.11937286,0.39210997,0.0196055,23.51148283,0.4128217,35.63733,2,50.0,,,,1752,8760,Annual residential load is unavailable.
6477,6477,-30.77343078,117.93343769,19.12219318,1.01888977,0.05094449,20.14108295,23.03172448,0.37493301,0.01874665,23.40665748,0.43760994,36.47617,2,50.0,,,,1752,8760,Annual residential load is unavailable.
6479,6479,-30.65180729,118.39692502,19.34512843,0.89490575,0.04474529,20.24003418,22.8937726,0.36483594,0.0182418,23.25860854,0.46808597,55.92692,0,50.0,,,,1752,8760,Annual residential load is unavailable.
6480,6480,-31.30000544,118.19012602,18.96779321,0.84990857,0.04249543,19.81770178,22.3606559,0.46300663,0.02315033,22.82366253,0.51044914,99.45066,0,50.0,,,,1752,8760,Annual residential load is unavailable.
6484,6484,-30.55115506,119.43751475,19.44503706,0.72076142,0.03603807,20.16579848,23.07517126,0.32351911,0.01617596,23.39869037,0.4422307,42.35503,1,50.0,,,,1752,8760,Annual residential load is unavailable.
6485,6485,-31.19376813,117.45274561,18.86179423,1.03855257,0.05192763,19.90034681,22.29459687,0.43855287,0.02192764,22.73314975,0.43830849,91.30687,0,50.0,,,,1752,8760,Annual residential load is unavailable.
6487,6487,-31.1692007,117.66580004,18.88151709,0.98802209,0.0494011,19.86953918,22.08038067,0.41070913,0.02053546,22.49108981,0.44952311,81.97717,0,50.0,,,,1752,8760,Annual residential load is unavailable.
6488,6488,-31.15702172,117.78929886,18.90611065,0.98630827,0.04931541,19.89241892,22.3337884,0.4348731,0.02174366,22.76866151,0.44938988,78.77021,0,50.0,,,,1752,8760,Annual residential load is unavailable.
6489,6489,-31.10965178,117.93988027,18.95164398,0.98682282,0.04934114,19.9384668,22.77269574,0.4492038,0.02246019,23.22189954,0.45625315,73.58683,0,50.0,,,,1752,8760,Annual residential load is unavailable.
6490,6490,-31.14939385,118.20808814,18.99661899,0.89204825,0.04460241,19.88866723,22.85021858,0.4417233,0.02208617,23.29194188,0.4940297,84.39384,0,50.0,,,,1752,8760,Annual residential load is unavailable.
6501,6501,-31.55747342,115.92793482,18.91574865,0.5733843,0.02866922,19.48913295,20.3324761,0.43297855,0.02164893,20.76545466,0.23276105,3.05291,217,50.0,9.72222222,6.94444444,11,1752,8760,
6502,6502,-31.28737479,116.25124311,18.87283309,0.64110119,0.03205506,19.51393429,21.04166535,0.67850172,0.03392509,21.72016707,0.3319324,25.26039,35,50.0,10.0,8.33333333,22,1752,8760,
6503,6503,-31.21070317,115.7921709,18.84491228,0.76060241,0.03803012,19.60551469,20.98793036,0.54974933,0.02748747,21.5376797,0.28817408,5.04478,101,50.0,6.94444444,4.72222222,129,1752,8760,
6504,6504,-31.29812359,116.06976343,18.833637,0.64836886,0.03241844,19.48200587,21.38959555,0.75208956,0.03760448,22.14168511,0.32007758,8.22066,107,50.0,,,,1752,8760,Annual residential load is unavailable.
6505,6505,-31.16227893,116.14313318,18.93642789,0.72604387,0.03630219,19.66247176,21.70829544,0.63336922,0.03166846,22.34166467,0.34507777,22.53919,48,50.0,,,,1752,8760,Annual residential load is unavailable.
6506,6506,-31.01553837,116.04725598,18.97005914,0.80471976,0.04023599,19.7747789,22.05088069,0.58916486,0.02945824,22.64004555,0.32891634,14.55248,37,50.0,,,,1752,8760,Annual residential load is unavailable.
6507,6507,-30.73206493,115.63115034,19.13844943,0.75225685,0.03761284,19.89070628,21.71524172,0.60390243,0.03019512,22.31914415,0.30379448,12.95374,23,50.0,,,,1752,8760,Annual residential load is unavailable.
6509,6509,-30.95300988,116.24538929,19.08485325,0.77858765,0.03892938,19.8634409,21.70439491,0.5935155,0.02967577,22.29791041,0.36609458,23.99792,17,50.0,,,,1752,8760,Annual residential load is unavailable.
6510,6510,-30.70430445,116.08796244,19.12816277,0.82924498,0.04146225,19.95740775,22.22823408,0.60870371,0.03043519,22.83693779,0.34369137,16.70823,12,50.0,,,,1752,8760,Annual residential load is unavailable.
6511,6511,-30.50216396,115.07688323,19.40487141,0.70914738,0.03545737,20.11401879,19.93275097,0.66271711,0.03313586,20.59546808,,22.35515,17,50.0,5.0,6.38888889,17,1752,8760,No postcode zonal mean is available from the ΔT20 EBK prediction-standard-error raster.
6512,6512,-30.41684187,116.04164452,19.25801653,0.79996961,0.03999848,20.05798615,22.57987097,0.66089185,0.03304459,23.24076282,0.34117784,22.49499,11,50.0,,,,1752,8760,Annual residential load is unavailable.
6513,6513,-30.22223391,116.13988297,19.40910962,0.82353062,0.04117653,20.23264025,22.57128989,0.68307703,0.03415385,23.25436692,0.34156061,25.30976,9,50.0,,,,1752,8760,Annual residential load is unavailable.
6514,6514,-30.023383,115.0274065,19.72163555,0.79851447,0.03992572,20.52015002,21.68359983,0.71049278,0.03552464,22.39409261,0.24832364,4.48642,42,50.0,7.77777778,7.5,21,1752,8760,
6515,6515,-29.99589929,115.92682316,19.66645996,0.78906967,0.03945348,20.45552963,22.77368732,0.60219767,0.03010988,23.375885,0.29792321,4.04873,13,50.0,,,,1752,8760,Annual residential load is unavailable.
6516,6516,-30.30892157,115.11162306,19.50559051,0.71425699,0.03571285,20.21984751,21.63193756,0.64706245,0.03235312,22.279,0.28808311,0.77607,28,50.0,4.44444444,7.77777778,119,1752,8760,
6517,6517,-29.72436264,115.88369757,20.04206617,0.8021903,0.04010951,20.84425647,23.41495068,0.46177559,0.02308878,23.87672628,0.2419417,22.94635,18,50.0,,,,1752,8760,Annual residential load is unavailable.
6518,6518,-29.91444449,115.28583043,19.77972675,0.80340459,0.04017023,20.58313135,22.87352239,0.47869711,0.02393486,23.3522195,0.19767766,11.04972,59,50.0,,,,1752,8760,Annual residential load is unavailable.
6519,6519,-29.52576731,115.57731571,20.25944864,0.81435531,0.04071777,21.07380396,23.6250647,0.39670058,0.01983503,24.02176527,0.16675676,2.43122,40,50.0,,,,1752,8760,Annual residential load is unavailable.
6521,6521,-30.37028223,115.47042098,19.33591254,0.68733632,0.03436682,20.02324885,22.12694316,0.64720602,0.0323603,22.77414918,0.30383284,12.80333,30,50.0,,,,1752,8760,Annual residential load is unavailable.
6522,6522,-29.15819915,115.48424935,20.66186558,0.69726873,0.03486344,21.35913431,24.20792141,0.44575143,0.02228757,24.65367284,0.17453965,16.61978,85,50.0,,,,1752,8760,Annual residential load is unavailable.
6525,6525,-29.32604198,115.09181131,20.29409041,0.73454306,0.03672715,21.02863346,23.13793184,0.56290233,0.02814512,23.70083417,0.12871163,1.32205,109,50.0,4.44444444,7.22222222,87,1752,8760,
6528,6528,-28.97430415,114.85075042,20.39779288,0.84370989,0.04218549,21.24150278,23.32019203,0.54553722,0.02727686,23.86572925,0.1412231,2.66025,93,50.0,,,,1752,8760,Annual residential load is unavailable.
6530,6530,-28.73961632,114.6500695,20.47456686,0.73118592,0.0365593,21.20575278,23.29748276,0.47689496,0.02384475,23.77437772,0.18472727,10.19586,22,50.0,4.72222222,6.11111111,373,1752,8760,
6532,6532,-27.45368412,114.75678401,21.97922637,0.62294958,0.03114748,22.60217595,25.55742405,0.44065407,0.0220327,25.99807813,0.24119321,66.99696,0,50.0,5.0,6.94444444,126,1752,8760,
6535,6535,-28.30310799,114.56529599,21.27678598,0.68471,0.0342355,21.96149597,23.93272884,0.45449283,0.02272464,24.38722167,0.2822665,59.16148,0,50.0,4.72222222,8.33333333,25,1752,8760,
6536,6536,-27.54574647,114.32090883,21.83731298,0.60146851,0.03007343,22.43878148,24.54013752,0.45667697,0.02283385,24.99681449,0.24472155,36.67611,1,50.0,4.44444444,8.33333333,80,1752,8760,
6537,6537,-26.56647148,113.93584291,22.58303854,0.56550823,0.02827541,23.14854677,25.38277615,0.52298669,0.02614933,25.90576285,0.17285106,31.10111,1,50.0,1.11111111,10.55555556,27,1752,8760,
6556,6556,-31.95652092,116.36700304,17.61576242,0.91481497,0.04574075,18.53057739,19.21097208,0.51926292,0.02596315,19.73023501,0.32124101,17.42326,73,50.0,18.61111111,5.55555556,21,1752,8760,
6558,6558,-31.80427539,116.32061951,18.03622772,0.87048806,0.0435244,18.90671578,20.13622756,0.49013804,0.0245069,20.6263656,0.30216604,12.34761,88,50.0,18.05555556,5.0,10,1752,8760,
6560,6560,-31.75546851,116.37400908,18.16217019,0.83426272,0.04171314,18.99643291,20.32129563,0.50930907,0.02546545,20.8306047,,19.66392,72,50.0,19.16666667,5.27777778,68,1752,8760,No postcode zonal mean is available from the ΔT20 EBK prediction-standard-error raster.
6562,6562,-31.81515556,116.45333807,17.97758452,0.88605284,0.04430264,18.86363736,20.39779518,0.52943908,0.02647195,20.92723426,0.34278706,23.36536,50,50.0,17.77777778,5.83333333,34,1752,8760,
6564,6564,-31.70933627,116.52444784,18.32272223,0.81859308,0.04092965,19.14131531,20.81521635,0.50938526,0.02546926,21.32460161,,34.26521,13,50.0,11.66666667,10.27777778,10,1752,8760,No postcode zonal mean is available from the ΔT20 EBK prediction-standard-error raster.
6566,6566,-31.53040308,116.46766459,18.6965194,0.76167553,0.03808378,19.45819493,21.30409459,0.60143368,0.03007168,21.90552828,0.34894506,44.32536,10,50.0,10.0,7.5,111,1752,8760,
6567,6567,-31.46463261,116.26769241,18.80985454,0.64822859,0.03241143,19.45808313,20.35694443,0.60857621,0.03042881,20.96552064,0.32871945,27.68018,76,50.0,,,,1752,8760,Annual residential load is unavailable.
6568,6568,-31.24635988,116.50574075,18.94652774,0.72921279,0.03646064,19.67574053,21.32231613,0.57908573,0.02895429,21.90140187,0.3797482,49.87292,2,50.0,,,,1752,8760,Annual residential load is unavailable.
6569,6569,-31.0508731,116.44201801,19.06482519,0.74727422,0.03736371,19.81209941,21.58467745,0.61652508,0.03082625,22.20120253,0.39100145,45.59235,1,50.0,,,,1752,8760,Annual residential load is unavailable.
6571,6571,-30.92369996,116.44177537,19.17433158,0.75523252,0.03776163,19.92956409,21.65040841,0.58779011,0.02938951,22.23819852,0.3966157,41.22414,2,50.0,,,,1752,8760,Annual residential load is unavailable.
6572,6572,-30.81188068,116.3962711,19.19277166,0.79411951,0.03970598,19.98689117,21.66164025,0.62954592,0.0314773,22.29118617,0.39589702,36.91627,2,50.0,,,,1752,8760,Annual residential load is unavailable.
6574,6574,-30.63232357,116.411288,19.21390957,0.84586524,0.04229326,20.05977481,22.29159301,0.66471289,0.03323564,22.9563059,0.39478609,45.97307,2,50.0,,,,1752,8760,Annual residential load is unavailable.
6575,6575,-30.41979205,116.37802562,19.25413617,0.85638995,0.0428195,20.11052613,22.42267539,0.6499115,0.03249558,23.0725869,0.38597151,54.36208,0,50.0,,,,1752,8760,Annual residential load is unavailable.
6603,6603,-30.94669037,116.73754846,19.19790693,0.88479221,0.04423961,20.08269915,22.15348249,0.58158132,0.02907907,22.73506381,0.42252262,69.51856,0,50.0,,,,1752,8760,Annual residential load is unavailable.
6605,6605,-30.70621871,116.81756595,19.24045502,0.92054735,0.04602737,20.16100237,22.48760906,0.53679718,0.02683986,23.02440624,0.42331139,78.72224,0,50.0,,,,1752,8760,Annual residential load is unavailable.
6606,6606,-30.56909254,116.78227452,19.24569698,0.93413036,0.04670652,20.17982733,22.6507401,0.54503402,0.0272517,23.19577412,0.40901053,80.47071,0,50.0,,,,1752,8760,Annual residential load is unavailable.
6608,6608,-30.41567726,116.7091524,19.22947574,0.9547066,0.04773533,20.18418234,22.88237538,0.5406768,0.02703384,23.42305217,0.40624792,83.21965,0,50.0,,,,1752,8760,Annual residential load is unavailable.
6609,6609,-30.24436429,116.73604015,19.34967624,0.97519751,0.04875988,20.32487376,23.16706431,0.52484771,0.02624239,23.69191203,0.40122168,80.86259,0,50.0,2.22222222,14.72222222,16,1752,8760,
6612,6612,-29.26221168,117.40958859,20.87927544,0.84006806,0.0420034,21.7193435,25.31184928,0.36185916,0.01809296,25.67370843,0.35578439,139.21188,0,50.0,,,,1752,8760,Annual residential load is unavailable.
6613,6613,-29.96921758,116.56901457,19.66704701,0.95224282,0.04761214,20.61928983,23.44664899,0.55908945,0.02795447,24.00573844,0.38425575,65.5753,0,50.0,,,,1752,8760,Annual residential load is unavailable.
6614,6614,-29.8663072,116.56873803,19.83896957,0.91791889,0.04589594,20.75688847,23.87088582,0.54919268,0.02745963,24.4200785,0.38164394,67.55303,0,50.0,,,,1752,8760,Annual residential load is unavailable.
6616,6616,-29.76297371,116.49078292,19.9977499,0.89145547,0.04457277,20.88920537,24.11733242,0.56213694,0.02810685,24.67946936,0.36392012,64.23641,0,50.0,,,,1752,8760,Annual residential load is unavailable.
6620,6620,-29.36708508,116.85672318,20.59096358,0.86785681,0.04339284,21.45882039,24.67418236,0.50597685,0.02529884,25.18015921,0.34870149,117.63455,0,50.0,,,,1752,8760,Annual residential load is unavailable.
6623,6623,-29.17236654,116.16092535,20.87964743,0.7708963,0.03854481,21.65054373,25.39035512,0.45610742,0.02280537,25.84646255,0.28661847,66.49353,0,50.0,,,,1752,8760,Annual residential load is unavailable.
6625,6625,-29.18397947,115.826104,20.80026396,0.75280996,0.0376405,21.55307391,24.33951771,0.3836683,0.01918342,24.72318601,0.23620932,41.58258,7,50.0,,,,1752,8760,Annual residential load is unavailable.
6627,6627,-28.88401121,115.88948817,21.19624547,0.72741696,0.03637085,21.92366243,25.30161031,0.40351602,0.0201758,25.70512633,0.27139754,59.81612,0,50.0,,,,1752,8760,Annual residential load is unavailable.
6628,6628,-28.75157035,115.78340849,21.33353876,0.70070868,0.03503543,22.03424745,25.59984646,0.42029055,0.02101453,26.020137,0.26416261,50.35656,0,50.0,,,,1752,8760,Annual residential load is unavailable.
6630,6630,-26.88005776,115.91563262,22.8815539,0.59799585,0.02989979,23.47954975,27.60604084,0.3813674,0.01906837,27.98740824,0.25342184,94.33631,0,50.0,,,,1752,8760,Annual residential load is unavailable.
6631,6631,-28.53246373,115.98398435,21.61852459,0.72445007,0.0362225,22.34297466,25.16223411,0.4139355,0.02069677,25.57616961,0.31037022,76.47628,0,50.0,,,,1752,8760,Annual residential load is unavailable.
6632,6632,-28.62001417,115.26287227,21.15427877,0.69630397,0.0348152,21.85058274,24.66378056,0.41882661,0.02094133,25.08260717,0.21487441,22.50181,11,50.0,,,,1752,8760,Annual residential load is unavailable.
6635,6635,-27.81397183,116.65356098,22.36085494,0.61105887,0.03055294,22.97191382,26.6515025,0.3419933,0.01709966,26.9934958,0.30698634,126.65985,0,50.0,,,,1752,8760,Annual residential load is unavailable.
6638,6638,-28.2380656,117.97640839,22.16207936,0.65165128,0.03258256,22.81373064,25.79791374,0.27035928,0.01351796,26.06827302,0.30114029,26.72678,1,50.0,,,,1752,8760,Annual residential load is unavailable.
6639,6639,-28.33591443,119.17311271,21.50299172,0.70395617,0.03519781,22.20694789,25.14165472,0.24072413,0.01203621,25.38237885,0.36013694,120.82351,0,50.0,,,,1752,8760,Annual residential load is unavailable.
6640,6640,-27.23843668,117.75545414,23.14012499,0.58806006,0.029403,23.72818505,27.126889,0.26021348,0.01301067,27.38710249,0.26635337,26.03539,1,50.0,,,,1752,8760,Annual residential load is unavailable.
6642,6642,-25.14011036,118.86401274,24.25470691,0.68459471,0.03422974,24.93930162,28.5394521,0.21587498,0.01079375,28.75532708,0.26921447,85.81539,0,50.0,,,,1752,8760,Annual residential load is unavailable.
6646,6646,-25.3120282,122.24507953,23.8974115,0.52724789,0.02636239,24.42465939,27.80465761,0.27275358,0.01363768,28.07741119,0.26928164,212.47704,0,50.0,,,,1752,8760,Annual residential load is unavailable.
6701,6701,-24.61117742,114.47209769,24.10360091,0.64646608,0.0323233,24.75006699,29.40360279,0.54403691,0.02720185,29.9476397,0.14307778,40.50075,1,50.0,0.83333333,9.72222222,29,1752,8760,
6705,6705,-24.72658929,116.35511114,24.82201219,0.72465789,0.03623289,25.54667008,29.65203674,0.40709131,0.02035457,30.05912805,0.20891925,139.00727,0,50.0,,,,1752,8760,Annual residential load is unavailable.
6707,6707,-22.65703952,114.24020818,25.34525369,0.80040293,0.04002015,26.14565661,29.55060914,0.70135067,0.03506753,30.25195981,0.11182683,7.17888,24,50.0,0.0,33.61111111,54,1752,8760,
6710,6710,-22.57550355,114.90848113,26.45241246,0.86681306,0.04334065,27.31922552,31.44284669,0.63093689,0.03154684,32.07378359,0.14097539,44.69025,3,50.0,0.27777778,44.16666667,21,1752,8760,
6712,6712,-20.78778704,115.39912872,26.04516983,0.65998031,0.03299902,26.70515015,28.08304777,0.56389769,0.02819488,28.64694546,0.13681054,3.45931,2,50.0,,,,1752,8760,Annual residential load is unavailable.
6713,6713,-20.60239001,116.49396446,27.08525976,0.9564425,0.04782212,28.04170225,27.59345308,0.41210621,0.02060531,28.00555929,,105.73598,0,50.0,,,,1752,8760,Annual residential load is unavailable. No postcode zonal mean is available from the ΔT20 EBK prediction-standard-error raster.
6714,6714,-20.9677879,116.90001817,27.4122972,1.00514261,0.05025713,28.41743981,31.77353734,0.40360217,0.02018011,32.17713951,0.16711922,87.61261,0,50.0,0.0,45.27777778,279,1752,8760,
6716,6716,-21.76674989,116.77842931,27.21114553,1.0715608,0.05357804,28.28270632,31.33084163,0.37102062,0.01855103,31.70186225,0.15637644,2.17297,1,50.0,,,,1752,8760,Annual residential load is unavailable.
6718,6718,-20.75848478,117.17126056,27.69342826,1.06355715,0.05317786,28.75698541,31.71176392,0.40656536,0.02032827,32.11832928,0.18548665,109.97877,0,50.0,0.0,49.44444444,21,1752,8760,
6720,6720,-20.65782746,117.15132686,27.5097474,1.05051957,0.05252598,28.56026697,29.65015131,0.42046118,0.02102306,30.07061249,,121.34134,0,50.0,,,,1752,8760,Annual residential load is unavailable. No postcode zonal mean is available from the ΔT20 EBK prediction-standard-error raster.
6721,6721,-20.59701489,118.12680754,27.58568765,1.01921096,0.05096055,28.60489861,31.51390764,0.41006211,0.02050311,31.92396975,0.2082683,143.99407,0,50.0,,,,1752,8760,Annual residential load is unavailable.
6722,6722,-20.30203172,119.2122478,27.57925788,1.04545722,0.05227286,28.6247151,31.09941438,0.39238085,0.01961904,31.49179523,0.21885413,29.52146,2,50.0,0.0,47.22222222,166,1752,8760,
6725,6725,-18.65340392,122.47492328,27.91468678,0.69960076,0.03498004,28.61428754,31.28716936,0.6282516,0.03141258,31.91542096,0.13472634,22.107,6,50.0,0.0,62.77777778,352,1752,8760,
6726,6726,-17.95057376,122.21036674,,0.78006253,0.03900313,,29.36638154,1.12114657,0.05605733,30.48752811,,2.48284,34,50.0,0.0,67.5,66,1752,8760,No postcode zonal mean is available from the ΔT20 EBK prediction-standard-error raster.
6728,6728,-17.93607818,123.96639716,27.7924685,0.58404272,0.02920214,28.37651122,31.57146041,0.52774015,0.02638701,32.09920056,0.16478649,9.79182,5,50.0,0.0,79.44444444,51,1752,8760,
6740,6740,-15.0354597,126.39995489,27.31556786,0.60729704,0.03036485,27.9228649,30.09650008,0.58802995,0.0294015,30.68453003,0.33436519,245.49267,0,50.0,0.0,85.55555556,11,1752,8760,
6743,6743,-16.26906438,127.4758742,27.71711242,0.71092962,0.03554648,28.42804203,31.16109585,0.58018359,0.02900918,31.74127944,0.22836071,169.01715,0,50.0,0.55555556,84.44444444,32,1752,8760,
6751,6751,-23.02464887,116.27240718,26.70950517,0.95622881,0.04781144,27.66573398,30.86182502,0.37936904,0.01896845,31.24119405,0.20024702,150.48186,0,50.0,,,,1752,8760,Annual residential load is unavailable.
6753,6753,-22.96095317,119.9333121,25.8537848,0.59347552,0.02967378,26.44726032,29.9022711,0.28211425,0.01410571,30.18438535,0.24610969,19.33272,1,50.0,1.94444444,24.44444444,16,1752,8760,
6754,6754,-23.19279583,117.69378832,26.34968688,0.90764242,0.04538212,27.2573293,31.53356481,0.29893263,0.01494663,31.83249744,0.22843737,158.76294,0,50.0,,,,1752,8760,Annual residential load is unavailable.
6758,6758,-21.97224648,120.2160646,27.11888466,0.74941212,0.03747061,27.86829678,30.78394161,0.35586008,0.017793,31.13980169,0.2390407,131.22409,0,50.0,,,,1752,8760,Annual residential load is unavailable.
6760,6760,-20.86476485,119.62587173,27.69405007,0.9438481,0.0471924,28.63789817,31.78252869,0.41199747,0.02059987,32.19452616,0.22941659,68.45682,0,50.0,,,,1752,8760,Annual residential load is unavailable.
6762,6762,-21.20868767,123.26059018,27.33140384,0.60477814,0.03023891,27.93618198,31.09482348,0.48882679,0.02444134,31.58365027,0.1646241,20.19853,2,50.0,,,,1752,8760,Annual residential load is unavailable.
6765,6765,-18.19784087,124.94597299,28.35730671,0.5881428,0.02940714,28.94544952,32.15171093,0.51877014,0.02593851,32.67048107,0.14819687,16.49462,8,50.0,0.27777778,43.33333333,40,1752,8760,
6770,6770,-19.22644643,127.59402973,27.00380492,0.77683877,0.03884194,27.78064368,31.08599642,0.43347857,0.02167393,31.51947499,0.11067811,31.76129,1,50.0,0.0,43.61111111,24,1752,8760,
6798,6798,-10.48535547,105.63647067,,,,,,,,,,1550.04871,0,50.0,,,,,,Annual residential load is unavailable. Representative-hour air-temperature data are unavailable. No postcode zonal mean is available from the ΔT20 EBK prediction-standard-error raster.
6799,6799,-12.18418686,96.82866035,,,,,,,,,,2123.95683,0,50.0,,,,,,Annual residential load is unavailable. Representative-hour air-temperature data are unavailable. No postcode zonal mean is available from the ΔT20 EBK prediction-standard-error raster.
7000,7000,-42.87703522,147.31531158,8.70721831,0.30411425,0.01520571,9.01133256,13.00212898,0.56730828,0.02836541,13.56943727,,7.50218,5,50.0,36.11111111,2.22222222,99,1752,8760,No postcode zonal mean is available from the ΔT20 EBK prediction-standard-error raster.
7004,7004,-42.89790872,147.28553675,8.46994238,0.30254684,0.01512734,8.77248922,12.27067095,0.56311178,0.02815559,12.83378273,,8.20448,5,50.0,32.22222222,2.77777778,63,1752,8760,No postcode zonal mean is available from the ΔT20 EBK prediction-standard-error raster.
7005,7005,-42.91090564,147.33602137,8.60613918,0.30361438,0.01518072,8.90975356,12.25671468,0.56132845,0.02806642,12.81804313,,11.46899,5,50.0,38.05555556,2.5,88,1752,8760,No postcode zonal mean is available from the ΔT20 EBK prediction-standard-error raster.
7007,7007,-42.91969437,147.32211324,8.7779115,0.302921,0.01514605,9.0808325,12.09600512,0.55928326,0.02796416,12.65528838,,11.66388,5,50.0,33.05555556,3.33333333,26,1752,8760,No postcode zonal mean is available from the ΔT20 EBK prediction-standard-error raster.
7008,7008,-42.86646136,147.284894,8.72651746,0.30260763,0.01513038,9.02912508,13.18315899,0.57150178,0.02857509,13.75466077,,5.02799,5,50.0,36.38888889,2.22222222,190,1752,8760,No postcode zonal mean is available from the ΔT20 EBK prediction-standard-error raster.
7009,7009,-42.84219117,147.29751928,9.30952168,0.30404549,0.01520227,9.61356717,13.58617357,0.57753175,0.02887659,14.16370533,0.28978142,4.05828,5,50.0,34.72222222,1.66666667,127,1752,8760,
7010,7010,-42.83639207,147.26192937,8.29287672,0.30132636,0.01506632,8.59420308,13.44684739,0.58948159,0.02947408,14.03632898,,1.22862,5,50.0,32.5,1.66666667,238,1752,8760,No postcode zonal mean is available from the ΔT20 EBK prediction-standard-error raster.
7011,7011,-42.7931997,147.22789559,9.10566349,0.29689661,0.01484483,9.4025601,12.92436518,0.53693002,0.0268465,13.4612952,0.32240528,4.36794,5,50.0,35.0,1.11111111,578,1752,8760,
7012,7012,-42.83620859,147.17934643,8.46053017,0.29661231,0.01483062,8.75714248,10.8143614,0.53403788,0.02670189,11.34839928,0.31021097,5.93642,5,50.0,34.72222222,1.94444444,16,1752,8760,
7015,7015,-42.83768214,147.35912167,12.36701711,0.30961739,0.01548087,12.6766345,13.28907021,0.5598843,0.02799422,13.84895451,0.32531592,8.84447,5,50.0,36.66666667,1.38888889,204,1752,8760,
7016,7016,-42.80896365,147.3724043,12.76849981,0.31292022,0.01564601,13.08142004,13.28913446,0.54930572,0.02746529,13.83844018,,10.10698,5,50.0,34.72222222,1.11111111,187,1752,8760,No postcode zonal mean is available from the ΔT20 EBK prediction-standard-error raster.
7017,7017,-42.75574369,147.29284938,12.13087498,0.29829622,0.01491481,12.4291712,13.39123114,0.47831901,0.02391595,13.86955015,0.32335089,8.76925,5,50.0,36.94444444,1.11111111,373,1752,8760,
7018,7018,-42.85963179,147.39014525,13.59817314,0.30889627,0.01544481,13.90706941,13.20686192,0.56183059,0.02809153,13.76869251,,11.83086,5,50.0,36.11111111,1.94444444,482,1752,8760,No postcode zonal mean is available from the ΔT20 EBK prediction-standard-error raster.
7019,7019,-42.89469487,147.4399928,13.58249772,0.30775695,0.01538785,13.89025467,13.08732865,0.56331814,0.02816591,13.65064679,,17.04401,5,50.0,35.55555556,1.11111111,721,1752,8760,No postcode zonal mean is available from the ΔT20 EBK prediction-standard-error raster.
7020,7020,-42.97036865,147.49566381,13.60872364,0.30117792,0.0150589,13.90990156,12.57283084,0.56014184,0.02800709,13.13297268,0.37486009,23.71331,2,50.0,36.11111111,2.22222222,51,1752,8760,
7021,7021,-42.90944799,147.4862882,13.60872364,0.30530305,0.01526515,13.91402669,12.42091015,0.56493176,0.02824659,12.98584191,,17.65733,2,50.0,35.27777778,1.66666667,48,1752,8760,No postcode zonal mean is available from the ΔT20 EBK prediction-standard-error raster.
7022,7022,-43.02588029,147.42377221,,0.29946275,0.01497314,,12.02189636,0.55076779,0.02753839,12.57266415,,26.05189,2,50.0,36.66666667,1.66666667,18,1752,8760,No postcode zonal mean is available from the ΔT20 EBK prediction-standard-error raster.
7023,7023,-42.99251135,147.41272736,,0.30055095,0.01502755,,11.75249672,0.5524378,0.02762189,12.30493452,,22.47789,2,50.0,35.83333333,1.94444444,50,1752,8760,No postcode zonal mean is available from the ΔT20 EBK prediction-standard-error raster.
7024,7024,-42.94851939,147.52260788,,0.30147982,0.01507399,,12.66596413,0.56367471,0.02818374,13.22963883,,20.79994,2,50.0,35.27777778,3.05555556,12,1752,8760,No postcode zonal mean is available from the ΔT20 EBK prediction-standard-error raster.
7025,7025,-42.74063643,147.41319131,12.89711753,0.32677856,0.01633893,13.22389609,13.98792243,0.5150346,0.02575173,14.50295703,0.32372494,13.89762,5,50.0,36.11111111,1.94444444,55,1752,8760,
7026,7026,-42.61747264,147.43654843,12.17071972,0.28000684,0.01400034,12.45072656,12.7957789,0.4343061,0.02171531,13.230085,0.335507,20.26438,5,50.0,38.33333333,1.11111111,71,1752,8760,
7027,7027,-42.5220067,147.35812264,11.41321261,0.23476954,0.01173848,11.64798214,12.11779775,0.31731123,0.01586556,12.43510897,0.33785149,14.50422,10,50.0,,,,1752,8760,Annual residential load is unavailable.
7030,7030,-42.26683285,147.02637187,10.83369165,0.31173085,0.01558654,11.14542249,10.89272295,0.28218195,0.0141091,11.1749049,0.34530169,28.21201,13,50.0,42.22222222,0.55555556,753,1752,8760,
7050,7050,-42.96406825,147.29343541,9.60661635,0.30085102,0.01504255,9.90746737,11.97861986,0.5477806,0.02738903,12.52640047,,15.45877,2,50.0,35.27777778,1.38888889,582,1752,8760,No postcode zonal mean is available from the ΔT20 EBK prediction-standard-error raster.
7052,7052,-43.0075755,147.31819636,10.28025087,0.2999446,0.01499723,10.58019546,11.76972694,0.54391147,0.02719557,12.31363842,,20.64215,2,50.0,35.27777778,1.38888889,126,1752,8760,No postcode zonal mean is available from the ΔT20 EBK prediction-standard-error raster.
7053,7053,-42.95059874,147.34017176,,0.30223688,0.01511184,,11.46763732,0.55458886,0.02772944,12.02222618,,15.38344,2,50.0,33.88888889,2.22222222,40,1752,8760,No postcode zonal mean is available from the ΔT20 EBK prediction-standard-error raster.
7054,7054,-42.88407089,147.14650937,9.60309599,0.29967926,0.01498396,9.90277524,10.13504747,0.52382224,0.02619111,10.65886971,0.37256581,10.54799,5,50.0,33.88888889,1.66666667,190,1752,8760,
7055,7055,-43.00157001,147.29569325,10.20890331,0.29979362,0.01498968,10.50869693,12.29732704,0.54155156,0.02707758,12.8388786,,19.57983,2,50.0,30.83333333,1.11111111,37,1752,8760,No postcode zonal mean is available from the ΔT20 EBK prediction-standard-error raster.
7109,7109,-42.99043835,146.92944055,10.99740975,0.30284561,0.01514228,11.30025536,10.441658,0.46907321,0.02345366,10.91073121,0.41879948,31.80755,1,50.0,33.61111111,1.38888889,317,1752,8760,
7112,7112,-43.1723366,147.13331199,11.96993751,0.30239285,0.01511964,12.27233037,10.96360575,0.50380195,0.0251901,11.4674077,0.4232109,39.42013,1,50.0,34.16666667,1.38888889,188,1752,8760,
7113,7113,-43.08251571,146.98345232,11.85631502,0.30218767,0.01510938,12.15850268,11.02577544,0.48071519,0.02403576,11.50649063,0.4096497,35.68243,1,50.0,34.16666667,1.11111111,29,1752,8760,
7116,7116,-43.19098883,146.53616348,10.49447288,0.32631115,0.01631556,10.82078403,9.83316296,0.39452299,0.01972615,10.22768594,0.41218641,70.7569,0,50.0,33.05555556,1.38888889,98,1752,8760,
7117,7117,-43.29795302,147.01476221,11.91872997,0.30336842,0.01516842,12.22209839,10.95072114,0.48741261,0.02437063,11.43813375,,55.62766,0,50.0,33.88888889,1.66666667,52,1752,8760,No postcode zonal mean is available from the ΔT20 EBK prediction-standard-error raster.
7119,7119,-42.39494515,147.38529658,10.91335643,0.19171871,0.00958594,11.10507514,11.56958468,0.28820255,0.01441013,11.85778723,,19.55169,15,50.0,,,,1752,8760,Annual residential load is unavailable. No postcode zonal mean is available from the ΔT20 EBK prediction-standard-error raster.
7120,7120,-42.32551911,147.50465098,11.17854201,0.2219649,0.01109825,11.40050691,11.87528389,0.34219825,0.01710991,12.21748213,0.33711002,26.35341,14,50.0,43.61111111,0.55555556,44,1752,8760,
7139,7139,-42.75433796,146.10974429,10.67139239,0.29751436,0.01487572,10.96890675,9.71399206,0.34602116,0.01730106,10.06001322,0.38661271,26.85116,1,50.0,26.11111111,1.38888889,16,1752,8760,
7140,7140,-42.65919396,146.81541179,10.00652238,0.36651501,0.01832575,10.37303738,9.86512249,0.38195144,0.01909757,10.24707393,0.38280936,34.0952,4,50.0,44.44444444,0.83333333,390,1752,8760,
7150,7150,-43.32926177,147.29456918,11.88331307,0.301669,0.01508345,12.18498207,10.83908716,0.51387088,0.02569354,11.35295804,0.42800016,55.79253,0,50.0,33.61111111,2.5,117,1752,8760,
7155,7155,-43.12784403,147.22939956,11.55824846,0.30254292,0.01512715,11.86079138,11.60269414,0.51832329,0.02591616,12.12101744,,33.33352,2,50.0,34.44444444,1.66666667,26,1752,8760,No postcode zonal mean is available from the ΔT20 EBK prediction-standard-error raster.
7162,7162,-43.16646849,147.21731351,11.86071907,0.30234584,0.01511729,12.1630649,11.25615803,0.51444794,0.0257224,11.77060596,0.4153305,37.68237,1,50.0,36.94444444,2.22222222,16,1752,8760,
7163,7163,-43.22164511,147.23376114,12.11173439,0.3020924,0.01510462,12.41382679,10.77196432,0.51350787,0.02567539,11.28547219,,43.7392,1,50.0,30.83333333,2.22222222,10,1752,8760,No postcode zonal mean is available from the ΔT20 EBK prediction-standard-error raster.
7170,7170,-42.82847897,147.44043307,13.38556882,0.31349283,0.01567464,13.69906165,13.2449896,0.56009754,0.02800488,13.80508713,0.33494619,13.31266,5,50.0,36.66666667,1.66666667,133,1752,8760,
7171,7171,-42.76875021,147.50290392,13.30322311,0.32631086,0.01631554,13.62953396,14.20442894,0.55374175,0.02768709,14.75817069,0.30242264,6.28333,5,50.0,36.11111111,1.11111111,135,1752,8760,
7172,7172,-42.73259099,147.63314287,13.15702672,0.3005234,0.01502617,13.45755012,12.49389333,0.56192998,0.0280965,13.05582331,0.3169042,5.74061,5,50.0,35.55555556,0.83333333,399,1752,8760,
7173,7173,-42.83702401,147.67690895,13.28270125,0.29654107,0.01482705,13.57924232,13.07824537,0.57710346,0.02885517,13.65534884,0.36224619,11.16929,2,50.0,36.11111111,1.94444444,241,1752,8760,
7174,7174,-42.82929635,147.77528705,13.32917274,0.28811616,0.01440581,13.6172889,12.66736609,0.57757694,0.02887885,13.24494302,,17.42381,2,50.0,,,,1752,8760,Annual residential load is unavailable. No postcode zonal mean is available from the ΔT20 EBK prediction-standard-error raster.
7175,7175,-42.76916785,147.85996989,13.40187409,0.27841435,0.01392072,13.68028844,12.02952522,0.58093964,0.02904698,12.61046486,0.37706688,22.87253,1,50.0,,,,1752,8760,Annual residential load is unavailable.
7176,7176,-42.76341441,147.79153786,13.34800303,0.28311702,0.01415585,13.63112006,11.91917283,0.57737828,0.02886891,12.49655111,0.35950777,17.28772,2,50.0,,,,1752,8760,Annual residential load is unavailable.
7177,7177,-42.89836145,147.93359947,13.26963519,0.28392745,0.01419637,13.55356265,12.51271817,0.57681179,0.02884059,13.08952997,0.39256348,32.37657,1,50.0,35.27777778,1.38888889,16,1752,8760,
7178,7178,-42.95409163,147.9054121,13.09292865,0.28227661,0.01411383,13.37520527,11.57407427,0.57353017,0.02867651,12.14760445,0.40441866,33.77533,1,50.0,36.66666667,2.22222222,17,1752,8760,
7179,7179,-43.00455581,147.91358149,12.91410883,0.28318886,0.01415944,13.19729768,11.23677025,0.5692174,0.02846087,11.80598764,0.42128795,37.97221,1,50.0,33.61111111,2.77777778,32,1752,8760,
7180,7180,-43.06835696,147.86541294,12.80082431,0.28587116,0.01429356,13.08669547,11.25491647,0.56377301,0.02818865,11.81868947,,40.86118,1,50.0,,,,1752,8760,Annual residential load is unavailable. No postcode zonal mean is available from the ΔT20 EBK prediction-standard-error raster.
7182,7182,-43.11403746,147.90192409,12.53117089,0.28517823,0.01425891,12.81634912,11.00084844,0.55914923,0.02795746,11.55999767,0.439182,46.72649,1,50.0,,,,1752,8760,Annual residential load is unavailable.
7183,7183,-43.15332555,147.77528364,12.73091992,0.28882101,0.01444105,13.01974093,11.41073714,0.55415916,0.02770796,11.9648963,,45.88962,1,50.0,,,,1752,8760,Annual residential load is unavailable. No postcode zonal mean is available from the ΔT20 EBK prediction-standard-error raster.
7184,7184,-43.15835975,147.72209607,12.74672977,0.28985222,0.01449261,13.03658199,11.37965019,0.55489715,0.02774486,11.93454734,0.42773436,45.11521,1,50.0,35.55555556,2.22222222,94,1752,8760,
7185,7185,-43.05773197,147.75843517,12.90742922,0.28976517,0.01448826,13.19719439,12.28393573,0.5626397,0.02813199,12.84657544,,35.52961,2,50.0,,,,1752,8760,Annual residential load is unavailable. No postcode zonal mean is available from the ΔT20 EBK prediction-standard-error raster.
7186,7186,-43.02628354,147.68207958,13.15761771,0.29306792,0.0146534,13.45068563,11.92695195,0.56448531,0.02822427,12.49143726,0.39784831,30.09411,2,50.0,,,,1752,8760,Annual residential load is unavailable.
7187,7187,-43.07961928,147.8176296,12.81257629,0.28759715,0.01437986,13.10017344,11.69485555,0.56215475,0.02810774,12.2570103,0.42679444,39.86758,1,50.0,,,,1752,8760,Annual residential load is unavailable.
7190,7190,-42.63724722,147.86259375,12.491113,0.24345551,0.01217278,12.73456851,12.52732769,0.55515352,0.02775768,13.08248121,0.36058158,27.19725,2,50.0,35.83333333,1.66666667,275,1752,8760,
7209,7209,-42.12387337,147.62537192,11.05970056,0.24603539,0.01230177,11.30573595,11.86012723,0.3205387,0.01602694,12.18066593,0.31882674,11.03922,14,50.0,,,,1752,8760,Annual residential load is unavailable.
7210,7210,-41.92047224,147.5798575,10.97734097,0.25413953,0.01270698,11.23148051,11.64027417,0.24744367,0.01237218,11.88771784,0.32568738,13.5428,19,50.0,41.94444444,0.83333333,56,1752,8760,
7211,7211,-41.79642436,147.41991651,11.75615808,0.25648039,0.01282402,12.01263847,12.97152994,0.16903179,0.00845159,13.14056173,0.3222266,8.00512,21,50.0,,,,1752,8760,Annual residential load is unavailable.
7212,7212,-41.56364668,147.48900243,12.01830579,0.22763714,0.01138186,12.24594294,10.8256762,0.20806154,0.01040308,11.03373774,0.34615238,20.69458,17,50.0,44.44444444,1.11111111,18,1752,8760,
7213,7213,-41.85275305,147.87198801,11.38191687,0.20344667,0.01017233,11.58536355,11.48376107,0.27408701,0.01370435,11.75784808,0.365076,36.53178,10,50.0,48.61111111,1.66666667,10,1752,8760,
7214,7214,-41.52471768,147.90017718,12.14127209,0.16920728,0.00846036,12.31047938,10.99505014,0.23766327,0.01188316,11.23271341,0.35895825,20.26564,2,50.0,44.72222222,0.27777778,12,1752,8760,
7215,7215,-41.75337438,148.22138138,13.32370918,0.17178327,0.00858916,13.49549245,12.12225605,0.33909625,0.01695481,12.46135231,0.36659487,21.14164,1,50.0,27.22222222,1.38888889,304,1752,8760,
7216,7216,-41.27399493,148.11461095,13.37401393,0.17065271,0.00853264,13.54466665,11.85068894,0.26180518,0.01309026,12.11249412,0.38480211,33.47749,2,50.0,26.94444444,1.11111111,194,1752,8760,
7248,7248,-41.39202065,147.14596344,13.20872268,0.27589374,0.01379469,13.48461642,13.33395794,0.22986851,0.01149343,13.56382646,,21.85446,12,50.0,32.77777778,2.5,259,1752,8760,No postcode zonal mean is available from the ΔT20 EBK prediction-standard-error raster.
7249,7249,-41.47127039,147.1622918,12.85024963,0.26807106,0.01340355,13.11832069,14.06039017,0.21042642,0.01052132,14.27081659,,13.84149,16,50.0,37.22222222,2.5,403,1752,8760,No postcode zonal mean is available from the ΔT20 EBK prediction-standard-error raster.
7250,7250,-41.43004026,147.05531301,12.92026339,0.27052335,0.01352617,13.19078674,13.16532718,0.21477795,0.0107389,13.38010513,0.33638264,14.29854,18,50.0,36.38888889,2.77777778,892,1752,8760,
7252,7252,-41.14502082,147.04323303,13.47785314,0.3415633,0.01707816,13.81941644,12.42313749,0.29358308,0.01467915,12.71672058,0.37496998,37.49828,14,50.0,46.38888889,0.83333333,115,1752,8760,
7253,7253,-41.09683163,146.89544535,13.59134701,0.40174222,0.02008711,13.99308923,12.75853568,0.31097817,0.01554891,13.06951384,0.37207785,32.69357,14,50.0,26.38888889,0.83333333,282,1752,8760,
7254,7254,-41.12496544,147.2216174,13.2791836,0.2955752,0.01477876,13.5747588,11.99590191,0.30063012,0.01503151,12.29653203,0.36633077,22.4371,3,50.0,28.33333333,0.27777778,12,1752,8760,
7255,7255,-40.00966144,148.06580394,14.42274459,0.42328602,0.0211643,14.84603061,13.70517566,0.44097593,0.0220488,14.14615159,0.47762715,131.3301,0,50.0,29.16666667,0.27777778,36,1752,8760,
7256,7256,-39.86404835,143.98570443,13.84101269,0.65618621,0.03280931,14.4971989,13.26919601,0.81648814,0.04082441,14.08568416,0.35904464,124.13351,0,50.0,28.05555556,1.11111111,38,1752,8760,
7257,7257,-40.39646521,148.24165969,14.55805508,0.34093542,0.01704677,14.8989905,13.92539209,0.40256769,0.02012838,14.32795977,0.48882933,95.82583,0,50.0,,,,1752,8760,Annual residential load is unavailable.
7258,7258,-41.52008528,147.25962616,12.51267296,0.25686053,0.01284303,12.76953349,12.99749144,0.20812664,0.01040633,13.20561808,0.32798362,12.77802,16,50.0,42.77777778,1.66666667,14,1752,8760,
7259,7259,-41.36312834,147.39330921,12.59364326,0.22998103,0.01149905,12.82362429,9.56580766,0.24108124,0.01205406,9.8068889,0.3526071,28.7938,11,50.0,,,,1752,8760,Annual residential load is unavailable.
7260,7260,-41.15867866,147.51910951,12.73828511,0.20471034,0.01023552,12.94299545,11.51383957,0.28574534,0.01428727,11.7995849,0.31991796,5.52789,2,50.0,41.94444444,2.77777778,59,1752,8760,
7261,7261,-41.1332362,147.71180918,12.88859705,0.13660993,0.0068305,13.02520698,10.72152574,0.22157906,0.01107895,10.9431048,0.29854029,3.00762,2,50.0,,,,1752,8760,Annual residential load is unavailable.
7262,7262,-40.93571294,147.71060215,13.28053006,0.25088365,0.01254418,13.53141371,12.66783046,0.30978436,0.01548922,12.97761482,0.36696558,24.96508,2,50.0,28.61111111,1.38888889,70,1752,8760,
7263,7263,-41.27304526,147.72350616,12.56119352,0.15852087,0.00792604,12.71971439,9.95634326,0.23081988,0.01154099,10.18716314,0.3442283,12.56947,3,50.0,,,,1752,8760,Annual residential load is unavailable.
7264,7264,-41.00474605,148.04630444,13.79692907,0.19873154,0.00993658,13.99566061,12.05142181,0.28392293,0.01419615,12.33534473,0.40683409,32.74716,2,50.0,25.55555556,1.94444444,37,1752,8760,
7265,7265,-41.0318389,147.81979769,13.31794695,0.18690822,0.00934541,13.50485517,11.90106286,0.26725217,0.01336261,12.16831503,0.35818431,16.7826,2,50.0,,,,1752,8760,Annual residential load is unavailable.
7267,7267,-41.26534869,147.13862366,13.35640456,0.29745623,0.01487281,13.65386079,11.89409587,0.26417314,0.01320866,12.15826901,0.35782734,32.39904,13,50.0,,,,1752,8760,Annual residential load is unavailable.
7268,7268,-41.29213645,147.2195186,13.17144307,0.2723146,0.01361573,13.44375767,10.69454921,0.25814156,0.01290708,10.95269077,0.35545486,29.98741,12,50.0,44.72222222,1.11111111,24,1752,8760,
7270,7270,-41.15476993,146.72610904,13.30525012,0.44210449,0.02210522,13.74735461,12.58587067,0.30840355,0.01542018,12.89427422,0.36166373,17.11862,16,50.0,27.77777778,0.83333333,127,1752,8760,
7275,7275,-41.31060525,146.89541647,12.78661792,0.35793321,0.01789666,13.14455113,11.68676708,0.26137676,0.01306884,11.94814384,0.33616669,21.4576,23,50.0,26.94444444,0.55555556,86,1752,8760,
7276,7276,-41.28261251,146.9635529,13.22772916,0.33346707,0.01667335,13.56119623,12.91909218,0.26105216,0.01305261,13.18014434,,24.85888,23,50.0,29.72222222,1.11111111,14,1752,8760,No postcode zonal mean is available from the ΔT20 EBK prediction-standard-error raster.
7277,7277,-41.36609235,146.99401294,13.08322194,0.29938327,0.01496916,13.38260521,12.59434924,0.23060016,0.01153001,12.82494941,0.32844061,16.62542,24,50.0,36.66666667,2.22222222,251,1752,8760,
7290,7290,-41.51115872,147.05994479,12.72641858,0.27336702,0.01366835,12.9997856,12.97552935,0.19386683,0.00969334,13.16939618,,8.62895,17,50.0,46.11111111,0.27777778,89,1752,8760,No postcode zonal mean is available from the ΔT20 EBK prediction-standard-error raster.
7291,7291,-41.54366574,147.01816867,12.41746783,0.2757487,0.01378743,12.69321653,12.91226864,0.18806876,0.00940344,13.1003374,0.28491229,7.74384,17,50.0,45.83333333,0.55555556,87,1752,8760,
7292,7292,-41.471978,146.93328072,12.4223211,0.27557777,0.01377889,12.69789887,12.45168471,0.19282236,0.00964112,12.64450707,0.3003509,3.80964,22,50.0,,,,1752,8760,Annual residential load is unavailable.
7300,7300,-41.63078039,147.22585133,12.23892568,0.26941624,0.01347081,12.50834192,12.95562935,0.18347205,0.0091736,13.1391014,0.25348061,2.31018,17,50.0,45.0,0.27777778,213,1752,8760,
7301,7301,-41.6095264,147.0987494,11.40784071,0.31187815,0.01559391,11.71971885,12.01214088,0.2181495,0.01090747,12.23029038,0.29796475,2.80612,17,50.0,42.77777778,0.27777778,226,1752,8760,
7302,7302,-41.77297374,147.06650763,11.56123473,0.32432562,0.01621628,11.88556036,12.57535604,0.21825844,0.01091292,12.79361449,0.31681925,10.53362,24,50.0,45.27777778,0.55555556,80,1752,8760,
7303,7303,-41.53127055,146.82911429,11.58134431,0.2879348,0.01439674,11.86927912,12.12157246,0.19291625,0.00964581,12.31448871,0.29668077,6.67184,23,50.0,44.72222222,0.55555556,186,1752,8760,
7304,7304,-41.72789489,146.48821199,9.34633468,0.36100767,0.01805038,9.70734235,9.12781175,0.28842902,0.01442145,9.41624076,0.33583422,17.7104,9,50.0,44.72222222,0.55555556,204,1752,8760,
7305,7305,-41.35642413,146.42900638,11.84893799,0.26327446,0.01316372,12.11221245,11.96891763,0.15587355,0.00779368,12.12479118,0.29456425,9.87729,22,50.0,44.44444444,1.11111111,31,1752,8760,
7306,7306,-41.70849294,146.06417396,9.46267604,0.33962688,0.01698134,9.80230292,9.05713743,0.26340547,0.01317027,9.3205429,0.35236404,37.19193,5,50.0,42.22222222,0.83333333,108,1752,8760,
7307,7307,-41.23810325,146.44834117,12.69612636,0.47254258,0.02362713,13.16866894,12.31412425,0.28704407,0.0143522,12.60116832,0.28118325,2.44341,22,50.0,28.05555556,0.55555556,595,1752,8760,
7310,7310,-41.21459349,146.3006456,11.83119262,0.28535269,0.01426763,12.11654531,11.65908753,0.16864088,0.00843204,11.82772841,0.30598916,8.34968,21,50.0,27.5,0.83333333,602,1752,8760,
7315,7315,-41.31775724,146.05372627,11.61800174,0.22813843,0.01140692,11.84614017,10.71585538,0.15942877,0.00797144,10.87528415,0.30126213,3.4692,21,50.0,27.22222222,0.83333333,419,1752,8760,
7316,7316,-41.21852544,145.97365669,12.18643693,0.21687201,0.0108436,12.40330894,11.12263831,0.13212846,0.00660642,11.25476677,0.28730956,1.7648,19,50.0,28.33333333,0.83333333,226,1752,8760,
7320,7320,-41.07315486,145.89754472,13.09789258,0.25316353,0.01265818,13.35105611,12.98302996,0.18551372,0.00927569,13.16854368,0.30865777,10.31032,10,50.0,26.11111111,0.83333333,365,1752,8760,
7321,7321,-41.38368993,145.59756882,10.72138826,0.35932216,0.01796611,11.08071042,9.92940197,0.33372423,0.01668621,10.2631262,0.34933239,26.20059,8,50.0,35.27777778,1.11111111,104,1752,8760,
7322,7322,-41.05531634,145.80062152,12.56419488,0.28047408,0.0140237,12.84466895,12.65185496,0.22166423,0.01108321,12.87351918,,15.05886,8,50.0,32.22222222,1.11111111,47,1752,8760,No postcode zonal mean is available from the ΔT20 EBK prediction-standard-error raster.
7325,7325,-41.09177026,145.60622587,11.80441931,0.32181748,0.01609087,12.1262368,10.84864145,0.29196701,0.01459835,11.14060846,0.34145616,12.59473,12,50.0,35.83333333,1.11111111,274,1752,8760,
7330,7330,-40.92712659,144.95606401,12.60188266,0.58470819,0.02923541,13.18659085,11.60731117,0.82082247,0.04104112,12.42813365,0.34161059,4.91445,13,50.0,33.61111111,1.11111111,101,1752,8760,
7331,7331,-40.75888842,145.27442564,,0.56420657,0.02821033,,12.34340154,0.6631879,0.03315939,13.00658944,,14.87945,14,50.0,37.77777778,1.11111111,11,1752,8760,No postcode zonal mean is available from the ΔT20 EBK prediction-standard-error raster.
7466,7466,-42.07879473,145.61907697,8.52886243,0.44306945,0.02215347,8.97193188,10.32857704,0.41530074,0.02076504,10.74387778,0.39373767,34.72665,1,50.0,,,,1752,8760,Annual residential load is unavailable.
7467,7467,-42.07808637,145.54517473,8.91614062,0.44618832,0.02230942,9.36232893,10.39929991,0.42508558,0.02125428,10.82438549,0.40113039,34.49127,1,50.0,31.38888889,3.33333333,10,1752,8760,
7468,7468,-42.16685346,145.37660891,11.34368788,0.42675083,0.02133754,11.7704387,10.48227963,0.43722632,0.02186132,10.91950595,0.41292396,47.12996,1,50.0,,,,1752,8760,Annual residential load is unavailable.
7469,7469,-41.77782467,145.16536354,10.04918623,0.44202402,0.0221012,10.49121025,10.17690108,0.47349515,0.02367476,10.65039623,0.38414699,33.68665,1,50.0,29.44444444,1.11111111,15,1752,8760,
7470,7470,-41.79332014,145.53022513,6.84451441,0.55852463,0.02792623,7.40303904,9.84372974,0.47779634,0.02388982,10.32152608,0.33518177,4.38843,1,50.0,,,,1752,8760,Annual residential load is unavailable.
